Year,Make,Model,Vehicle Class,Engine Size (L),Cylinders,Transmission,Fuel Type,Fuel Consumption (City) (L/100 km),Fuel Consumption (Hwy) (L/100 km),Fuel Consumption (Comb) (L/100 km),Fuel Consumption (Comb) (mpg),CO2 Emissions (g/km),CO2 Rating,Smog Rating,CO2_Rating,Smog_Rating
2023,Chevrolet,Tahoe,SUV: Standard,3,6,A10,D,11,8.5,9.9,29,265,4,3,3,7
2023,Cadillac,CT4,Compact,2.7,4,AS10,Z,11,7.6,9.5,30,221,5,6,5,8
2023,Ford,F-150 Raptor 37 4X4,Pickup truck: Standard,3.5,6,AS10,X,16,14.4,15.3,18,359,2,6,1,4
2023,Dodge,Challenger SRT Hellcat,Mid-size,6.2,8,A8,Z,17.6,10.7,14.5,19,339,3,1,1,6
2023,BMW,M4 Coupe,Subcompact,3,6,M6,Z,14.7,10.1,12.6,22,293,4,5,2,6
2023,Toyota,RAV4 AWD (Stop/Start),SUV: Small,2.5,4,AS8,X,8.8,7.1,8,35,187,6,6,6,8
2023,Bugatti,Chiron,Two-seater,8,16,AM7,Z,26.8,16.6,22.2,13,522,1,1,1,3
2023,Hyundai,Tucson AWD,SUV: Small,2.5,4,AS8,X,10.1,8.3,9.3,30,218,5,7,5,7
2023,Mercedes-Benz,AMG GLS 63 4MATIC+ SUV,SUV: Standard,4,8,A9,Z,16.6,13.2,15.1,19,354,3,5,1,5
2023,Ford,Mustang Convertible,Subcompact,2.3,4,AS10,X,12,8.5,10.4,27,244,5,5,4,7
2023,Jeep,Wrangler JL Unlimited 4X4,SUV: Small,3.6,6,A8,X,12.9,10.2,11.7,24,275,4,7,3,6
2023,Acura,TLX Type S,Compact,3,6,AS10,Z,12.3,9.4,11,26,256,5,5,3,7
2023,Chevrolet,Silverado 4WD Mud Terrain Tire FFV,Pickup truck: Standard,5.3,8,A10,X,15.2,12.2,13.9,20,326,3,5,1,5
2023,Ford,F-150 4X4 FFV,Pickup truck: Standard,3.3,6,AS10,X,12.6,10.7,11.8,24,277,4,6,2,6
2023,GMC,Yukon,SUV: Standard,5.3,8,A10,X,15.8,11.8,14,20,327,3,6,1,6
2023,Subaru,Impreza 5-Door AWD,Station wagon: Small,2,4,AV7,X,8.4,6.6,7.6,37,178,6,7,6,8
2023,MINI,Cooper Countryman ALL4,Mid-size,1.5,3,AS8,Z,10.1,7.6,9,31,209,5,7,5,8
2023,Lamborghini,Urus S,SUV: Standard,4,8,AS8,Z,16.6,12.5,14.8,19,345,3,3,1,5
2023,Lexus,RX 500h AWD,SUV: Small,2.4,4,AS6,Z,8.7,8.4,8.6,33,199,6,7,6,7
2023,Maserati,Levante Modena,SUV: Standard,3,6,A8,Z,15.1,10.9,13.2,21,308,4,3,1,6
NA,AWD = All-wheel drive,NA,NA,NA,NA,NA,NA,NA,NA,NA,NA,NA,NA,NA,NA,NA
2023,Rolls-Royce,Ghost Extended,Full-size,6.7,12,AS8,Z,19.9,12.7,16.7,17,388,2,3,1,5
2023,GMC,Yukon 4WD,SUV: Standard,5.3,8,A10,X,15.8,11.8,14,20,327,3,6,1,6
2023,Honda,Civic Sedan Si,Mid-size,1.5,4,M6,Z,8.7,6.4,7.7,37,180,6,6,6,9
2023,Volkswagen,Jetta,Compact,1.5,4,M6,X,8.2,5.6,7,40,165,7,7,7,9
2023,GMC,Sierra 4WD AT4X,Pickup truck: Standard,6.2,8,A10,Z,16.7,14,15.5,18,364,2,6,1,4
2023,Jeep,Cherokee 4X4 Trailhawk Active Drive Lock,SUV: Small,2,4,A9,X,11.8,9.2,10.6,27,249,5,5,4,7
2023,Acura,MDX SH-AWD Type S,SUV: Standard,3,6,AS10,Z,13.8,11.2,12.4,23,291,4,5,2,6
2023,Ford,F-150 4X4 (Without Stop-Start),Pickup truck: Standard,3.5,6,AS10,X,14.6,11,13,22,308,4,6,1,6
2023,Jeep,Wagoneer 4X4,SUV: Standard,5.7,8,A8,X,15.6,11.7,13.8,20,324,3,5,1,6
2023,Audi,A5 Sportback 45 TFSI quattro,Mid-size,2,4,AM7,Z,9.7,7.4,8.7,32,203,5,5,5,8
2023,BMW,X3 M Competition,SUV: Small,3,6,AS8,Z,15.7,11.7,13.9,20,323,3,3,1,6
2023,GMC,Sierra 4WD,Pickup truck: Standard,6.2,8,A10,Z,15.4,12.3,14,20,330,3,6,1,5
2023,Infiniti,QX60 AWD,SUV: Standard,3.5,6,AS9,Z,11.9,9.3,10.7,26,251,5,5,3,7
2023,Ford,F-150 Tremor 4X4 FFV,Pickup truck: Standard,5,8,AS10,E,20.3,15.2,18,16,295,4,5,2,4
2023,Cadillac,Escalade 4WD,SUV: Standard,6.2,8,A10,Z,16.6,13.1,15,19,352,3,6,1,5
2023,BMW,430i xDrive Cabriolet,Subcompact,2,4,AS8,Z,10.1,7.1,8.7,32,203,5,7,5,8
2023,Chevrolet,Silverado,Pickup truck: Standard,5.3,8,A10,X,14,11.1,12.7,22,298,4,6,2,6
2023,Mercedes-Benz,GLS 600 4MATIC Maybach SUV,SUV: Standard,4,8,A9,Z,16.8,12.4,14.8,19,346,3,5,1,5
2023,Chevrolet,Colorado,Pickup truck: Small,2.7,4,A8,X,11.7,9.5,10.7,26,252,5,7,3,7
2023,Ford,Bronco Raptor 4WD,SUV: Standard,3,6,AS10,X,15.7,14.8,15.3,18,358,2,5,1,4
2023,Audi,SQ7 quattro,SUV: Standard,4,8,AS8,Z,16.1,11.3,13.9,20,325,3,3,1,6
2023,BMW,M4 CSL Coupe,Subcompact,3,6,AS8,Z,15,10.3,12.9,22,301,4,5,1,6
2023,Chevrolet,Tahoe 4WD,SUV: Standard,3,6,A10,D,11.7,9,10.5,27,281,4,3,2,7
2023,MINI,Cooper Convertible,Minicompact,1.5,3,M6,Z,8.6,6.3,7.6,37,177,6,7,6,9
2023,MINI,Cooper S 3 Door,Subcompact,2,4,M6,Z,10.3,7,8.8,32,205,5,7,5,8
2023,Ford,F-150,Pickup truck: Standard,3.5,6,AS10,X,13.4,10.2,12,24,281,4,6,2,6
2023,Ford,Bronco Black Diamond 4WD,SUV: Small,2.7,6,AS10,X,13.1,13.1,13.1,22,308,4,5,1,5
2023,Mercedes-Benz,GLS 580 4MATIC SUV,SUV: Standard,4,8,A9,Z,14.9,11.2,13.2,21,310,4,5,1,6
2023,Land Rover,Range Rover Evoque P250,SUV: Small,2,4,AS9,Z,11.9,8.8,10.5,27,247,5,7,4,7
2023,Mercedes-Benz,AMG CLA 45 4MATIC Coupe,Compact,2,4,AM8,Z,12,8.3,10.3,27,241,5,3,4,7
2023,Dodge,Challenger,Mid-size,3.6,6,A8,X,12.4,7.8,10.3,27,242,5,5,4,8
2023,Ram,1500 4X4,Pickup truck: Standard,5.7,8,A8,X,16.1,11,13.8,20,325,3,5,1,6
2023,Mercedes-Benz,CLS 450 4MATIC Coupe,Compact,3,6,A9,Z,11,8.2,9.7,29,229,5,6,4,7
2023,Toyota,GR Supra 2.0,Two-seater,2,4,AS8,Z,9.3,7.7,8.6,33,200,6,7,6,8
2023,Audi,Q5 45 TFSI quattro,SUV: Small,2,4,AM7,Z,10.6,8.2,9.5,30,223,5,5,5,7
2023,Chevrolet,Tahoe,SUV: Standard,5.3,8,A10,X,15.8,11.8,14,20,327,3,6,1,6
2023,BMW,M5 Competition Sedan,Mid-size,4.4,8,AS8,Z,16.1,11.1,13.8,20,324,3,3,1,6
2023,Maserati,MC20,Two-seater,3,6,AS8,Z,15.4,9.5,12.8,22,295,4,5,2,7
2023,Land Rover,Range Rover P530,SUV: Standard,4.4,8,AS8,Z,15.1,11.1,13.3,21,316,4,5,1,6
2023,GMC,Terrain AWD,SUV: Small,1.5,4,A9,X,9.9,8.3,9.2,31,216,5,7,5,7
2023,Jeep,Renegade 4X4,SUV: Small,1.3,4,A9,X,10.1,8.1,9.2,31,222,5,6,5,7
2023,Bentley,Continental GTC,Minicompact,4,8,AM8,Z,15.8,10.5,13.4,21,315,4,3,1,6
2023,GMC,Sierra 4WD Mud Terrain Tire,Pickup truck: Standard,6.2,8,A10,Z,16.7,14,15.5,18,364,2,6,1,4
2023,Cadillac,XT4 AWD,SUV: Small,2,4,AS9,Z,10.9,8.2,9.7,29,228,5,7,4,7
2023,Mercedes-Benz,GLB 250 4MATIC SUV,SUV: Small,2,4,AM8,Z,10.7,7.9,9.4,30,221,5,5,5,8
NA,N = natural gas,NA,NA,NA,NA,NA,NA,NA,NA,NA,NA,NA,NA,NA,NA,NA
2023,Mercedes-Benz,AMG CLS 53 4MATIC+ Coupe,Compact,3,6,A9,Z,11.6,8.8,10.3,27,241,5,6,4,7
2023,Jeep,Grand Cherokee 4X4,SUV: Standard,3.6,6,A8,X,12.3,9.2,10.9,26,256,5,7,3,7
2023,Toyota,RAV4 Hybrid AWD,SUV: Small,2.5,4,AV,X,5.8,6.3,6,47,141,7,7,8,9
2023,Ford,Explorer AWD (Without Stop-Start),SUV: Standard,2.3,4,A10,X,12,9,10.7,26,251,5,7,3,7
2023,Mazda,CX-9 4WD,SUV: Small,2.5,4,AS6,X,11.6,9.1,10.5,27,245,5,5,4,7
2023,Lexus,IS 500,Compact,5,8,AS8,Z,14.1,9.3,11.9,24,280,4,5,2,7
2023,BMW,M850i xDrive Coupe,Subcompact,4.4,8,AS8,Z,14.1,9.9,12.2,23,284,4,3,2,7
2023,Honda,CR-V AWD,SUV: Small,1.5,4,AV,X,9.1,7.6,8.4,34,197,6,6,6,8
2023,Ford,F-150 FFV (Without Stop-Start),Pickup truck: Standard,3.3,6,AS10,E,17.5,12.4,15.2,19,253,5,6,3,5
2023,Cadillac,XT5 AWD,SUV: Small,2,4,AS9,Z,11.2,8.7,10.1,28,237,5,7,4,7
2023,Dodge,Durango AWD,SUV: Standard,3.6,6,A8,X,13,9.4,11.3,25,266,4,7,3,7
2023,Land Rover,Range Rover Velar P250,SUV: Small,2,4,AS8,Z,11.5,9,10.4,27,244,5,7,4,7
2023,Ford,F-150 4X4 FFV,Pickup truck: Standard,5,8,AS10,X,14.2,10.9,12.7,22,298,4,5,2,6
2023,Audi,S3 quattro,Subcompact,2,4,AM7,Z,10.2,7.3,8.9,32,207,5,5,5,8
2023,Honda,Civic Type R,Full-size,2,4,M6,Z,10.8,8.3,9.7,29,224,5,6,5,7
2023,BMW,X5 M50i,SUV: Standard,4.4,8,AS8,Z,14.7,10.9,13,22,302,4,3,1,6
2023,Mercedes-Benz,AMG GLA 45 4MATIC SUV,Station wagon: Small,2,4,AM8,Z,12.2,9.3,10.9,26,256,5,3,3,7
2023,Jeep,Gladiator 4X4,Pickup truck: Standard,3.6,6,A8,X,13.7,10.7,12.3,23,290,4,7,2,6
2023,Audi,A4 Sedan 45 TFSI quattro,Compact,2,4,AM7,Z,9.7,7.4,8.7,32,203,5,5,5,8
2023,Ford,F-150 Raptor 37 4X4 (Without Stop-Start),Pickup truck: Standard,3.5,6,AS10,X,16.6,14.8,15.8,18,370,2,6,1,4
2023,Honda,Civic Hatchback,Full-size,2,4,M6,X,9.1,6.6,8,35,186,6,6,6,8
2023,Bentley,Bentayga,SUV: Standard,4,8,AS8,Z,16.2,11.2,14,20,328,3,3,1,6
2023,Nissan,Rogue AWD,SUV: Small,1.5,3,AV8,X,8.4,6.7,7.6,37,179,6,6,6,8
2023,Lexus,LC 500,Subcompact,5,8,AS10,Z,15.1,9.6,12.6,22,294,4,5,2,7
2023,Ford,F-150,Pickup truck: Standard,2.7,6,AS10,X,12,9.2,10.7,26,252,5,6,3,7
2023,Kia,Sportage AWD,SUV: Small,2.5,4,AS8,X,10.4,8.5,9.5,30,224,5,5,5,7
2023,Hyundai,Tucson,SUV: Small,2.5,4,AS8,X,9.4,7.4,8.5,33,200,6,7,6,8
2023,Chevrolet,Camaro,Subcompact,3.6,6,M6,X,14.4,9.1,12,24,281,4,6,2,7
2023,MINI,Cooper S 5 Door,Subcompact,2,4,M6,Z,10.3,7,8.8,32,205,5,7,5,8
2023,MINI,John Cooper Works 3 Door,Subcompact,2,4,M6,Z,10.7,7.5,9.3,30,216,5,7,5,8
2023,Honda,Odyssey,Minivan,3.5,6,AS10,X,12.2,8.5,10.6,27,248,5,5,4,7
2023,Kia,Seltos AWD,SUV: Small,2,4,AV8,X,8.8,7.6,8.2,34,195,6,5,6,8
2023,Mercedes-Benz,AMG C 43 4MATIC Coupe,Subcompact,3,6,A9,Z,12.9,8.7,11,26,257,5,5,3,7
2023,Volkswagen,Tiguan R-Line 4MOTION,SUV: Small,2,4,AS8,X,11,8.3,9.8,29,229,5,7,4,7
2023,Volkswagen,Atlas 4MOTION,SUV: Small,3.6,6,AS8,X,13.4,10.1,11.9,24,279,4,5,2,6
2023,Dodge,Challenger SRT Hellcat,Mid-size,6.2,8,M6,Z,18.1,11.4,15.1,19,352,3,1,1,6
2023,Audi,R8 Spyder Performance quattro,Two-seater,5.2,10,AM7,Z,17.7,12.8,15.5,18,361,2,1,1,5
2023,Ford,Bronco 4WD,SUV: Small,2.7,6,AS10,X,12.5,11.5,12,24,283,4,5,2,6
2023,Ford,F-150 FFV,Pickup truck: Standard,5,8,AS10,E,19.4,13.2,16.6,17,270,4,5,3,5
2023,Nissan,Qashqai,Station wagon: Small,2,4,AV8,X,8.6,7.3,8,35,188,6,6,6,8
2023,Ford,F-150 Raptor R 4X4,Pickup truck: Standard,5.2,8,AS10,X,22.8,15.9,19.7,14,460,1,5,1,4
2023,Toyota,GR Corolla,Subcompact,1.6,3,M6,Z,11.1,8.3,9.8,29,229,5,5,4,7
2023,Toyota,GR86,Minicompact,2.4,4,M6,Z,11.9,8.7,10.5,27,247,5,3,4,7
2023,GMC,Sierra FFV,Pickup truck: Standard,5.3,8,A10,E,19.6,15.3,17.7,16,293,4,5,2,4
2023,BMW,X5 M,SUV: Standard,4.4,8,AS8,Z,17.9,13,15.7,18,364,2,3,1,5
2023,Mercedes-Benz,AMG GT 63 S 4MATIC+ Coupe,Compact,4,8,A9,Z,16.1,11.4,14,20,329,3,5,1,6
2023,BMW,X4 M40i,SUV: Small,3,6,AS8,Z,10.9,9,10.1,28,235,5,5,4,7
2023,Buick,Envision AWD,SUV: Small,2,4,AS9,X,10.5,8.2,9.5,30,222,5,7,5,7
2023,GMC,Yukon 4WD,SUV: Standard,6.2,8,A10,Z,16.6,13.1,15,19,352,3,6,1,5
2023,Volkswagen,Golf R,Compact,2,4,A7,Z,10.3,7.7,9.1,31,213,5,5,5,8
2023,Honda,Civic Hatchback,Full-size,2,4,AV,X,8,6.2,7.2,39,167,6,7,7,9
2023,Dodge,Charger,Full-size,3.6,6,A8,X,12.4,7.8,10.3,27,242,5,5,4,8
2023,Ford,Mustang,Subcompact,2.3,4,A10,X,11,7.4,9.3,30,220,5,5,5,8
2023,Porsche,911 Carrera,Minicompact,3,6,AM8,Z,13.1,9.8,11.6,24,275,4,5,3,7
2023,Volvo,XC90 B6 AWD,SUV: Standard,2,4,AS8,Z,11.9,9.1,10.6,27,249,5,7,4,7
2023,Aston Martin,DBS V12,Minicompact,5.2,12,A8,Z,16.4,10.7,13.8,20,324,3,3,1,6
2023,MINI,Cooper 5 Door,Subcompact,1.5,3,AM7,Z,8.2,6.2,7.3,39,170,6,7,7,9
2023,Audi,A6 45 TFSI quattro,Mid-size,2,4,AM7,Z,10,7.5,8.9,32,207,5,5,5,8
2023,Kia,Forte,Mid-size,2,4,AV,X,8.2,6,7.2,39,170,6,7,7,9
2023,Mazda,Mazda3 5-Door,Mid-size,2.5,4,AS6,X,8.7,6.7,7.8,36,183,6,7,6,8
2023,Mercedes-Benz,AMG G 63 SUV,SUV: Standard,4,8,A9,Z,19.5,15.5,17.7,16,415,1,3,1,4
2023,Lexus,IS 350 AWD,Compact,3.5,6,AS6,Z,12.2,9,10.8,26,253,5,5,3,7
2023,Rolls-Royce,Phantom Extended,Full-size,6.7,12,AS8,Z,20.2,13.1,17,17,397,2,3,1,5
2023,GMC,Yukon,SUV: Standard,3,6,A10,D,11.2,8.7,10.1,28,272,4,3,3,7
2023,Chevrolet,Suburban 4WD,SUV: Standard,6.2,8,A10,Z,16.6,13.1,15,19,352,3,6,1,5
2023,Dodge,Charger (MDS),Full-size,6.4,8,A8,Z,15.9,9.6,13.1,22,307,4,1,1,7
2023,BMW,X6 M,SUV: Standard,4.4,8,AS8,Z,17.9,13,15.7,18,364,2,3,1,5
NA,Z = premium gasoline,NA,NA,NA,NA,NA,NA,NA,NA,NA,NA,NA,NA,NA,NA,NA
2023,Dodge,Challenger (MDS),Mid-size,6.4,8,A8,Z,15.9,9.6,13.1,22,307,4,1,1,7
NA,FFV = Flexible-fuel vehicle,NA,NA,NA,NA,NA,NA,NA,NA,NA,NA,NA,NA,NA,NA,NA
2023,Dodge,Charger SRT Hellcat Widebody,Full-size,6.2,8,A8,Z,19,11.5,15.6,18,368,2,1,1,6
2023,Cadillac,CT5-V Blackwing,Mid-size,6.2,8,M6,Z,18.4,11.4,15.2,19,368,2,3,1,6
2023,Land Rover,Range Rover Sport P360,SUV: Standard,3,6,AS8,Z,12.3,9,10.8,26,254,5,7,3,7
2023,Ford,F-150 4X4 FFV,Pickup truck: Standard,5,8,AS10,E,19.7,13.8,17.1,17,278,4,5,2,5
2023,BMW,540i xDrive Sedan,Mid-size,3,6,AS8,Z,10.5,8.1,9.4,30,219,5,5,5,7
2023,Ford,Bronco 4WD,SUV: Small,2.3,4,AS10,X,12.1,11.1,11.6,24,273,4,5,3,6
2023,BMW,X4 M Competition,SUV: Small,3,6,AS8,Z,15.7,11.7,13.9,20,323,3,3,1,6
2023,Mercedes-Benz,AMG SL 63 4MATIC+ Roadster,Minicompact,4,8,A9,Z,18.2,11.8,15.3,18,360,2,5,1,6
2023,Acura,TLX SH-AWD,Compact,2,4,AS10,Z,11.2,8,9.8,29,230,5,7,4,7
2023,Lexus,LS 500h AWD,Mid-size,3.5,6,AV10,Z,10.1,8.1,9.2,31,217,5,7,5,7
2023,Toyota,Corolla Hybrid AWD (3-mode),Compact,1.8,4,AV,X,5,5.7,5.3,53,124,8,7,9,9
2023,Genesis,G70 AWD,Compact,3.3,6,AS8,Z,13.5,9.1,11.5,25,273,4,3,3,7
2023,Hyundai,Sonata Hybrid,Full-size,2,4,AM6,X,5.3,4.6,5,56,117,8,7,9,10
2023,Chevrolet,Silverado 4WD Mud Terrain Tire,Pickup truck: Standard,3,6,A10,D,11.1,10.2,10.7,26,288,4,5,2,6
2023,Toyota,RAV4 AWD LE,SUV: Small,2.5,4,AS8,X,8.7,6.9,7.9,36,184,6,6,6,8
2023,Subaru,Forester Wilderness AWD,SUV: Small,2.5,4,AV8,X,9.5,8.3,9,31,210,5,7,5,7
CO2 rating,the tailpipe emissions of carbon dioxide rated on a scale from 1 (worst) to 10 (best),NA,NA,NA,NA,NA,NA,NA,NA,NA,NA,NA,NA,NA,NA,NA
2023,Ford,F-150 4X4,Pickup truck: Standard,3.5,6,AS10,X,13.6,10.3,12.1,23,284,4,6,2,6
2023,Land Rover,Range Rover P400 LWB,SUV: Standard,3,6,AS8,Z,13.1,9.1,11.3,25,265,4,7,3,7
2023,Volkswagen,Jetta GLI,Compact,2,4,M6,X,9.1,6.4,7.9,36,186,6,7,6,9
2023,BMW,X1 xDrive28i,SUV: Small,2,4,AM7,Z,9.6,7,8.4,34,195,6,8,6,8
2023,Aston Martin,DB11 V12,Minicompact,5.2,12,A8,Z,16.4,10.7,13.8,20,324,3,3,1,6
2023,Ram,1500 4X4 EcoDiesel,Pickup truck: Standard,3,6,A8,D,11.1,8,9.7,29,260,4,1,3,7
2023,Aston Martin,Vantage V8,Two-seater,4,8,A8,Z,13.1,9.6,11.5,25,270,4,5,3,7
2023,Maserati,Ghibli Modena AWD,Mid-size,3,6,A8,Z,14.1,9.5,12,24,284,4,3,2,7
2023,GMC,Sierra 4WD Mud Terrain Tire,Pickup truck: Standard,2.7,4,A8,X,13.8,13.2,13.6,21,318,3,7,1,5
2023,Hyundai,Santa Fe Hybrid,SUV: Small,1.6,4,AM6,X,7.1,7.9,7.4,38,176,6,7,6,8
Smog rating,the tailpipe emissions of smog-forming pollutants rated on a scale from 1 (worst) to 10 (best),NA,NA,NA,NA,NA,NA,NA,NA,NA,NA,NA,NA,NA,NA,NA
2023,Audi,S5 Coup� quattro,Subcompact,3,6,AS8,Z,11.1,8,9.7,29,226,5,5,4,7
2023,Chevrolet,Malibu,Mid-size,1.5,4,AV,X,8.6,6.8,7.8,36,181,6,7,6,8
2023,Nissan,Sentra SR,Mid-size,2,4,AV,X,8.2,6.1,7.3,39,171,6,7,7,9
2023,Mercedes-Benz,GLE 450 4MATIC Coupe,SUV: Standard,3,6,A9,Z,11.7,9.2,10.5,27,247,5,6,4,7
2023,Mitsubishi,RVR 4WD,SUV: Small,2.4,4,AV6,X,10.3,8.3,9.4,30,218,5,5,5,7
2023,GMC,Canyon AT4X 4WD,Pickup truck: Small,2.7,4,A8,X,14.3,14.3,14.3,20,335,3,7,1,4
2023,Subaru,Forester AWD,SUV: Small,2.5,4,AV7,X,9,7.2,8.2,34,192,6,7,6,8
2023,Toyota,Tundra 4WD,Pickup truck: Standard,3.4,6,AS10,X,13.6,10.4,12.2,23,285,4,5,2,6
2023,Lexus,LX 600,SUV: Standard,3.4,6,AS10,Z,14.2,10.8,12.7,22,298,4,5,2,6
2023,Alfa Romeo,Giulia Quadrifoglio,Mid-size,2.9,6,A8,Z,13.5,9.3,11.6,24,271,4,3,3,7
2023,Subaru,Outback AWD,SUV: Small,2.5,4,AV8,X,9.2,7.3,8.3,34,195,6,7,6,8
2023,Jaguar,F-TYPE R Convertible AWD,Two-seater,5,8,AS8,Z,15.2,9.8,12.7,22,299,4,3,2,7
2023,MINI,John Cooper Works Convertible,Minicompact,2,4,AS8,Z,9.7,7.2,8.6,33,200,6,7,6,8
2023,Audi,Q3 40 TFSI quattro,SUV: Small,2,4,AS8,X,10.9,8,9.6,29,224,5,6,5,7
2023,Honda,Civic Hatchback,Full-size,1.5,4,M6,X,8.5,6.3,7.5,38,175,6,6,7,9
2023,Chevrolet,Equinox AWD,SUV: Small,1.5,4,A6,X,9.9,7.9,9,31,211,5,7,5,8
2023,Honda,Accord Hybrid Sport/Touring,Mid-size,2,4,AV,X,5,5.7,5.3,53,124,8,7,9,9
2023,Chevrolet,Blazer,SUV: Small,2,4,A9,X,10.6,8,9.4,30,227,5,7,4,7
2023,BMW,M8 Competition Gran Coupe,Mid-size,4.4,8,AS8,Z,16.1,10.9,13.7,21,321,3,3,1,6
2023,BMW,Z4 sDrive30i,Two-seater,2,4,AS8,Z,9.4,7.1,8.4,34,194,6,7,6,8
2023,Ford,F-150 FFV,Pickup truck: Standard,3.3,6,AS10,E,16.8,12.8,15,19,244,5,6,4,5
2023,Nissan,Sentra,Mid-size,2,4,AV,X,8,6,7.1,40,167,6,7,7,9
2023,Alfa Romeo,Stelvio,SUV: Small,2,4,A8,Z,10.3,8.1,9.3,30,218,5,5,5,7
2023,Subaru,WRX AWD,Mid-size,2.4,4,AV8,Z,12.7,9.4,11.2,25,262,4,3,3,7
2023,Toyota,RAV4 AWD,SUV: Small,2.5,4,AS8,X,9.5,7.2,8.5,33,199,6,6,6,8
2023,Subaru,Outback AWD,SUV: Small,2.4,4,AV8,X,10.6,8.1,9.5,30,221,5,6,5,7
2023,Toyota,4Runner 4WD (Part-Time 4WD),SUV: Standard,4,6,AS5,X,14.8,12.5,13.8,20,320,3,5,1,5
2023,BMW,X5 M Competition,SUV: Standard,4.4,8,AS8,Z,17.9,13,15.7,18,364,2,3,1,5
2023,Jeep,Wrangler JL Unlimited 4X4 eTorque,SUV: Small,3.6,6,A8,X,12.3,9.9,11.2,25,262,4,7,3,7
2023,Subaru,Ascent AWD,SUV: Standard,2.4,4,AV8,X,12.3,9.4,11,26,256,5,5,3,7
2023,BMW,X4 xDrive30i,SUV: Small,2,4,AS8,Z,11,8.4,9.9,29,229,5,7,4,7
2023,Chevrolet,Silverado 4WD ZR2,Pickup truck: Standard,6.2,8,A10,Z,16.7,14,15.5,18,364,2,6,1,4
2023,Mazda,MX-5 (SIL),Two-seater,2,4,M6,Z,9,7,8.1,35,189,6,3,6,8
2023,Bentley,Continental GT Speed,Subcompact,6,12,AM8,Z,19.6,12,16.2,17,379,2,3,1,5
2023,Jaguar,F-TYPE P450 Coupe,Two-seater,5,8,AS8,Z,14.1,9.7,12.1,23,286,4,3,2,7
2023,GMC,Sierra 4WD Mud Terrain Tire FFV,Pickup truck: Standard,5.3,8,A10,X,15.2,12.2,13.9,20,326,3,5,1,5
2023,Volkswagen,Taos 4MOTION,SUV: Small,1.5,4,AM7,X,9.5,7.3,8.5,33,200,6,7,6,8
2023,Honda,CR-V,SUV: Small,1.5,4,AV,X,8.4,7.1,7.8,36,181,6,7,6,8
2023,BMW,X4 M,SUV: Small,3,6,AS8,Z,15.7,11.7,13.9,20,323,3,3,1,6
2023,Bugatti,Chiron Pur Sport,Two-seater,8,16,AM7,Z,30.3,20.9,26.1,11,608,1,1,1,1
2023,Maserati,Levante Trofeo,SUV: Standard,3.8,8,A8,Z,17.4,12,15,19,349,3,1,1,5
2023,Chevrolet,Camaro ZL1,Subcompact,6.2,8,M6,Z,17.2,12,14.9,19,349,3,1,1,5
2023,GMC,Yukon XL 4WD,SUV: Standard,5.3,8,A10,X,16,12.7,14.5,19,339,3,6,1,5
2023,Lexus,ES 350,Mid-size,3.5,6,AS8,X,10.7,7.3,9.2,31,214,5,5,5,8
2023,Mercedes-Benz,AMG GLB 35 4MATIC SUV,Station wagon: Mid-size,2,4,AM8,Z,11.3,8.7,10.2,28,238,5,5,4,7
2023,Audi,S4 Sedan quattro,Compact,3,6,AS8,Z,11.1,8,9.7,29,226,5,5,4,7
2023,Jaguar,F-TYPE P450 Convertible AWD,Two-seater,5,8,AS8,Z,15.2,9.8,12.7,22,299,4,3,2,7
2023,Hyundai,Elantra N,Mid-size,2,4,AM8,Z,12.1,7.9,10.2,28,241,5,3,4,8
2023,Chrysler,Pacifica AWD,Minivan,3.6,6,A9,X,14.1,9.4,12,24,279,4,7,2,7
