Year,Make,Model,Vehicle Class,Engine Size (L),Cylinders,Transmission,Fuel Type,Fuel Consumption (City) (L/100 km),Fuel Consumption (Hwy) (L/100 km),Fuel Consumption (Comb) (L/100 km),Fuel Consumption (Comb) (mpg),CO2 Emissions (g/km),CO2 Rating,Smog Rating,CO2_Rating,Smog_Rating
2019,GMC,Terrain,SUV: Small,1.6,4,A6,D,8.5,6,7.4,38,199,6,3,6,9
2019,Honda,Insight EX,Mid-size,1.5,4,AV,X,4.6,5.3,4.9,58,114,10,7,9,10
2019,Chevrolet,Corvette,Two-seater,6.2,8,M7,Z,14.6,9.3,12.2,23,286,3,1,2,7
2019,Jaguar,F-TYPE Convertible R-Dynamic AWD,Two-seater,3,6,AS8,Z,13,9.2,11.3,25,265,4,7,3,7
2019,Chevrolet,Impala,Full-size,2.5,4,AS6,X,10.8,8,9.6,29,225,5,3,5,7
2019,Ram,1500 Classic,Pickup truck: Standard,5.7,8,A6,X,17,12,14.8,19,346,2,3,1,5
2019,Volkswagen,Jetta GLI,Compact,2,4,AM7,X,9.3,7.2,8.4,34,196,6,7,6,8
2019,Maserati,GranTurismo Convertible,Subcompact,4.7,8,AS6,Z,17.8,11.6,15,19,354,2,1,1,6
2019,Lamborghini,Huracan Spyder AWD,Two-seater,5.2,10,AM7,Z,17.9,13,15.7,18,370,2,1,1,5
2019,Mercedes-Benz,AMG C 63 S Cabriolet,Subcompact,4,8,A9,Z,13.9,9.7,12,24,282,4,5,2,7
2019,Toyota,Tundra 4WD,Pickup truck: Standard,4.6,8,AS6,X,16.8,13.1,14.9,19,354,2,3,1,5
2019,Rolls-Royce,Wraith,Mid-size,6.6,12,AS8,Z,19.6,12.9,16.6,17,388,1,3,1,5
2019,Ford,Fusion,Mid-size,1.5,4,AS6,X,10,7,8.7,32,204,6,7,5,8
2019,Volkswagen,Arteon 4MOTION,Full-size,2,4,AS8,Z,12,8.6,10.4,27,244,5,3,4,7
2019,Nissan,Qashqai,Station wagon: Small,2,4,AV7,X,8.6,7.2,8,35,188,6,5,6,8
2019,Aston Martin,Vantage V8,Two-seater,4,8,A8,Z,12.7,9.4,11.2,25,264,4,3,3,7
2019,Jaguar,F-PACE 25t,SUV: Small,2,4,AS8,Z,10.7,8.8,9.9,29,227,5,7,4,7
2019,Chevrolet,Silverado 4WD FFV,Pickup truck: Standard,5.3,8,A6,X,16.1,12.5,14.4,20,339,2,3,1,5
2019,Ram,1500 4X4 eTorque,Pickup truck: Standard,3.6,6,A8,X,12.2,9.7,11.1,25,260,4,5,3,7
2019,Kia,Sportage AWD,SUV: Small,2,4,AS6,X,11.9,10.2,11.1,25,263,4,3,3,6
2019,Jeep,Compass,SUV: Small,2.4,4,M6,X,10.4,7.3,9,31,211,5,3,5,8
2019,Ford,Transit Connect Van,Special purpose vehicle,2.5,4,AS6,X,12,8.8,10.6,27,247,4,5,4,7
2019,Nissan,Rogue AWD,SUV: Small,2.5,4,AV,X,9.6,7.5,8.7,32,204,6,7,5,8
2019,Jeep,Cherokee,SUV: Small,2,4,A9,X,10.4,7.6,9.1,31,214,5,5,5,8
2019,Hyundai,Santa Fe XL,SUV: Small,3.3,6,AS6,X,13.2,9.4,11.5,25,268,4,3,3,7
2019,Porsche,Cayenne,SUV: Standard,3,6,AS8,Z,12.5,10,11.4,25,265,4,5,3,6
2019,Ram,1500 Classic FFV,Pickup truck: Standard,3.6,6,A8,E,19.7,13.8,17,17,283,4,3,2,5
2019,Volvo,V60 T5,Station wagon: Small,2,4,AS8,Z,9.9,6.6,8.4,34,197,6,5,6,8
2019,Porsche,Panamera GTS,Full-size,4,8,AM8,Z,14.5,10.2,12.6,22,295,3,3,2,6
2019,Subaru,BRZ,Minicompact,2,4,AS6,Z,9.7,7.2,8.6,33,200,6,1,6,8
2019,Ford,F-150 FFV,Pickup truck: Standard,3.3,6,AS6,E,16.7,12.6,14.9,19,247,4,5,4,5
2019,Chevrolet,Camaro SS,Subcompact,6.2,8,M6,Z,14.9,9.9,12.6,22,297,3,1,2,7
2019,Chevrolet,Silverado LD,Pickup truck: Standard,5.3,8,A6,X,15.6,10.9,13.5,21,317,3,3,1,6
2019,Kia,Optima,Full-size,2.4,4,AS6,X,9.5,7.1,8.4,34,199,6,5,6,8
2019,BMW,440i xDrive Coupe,Compact,3,6,AS8,Z,11.4,7.6,9.7,29,228,5,3,4,8
2019,Kia,Sorento AWD,SUV: Small,3.3,6,AS8,X,12.5,9.7,11.2,25,265,4,5,3,7
2019,Cadillac,CT6 AWD,Full-size,3,6,AS10,Z,13.1,9.1,11.3,25,267,4,3,3,7
2019,Mercedes-Benz,AMG GLC 43 4MATIC Coupe,SUV: Small,3,6,A9,Z,12.6,9.7,11.3,25,265,4,5,3,7
2019,Porsche,911 Carrera Cabriolet,Minicompact,3,6,M7,Z,12,8.2,10.3,27,241,5,1,4,7
2019,Cadillac,XT5,SUV: Small,3.6,6,AS8,X,12.1,8.9,10.6,27,250,4,6,4,7
2019,Ford,Escape FFV,SUV: Small,2.5,4,AS6,E,15,10.8,13.1,22,218,5,3,5,6
2019,Dodge,Journey,SUV: Small,2.4,4,A4,X,12.7,9.2,11.1,25,261,4,3,3,7
2019,Audi,Q7,SUV: Standard,2,4,AS8,Z,12.2,9.5,11,26,258,4,3,3,7
2019,GMC,Yukon XL 4WD FFV,SUV: Standard,5.3,8,A6,E,22.2,15.2,19,15,317,3,3,1,4
2019,BMW,M240i Coupe M Performance,Subcompact,3,6,AS8,Z,11.2,7.8,9.7,29,227,5,3,4,8
2019,Ford,F-150 FFV,Pickup truck: Standard,5,8,AS10,E,20.3,14,17.4,16,290,3,3,2,4
2019,Jaguar,F-TYPE Coupe,Two-seater,3,6,AS8,Z,11.9,8.5,10.4,27,242,5,7,4,7
2019,Mercedes-Benz,SL 450,Two-seater,3,6,A9,Z,11.8,8.5,10.3,27,241,5,3,4,7
2019,Mercedes-Benz,C 300 4MATIC Cabriolet,Subcompact,2,4,A9,Z,11.3,8.1,9.9,29,231,5,5,4,7
2019,Honda,CR-V AWD,SUV: Small,1.5,4,AV,X,8.7,7.2,8,35,188,6,5,6,8
2019,Lamborghini,Aventador Roadster,Two-seater,6.5,12,AM7,Z,26.6,15.8,21.7,13,493,1,1,1,4
2019,Mercedes-Benz,CLS 450 4MATIC,Compact,3,6,A9,Z,11.3,7.9,9.8,29,213,5,5,5,8
2019,Ford,Transit Connect Wagon LWB,Special purpose vehicle,2,4,AS8,X,9.9,8.2,9.2,31,214,5,6,5,7
2019,Audi,A5 Cabriolet quattro,Subcompact,2,4,AM7,Z,10,7,8.7,32,204,6,5,5,8
2019,Infiniti,QX80 4WD,SUV: Standard,5.6,8,AS7,Z,17.4,12.2,15.1,19,354,2,3,1,5
2019,Alfa Romeo,4C Coupe,Two-seater,1.8,4,AM6,Z,9.7,6.9,8.4,34,197,6,1,6,8
2019,BMW,440i Coupe,Compact,3,6,AS8,Z,11.2,7.3,9.4,30,227,5,3,4,8
2019,Toyota,Yaris (SIL),Compact,1.5,4,M6,X,7.8,6,6.8,42,164,8,3,7,9
2019,Porsche,911 Turbo Cabriolet,Minicompact,3.8,6,AM7,Z,12.7,9.9,11.4,25,267,4,1,3,7
2019,Mercedes-Benz,E 450 4MATIC Cabriolet,Subcompact,3,6,A9,Z,12.7,10.1,11.6,24,271,4,5,3,6
2019,GMC,Sierra 4WD AT4,Pickup truck: Standard,5.3,8,A8,X,15.3,11.8,13.7,21,320,3,5,1,6
2019,Ford,F-150 FFV,Pickup truck: Standard,3.3,6,AS6,X,12.2,9.3,10.9,26,256,4,5,3,7
2019,Dodge,Journey FFV,SUV: Small,3.6,6,A6,X,14.2,9.5,12.1,23,284,4,3,2,7
2019,BMW,M240i Coupe,Subcompact,3,6,M6,Z,12.8,8.8,11,26,256,4,3,3,7
2019,Ram,1500 eTorque,Pickup truck: Standard,3.6,6,A8,X,11.9,9.4,10.8,26,253,4,5,3,7
2019,Toyota,Tacoma 4WD,Pickup truck: Small,2.7,4,AS6,X,12.7,10.6,11.7,24,274,4,5,3,6
2019,Jaguar,XE 35t AWD,Compact,3,6,AS8,Z,11.8,8.2,10.2,28,238,5,7,4,7
2019,Toyota,Camry Hybrid XLE/SE,Mid-size,2.5,4,AV6,X,5.3,5,5.1,55,121,10,7,9,9
2019,Ford,Edge AWD,SUV: Small,2.7,6,AS8,X,12.6,9.2,11,26,259,4,5,3,7
2019,GMC,Yukon 4WD FFV,SUV: Standard,5.3,8,A6,E,21.7,14.3,18.4,15,305,3,3,1,4
2019,Porsche,911 Carrera 4S Cabriolet,Minicompact,3,6,AM7,Z,11,8.5,9.9,29,231,5,1,4,7
2019,FIAT,500X AWD,SUV: Small,1.3,4,A9,X,10,7.9,9.1,31,213,5,6,5,8
2019,Porsche,Cayman,Two-seater,2,4,AM7,Z,10.5,8,9.4,30,219,5,3,5,7
2019,Maserati,Quattroporte SQ4,Full-size,3,6,AS8,Z,15,10.3,12.8,22,301,3,1,1,6
2019,BMW,X6 xDrive50i,SUV: Standard,4.4,8,AS8,Z,14.3,10.6,12.6,22,294,3,3,2,6
2019,BMW,M850i xDrive Coupe,Subcompact,4.4,8,AS8,Z,13.3,9.2,11.5,25,269,4,3,3,7
2019,Chevrolet,Blazer,SUV: Small,2.5,4,A9,X,10.8,8.8,9.9,29,232,5,5,4,7
2019,BMW,330i xDrive Gran Turismo,Full-size,2,4,AS8,Z,10.2,7.2,8.8,32,207,6,7,5,8
2019,Hyundai,IONIQ Blue,Full-size,1.6,4,AM6,X,4.2,4,4.1,69,96,10,7,10,10
2019,Porsche,Cayman GTS,Two-seater,2.5,4,AM7,Z,11.8,9.2,10.6,27,249,4,3,4,7
2019,Hyundai,Elantra,Mid-size,2,4,M6,X,9.2,6.5,8,35,188,6,5,6,8
2019,Hyundai,Elantra GT,Full-size,2,4,AS6,X,9.4,7.1,8.4,34,200,6,5,6,8
2019,Mercedes-Benz,AMG CLA 45 4MATIC,Minicompact,2,4,AM7,Z,10.3,7.9,9.2,31,217,5,3,5,8
2019,BMW,430i xDrive Coupe,Compact,2,4,AS8,Z,10.2,7.2,8.8,32,207,6,7,5,8
2019,Maserati,Ghibli S,Mid-size,3,6,AS8,Z,14.7,9.9,12.6,22,295,3,1,2,7
2019,Porsche,911 Targa 4 GTS,Minicompact,3,6,AM7,Z,12.1,9.2,10.8,26,251,4,1,3,7
2019,Nissan,Sentra (Turbo),Mid-size,1.6,4,AV7,Z,8.9,7.3,8.2,34,193,6,3,6,8
2019,BMW,M2 Competition,Subcompact,3,6,M6,Z,13.4,9.6,11.7,24,273,4,3,3,7
2019,Chevrolet,Camaro SS,Subcompact,6.2,8,AS10,Z,14.5,8.8,12,24,279,4,1,2,7
2019,Lincoln,Continental AWD,Full-size,2.7,6,AS6,X,14,9.4,12,24,281,4,5,2,7
2019,Audi,S5 Sportback,Mid-size,3,6,AS8,Z,11.3,8,9.8,29,230,5,5,4,7
2019,BMW,440i xDrive Gran Coupe,Compact,3,6,AS8,Z,11.4,7.6,9.7,29,228,5,3,4,8
2019,Chevrolet,Corvette,Two-seater,6.2,8,AS8,Z,15.6,9.2,12.7,22,299,3,1,2,7
2019,Ford,Shelby GT350 Mustang,Subcompact,5.2,8,M6,Z,17.2,11.3,14.6,19,341,2,3,1,6
2019,Chevrolet,Traverse AWD,SUV: Standard,3.6,6,A9,X,13.7,9.5,11.8,24,277,4,6,2,7
2019,Land Rover,Range Rover Td6 Diesel,SUV: Standard,3,6,AS8,D,10.7,8.3,9.6,29,256,4,1,3,7
2019,Ford,F-150 FFV 4X4 (LT Tire Pkg),Pickup truck: Standard,3.3,6,AS6,E,17.5,13.7,15.8,18,263,4,5,3,5
2019,Mercedes-Benz,AMG GLE 43 4MATIC Coupe,SUV: Standard,3,6,A9,Z,14.1,10.9,12.6,22,297,3,3,2,6
2019,Buick,Enclave,SUV: Standard,3.6,6,A9,X,13,9.1,11.2,25,263,4,6,3,7
2019,Toyota,4Runner 4WD,SUV: Standard,4,6,AS5,X,14.3,11.9,13.2,21,308,3,3,1,6
2019,Chevrolet,Silverado 4WD FFV,Pickup truck: Standard,5.3,8,A6,E,22,16.1,19.3,15,322,3,3,1,3
2019,Mazda,Mazda3 4-Door (SIL),Compact,2,4,M6,X,8.7,6.4,7.7,37,180,7,7,6,9
2019,MINI,Cooper Countryman ALL4,Station wagon: Small,1.5,3,AS8,Z,10.3,7.9,9.2,31,215,5,3,5,8
2019,Subaru,Crosstrek AWD,SUV: Small,2,4,AV7,X,8.8,7.2,8.1,35,188,6,6,6,8
2019,Mitsubishi,RVR 4WD,SUV: Small,2.4,4,AV6,X,10.3,8.3,9.4,30,218,5,5,5,7
2019,Ford,F-150 FFV (LT Tire Pkg),Pickup truck: Standard,3.3,6,AS6,X,12.4,9.8,11.2,25,263,4,5,3,7
2019,Ram,1500 eTorque,Pickup truck: Standard,5.7,8,A8,X,14.1,10.3,12.4,23,290,3,5,2,6
2019,Mercedes-Benz,B 250,Station wagon: Small,2,4,AM7,Z,9.8,6.8,8.4,34,196,6,5,6,8
2019,Porsche,911 Carrera 4S,Minicompact,3,6,AM7,Z,11.1,8.5,9.9,29,232,5,1,4,7
2019,Chrysler,300,Full-size,5.7,8,A8,X,14.7,9.4,12.3,23,289,3,3,2,7
2019,Porsche,911 Carrera GTS Cabriolet,Minicompact,3,6,AM7,Z,11.8,9.2,10.7,26,249,4,1,4,7
2019,Toyota,Highlander AWD (Start/Stop System),SUV: Standard,3.5,6,AS8,X,12,8.9,10.6,27,248,4,5,4,7
2019,MINI,Cooper S Clubman ALL4,Mid-size,2,4,M6,Z,11.4,7.7,9.7,29,227,5,7,4,8
2019,BMW,X2 M35i,SUV: Small,2,4,AS8,Z,10.3,8,9.3,30,217,5,3,5,7
2019,Land Rover,Range Rover Velar P300,SUV: Small,2,4,AS8,Z,11.7,9.2,10.6,27,248,4,7,4,7
2019,Porsche,Boxster S,Two-seater,2.5,4,AM7,Z,11.1,8.4,9.9,29,231,5,3,4,7
2019,Toyota,RAV4,SUV: Small,2.5,4,AS8,X,8.8,6.7,7.8,36,183,7,6,6,8
2019,Cadillac,XT4,SUV: Small,2,4,AS9,Z,9.8,7.8,8.9,32,209,5,6,5,8
2019,Maserati,Levante,SUV: Standard,3,6,AS8,Z,15.9,11.1,13.7,21,324,3,1,1,6
2019,Land Rover,Range Rover Sport Td6 Diesel,SUV: Standard,3,6,AS8,D,10.7,8.3,9.6,29,256,4,1,3,7
2019,Mercedes-Benz,Metris Cargo,Special purpose vehicle,2,4,A7,Z,11.5,9.8,10.7,26,251,4,5,3,7
2019,Chevrolet,Blazer AWD,SUV: Small,3.6,6,A9,X,12.7,9.5,11.3,25,265,4,6,3,7
2019,GMC,Canyon,Pickup truck: Small,2.5,4,M6,X,11.9,9.2,10.7,26,251,4,5,3,7
2019,Cadillac,XTS,Full-size,3.6,6,AS6,X,12.9,8.7,11,26,259,4,5,3,7
2019,GMC,Yukon XL,SUV: Standard,5.3,8,A6,X,15.7,10.5,13.4,21,314,3,3,1,6
2019,Acura,NSX,Two-seater,3.5,6,AM9,Z,11.1,10.8,11,26,261,4,3,3,6
2019,Ford,F-150 4X4 XL/XLT,Pickup truck: Standard,3,6,AS10,D,11.2,8.3,9.9,29,266,4,1,3,7
2019,MINI,Cooper Convertible,Minicompact,1.5,3,M6,Z,8.4,6.3,7.5,38,175,7,7,7,9
2019,Dodge,Journey AWD,SUV: Small,3.6,6,A6,X,14.5,10,12.4,23,292,3,3,2,6
2019,MINI,John Cooper Works Clubman ALL4,Mid-size,2,4,M6,Z,11.4,7.7,9.7,29,227,5,3,4,8
2019,MINI,Cooper S 5 Door,Subcompact,2,4,AS6,Z,9.3,7.3,8.4,34,197,6,7,6,8
2019,Jeep,Renegade 4X4 Trailhawk,SUV: Small,1.3,4,A9,X,10.8,8.7,9.9,29,230,5,6,4,7
2019,Nissan,Rogue,SUV: Small,2.5,4,AV,X,9.1,7.1,8.2,34,192,6,7,6,8
NA,FFV = Flexible-fuel vehicle,NA,NA,NA,NA,NA,NA,NA,NA,NA,NA,NA,NA,NA,NA,NA
2019,Chevrolet,Trax,SUV: Small,1.4,4,M6,X,9.4,6.9,8.3,34,194,6,5,6,8
2019,Mercedes-Benz,GLS 550 4MATIC,SUV: Standard,4.7,8,A9,Z,17.2,12.6,15.1,19,355,2,3,1,5
2019,Ford,F-150 FFV 4X4 (Payload Pkg),Pickup truck: Standard,5,8,AS10,X,16.8,12.4,14.8,19,347,2,3,1,5
2019,Audi,Q3 quattro,SUV: Small,2,4,AS8,X,12.3,8.6,10.6,27,248,4,7,4,7
2019,Nissan,Altima AWD,Mid-size,2.5,4,AV,X,9.1,6.5,7.9,36,186,7,7,6,8
2019,Buick,LaCrosse AWD,Mid-size,3.6,6,AS9,X,11.7,8.2,10.1,28,238,5,5,4,7
2019,Honda,CR-V,SUV: Small,1.5,4,AV,X,8.4,7,7.8,36,181,7,5,6,8
2019,Mercedes-Benz,AMG S 63 4MATIC+ Coupe,Compact,4,8,A9,Z,14,8.7,11.6,24,271,4,5,3,7
2019,Jeep,Grand Cherokee 4X4 EcoDiesel,SUV: Standard,3,6,A8,D,11.2,8.5,10,28,268,4,1,3,7
2019,Kia,Soul,Station wagon: Small,1.6,4,AM7,X,9.1,7.7,8.5,33,199,6,3,6,8
2019,BMW,Alpina B7 xDrive,Full-size,4.4,8,AS8,Z,14,9.6,12,24,282,4,3,2,7
2019,Mazda,Mazda6 Turbo,Mid-size,2.5,4,AS6,X,10,7.5,8.9,32,208,6,3,5,8
2019,Porsche,911 Carrera 4S,Minicompact,3,6,M7,Z,12.1,8.4,10.4,27,243,5,1,4,7
2019,Ram,1500 Classic 4X4 FFV,Pickup truck: Standard,3.6,6,A8,E,20.7,14.7,18,16,300,3,3,2,4
2019,Chevrolet,Impala,Full-size,3.6,6,AS6,X,12.7,8.5,10.8,26,254,4,5,3,7
2019,Mercedes-Benz,Metris Passenger,Special purpose vehicle,2,4,A7,Z,12.3,10.3,11.4,25,268,4,5,3,6
2019,Mazda,CX-5 4WD (Cylinder Deactivation),SUV: Small,2.5,4,AS6,X,9.8,7.9,9,31,209,5,7,5,8
2019,Toyota,Tacoma 4WD,Pickup truck: Small,3.5,6,M6,X,13.8,11.4,12.7,22,299,3,5,2,6
2019,Land Rover,Discovery,SUV: Standard,3,6,AS8,Z,14.8,11.4,13.3,21,311,3,7,1,6
2019,Hyundai,Tucson AWD,SUV: Small,2.4,4,AS6,X,11,9.1,10.1,28,240,5,5,4,7
2019,Rolls-Royce,Phantom EWB,Full-size,6.7,12,AS8,Z,20,11.8,16.3,17,382,1,3,1,6
2019,Ford,Flex AWD GTDI,SUV: Standard,3.5,6,AS6,X,15.7,11.2,13.7,21,322,3,3,1,6
2019,Toyota,86,Minicompact,2,4,AS6,Z,9.9,7.3,8.7,32,204,6,1,5,8
2019,Honda,Fit,Station wagon: Small,1.5,4,M6,X,8.1,6.6,7.4,38,174,7,3,7,8
2019,Alfa Romeo,Stelvio AWD Quadrifoglio,SUV: Small,2.9,6,A8,Z,14.1,10.4,12.4,23,292,3,3,2,6
2019,Porsche,911 Carrera 4 Cabriolet,Minicompact,3,6,AM7,Z,11,8.4,9.8,29,230,5,1,4,7
NA,N = natural gas,NA,NA,NA,NA,NA,NA,NA,NA,NA,NA,NA,NA,NA,NA,NA
2019,Porsche,911 Carrera GTS,Minicompact,3,6,M7,Z,13,8.9,11.2,25,260,4,1,3,7
2019,Chevrolet,Camaro,Subcompact,3.6,6,M6,X,14.3,8.8,11.8,24,277,4,5,2,7
2019,Audi,SQ5,SUV: Small,3,6,AS8,Z,12.7,10,11.5,25,270,4,5,3,6
2019,Porsche,911 Carrera 4 GTS Cabriolet,Minicompact,3,6,AM7,Z,11.9,9.3,10.7,26,250,4,1,4,7
2019,Jaguar,F-TYPE R AWD Coupe,Two-seater,5,8,AS8,Z,15.6,10.4,13.3,21,311,3,3,1,6
2019,Chevrolet,Colorado ZR2 4WD,Pickup truck: Small,3.6,6,A8,X,15,13,14.1,20,331,3,5,1,5
2019,Jeep,Compass,SUV: Small,2.4,4,A6,X,10.6,7.6,9.3,30,218,5,5,5,8
2019,Nissan,Frontier 4WD,Pickup truck: Small,4,6,A5,X,15.8,11.5,13.9,20,326,3,3,1,6
2019,BMW,M2 Competition,Subcompact,3,6,AM7,Z,14.3,10.4,12.6,22,294,3,3,2,6
2019,Jaguar,F-TYPE Convertible,Two-seater,3,6,M6,Z,14.9,9.8,12.6,22,296,3,7,2,7
2019,Lexus,LS 500h AWD,Mid-size,3.5,6,AV10,Z,10.3,7.7,9.1,31,214,5,7,5,8
2019,GMC,Canyon,Pickup truck: Small,2.8,4,A6,D,11.8,7.9,10.1,28,270,4,3,3,8
2019,Ford,Explorer FFV AWD,SUV: Standard,3.5,6,AS6,E,19.8,14.3,17.3,16,288,3,3,2,4
2019,Lamborghini,Aventador Coupe,Two-seater,6.5,12,AM7,Z,26.3,15.6,21.5,13,487,1,1,1,4
2019,Porsche,911 Carrera 4 GTS Cabriolet,Minicompact,3,6,M7,Z,12.9,9.1,11.2,25,260,4,1,3,7
2019,Mercedes-Benz,AMG C 43 4MATIC Wagon,Station wagon: Small,3,6,A9,Z,12.4,8.9,10.8,26,255,4,5,3,7
2019,Subaru,Legacy AWD,Mid-size,2.5,4,AV7,X,9.3,7,8.2,34,193,6,5,6,8
2019,Ram,1500 Classic FFV,Pickup truck: Standard,3.6,6,A8,X,13.9,9.6,11.9,24,280,4,3,2,7
2019,GMC,Yukon XL 4WD FFV,SUV: Standard,5.3,8,A6,X,16.8,11.3,14.3,20,336,2,3,1,6
2019,Mercedes-Benz,AMG C 63 S Coupe,Subcompact,4,8,A9,Z,13.9,9.2,11.8,24,277,4,5,2,7
2019,Mercedes-Benz,GLC 300 4MATIC Coupe,SUV: Small,2,4,A9,Z,10.8,9,10,28,234,4,5,4,7
2019,Mercedes-Benz,AMG CLS 53 4MATIC+,Compact,3,6,A9,Z,12.4,8.7,10.7,26,235,5,5,4,7
2019,GMC,Yukon XL FFV,SUV: Standard,5.3,8,A6,E,21.2,13.9,17.9,16,298,3,3,2,5
2019,Maserati,Quattroporte GTS,Full-size,3.8,8,AS8,Z,16,10.8,13.7,21,321,3,1,1,6
2019,Dodge,Challenger,Mid-size,5.7,8,M6,Z,15.6,10.1,13.1,22,307,3,1,1,6
2019,MINI,John Cooper Works Countryman ALL4,Mid-size,2,4,M6,Z,11.3,7.8,9.7,29,228,5,3,4,8
2019,GMC,Yukon XL 4WD,SUV: Standard,5.3,8,A6,X,16.8,11.3,14.3,20,336,2,3,1,6
2019,GMC,Sierra,Pickup truck: Standard,4.3,6,A6,X,15.1,11.5,13.5,21,317,3,6,1,6
2019,Volkswagen,Golf SportWagen,Station wagon: Small,1.4,4,M6,X,8.2,6.3,7.4,38,172,7,7,7,9
2019,Genesis,G80 AWD,Full-size,3.3,6,AS8,Z,13.8,9.7,11.9,24,282,4,3,2,7
2019,Jeep,Cherokee,SUV: Small,2.4,4,A9,X,10.8,7.6,9.3,30,219,5,3,5,8
2019,Audi,Q5,SUV: Small,2,4,AM7,Z,10.9,8.7,9.9,29,230,5,3,4,7
2019,Jaguar,F-TYPE Convertible,Two-seater,3,6,AS8,Z,11.9,8.5,10.4,27,242,5,7,4,7
2019,Hyundai,Accent,Compact,1.6,4,M6,X,8.2,6.3,7.3,39,173,7,3,7,9
2019,Chevrolet,Malibu Hybrid,Mid-size,1.8,4,AV,X,4.8,5.5,5.1,55,121,10,5,9,10
2019,BMW,Z4 sDrive30i,Two-seater,2,4,AS8,Z,9.4,7.4,8.5,33,199,6,7,6,8
2019,Dodge,Charger (MDS),Full-size,5.7,8,A8,X,14.7,9.4,12.3,23,289,3,3,2,7
2019,Mercedes-Benz,SL 550,Two-seater,4.7,8,A9,Z,13.5,9.3,11.6,24,270,4,1,3,7
2019,Chevrolet,Cruze Diesel,Compact,1.6,4,A9,D,7.6,4.9,6.4,44,172,7,3,7,10
2019,Jeep,Wrangler JL Unlimited 4X4,SUV: Small,3.6,6,M6,X,13.8,10.1,12.2,23,285,3,5,2,6
2019,Dodge,Challenger (MDS),Mid-size,5.7,8,A8,X,14.7,9.4,12.3,23,289,3,3,2,7
2019,Honda,Fit,Station wagon: Small,1.5,4,AV7,X,7.6,6.5,7,40,166,8,7,7,8
2019,Cadillac,XT4 AWD,SUV: Small,2,4,AS9,Z,10.9,8.2,9.7,29,227,5,6,4,7
2019,Nissan,Maxima,Mid-size,3.5,6,AV7,Z,11.6,7.9,9.9,29,233,5,3,4,8
2019,Audi,TT Roadster quattro,Two-seater,2,4,AM7,X,10.3,7.7,9.2,31,213,5,7,5,8
2019,Jaguar,XF 20d AWD,Mid-size,2,4,AS8,D,7.8,5.8,6.9,41,186,7,1,6,9
2019,Chevrolet,Traverse,SUV: Standard,3.6,6,A9,X,13,8.8,11.1,25,261,4,6,3,7
2019,Ford,Edge,SUV: Small,2,4,AS8,X,10.9,8,9.6,29,224,5,5,5,7
2019,Chevrolet,Cruze Premier,Compact,1.4,4,AS6,X,8.3,6.2,7.3,39,172,7,6,7,9
2019,Mercedes-Benz,Maybach S 560 4MATIC,Full-size,4,8,A9,Z,14.4,9.5,12.2,23,286,3,5,2,7
2019,GMC,Sierra LTD 4WD,Pickup truck: Standard,5.3,8,A6,X,15.8,11.4,13.8,20,325,3,3,1,6
2019,Lexus,IS 300,Compact,2,4,AS8,Z,11,7.6,9.5,30,220,5,5,5,8
2019,Porsche,911 GT3 Touring,Two-seater,4,6,M6,Z,16.4,11.2,14.1,20,334,3,1,1,6
2019,Volvo,V60 CC T5 AWD,Station wagon: Small,2,4,AS8,Z,10.8,7.6,9.3,30,218,5,5,5,8
2019,Porsche,911 Carrera 4 GTS,Minicompact,3,6,AM7,Z,11.8,9.2,10.6,27,248,4,1,4,7
2019,Chevrolet,Silverado FFV,Pickup truck: Standard,5.3,8,A6,E,21.1,15,18.4,15,306,3,3,1,4
2019,MINI,Cooper 5 Door,Subcompact,1.5,3,AS6,Z,8.8,6.8,7.9,36,184,7,7,6,8
2019,Toyota,Yaris,Compact,1.5,4,AS6,X,7.3,5.8,6.6,43,155,8,3,7,9
2019,Jeep,Renegade,SUV: Small,2.4,4,A9,X,10.8,7.8,9.5,30,222,5,5,5,8
2019,MINI,Cooper S Convertible,Minicompact,2,4,M6,Z,10.2,7.4,9,31,210,5,7,5,8
2019,Subaru,BRZ,Minicompact,2,4,M6,Z,11.2,8.3,9.9,29,231,5,1,4,7
2019,Volkswagen,Atlas 4MOTION,SUV: Standard,3.6,6,AS8,X,13.8,10.2,12.2,23,286,3,5,2,6
2019,Mercedes-Benz,AMG GLE 63 S 4MATIC,SUV: Standard,4.7,8,A7,Z,17.7,13.4,15.8,18,370,2,3,1,5
2019,Ford,Fiesta,Subcompact,1.6,4,M5,X,8.8,6.8,7.9,36,184,7,3,6,8
2019,Toyota,Avalon,Mid-size,3.5,6,AS8,X,10.9,7.6,9.4,30,220,5,5,5,8
2019,Honda,Pilot,SUV: Small,3.5,6,A6,X,12.4,8.7,10.7,26,250,4,3,4,7
2019,Infiniti,Q60 AWD,Subcompact,2,4,AS7,Z,11.2,8.5,10,28,233,5,3,4,7
2019,Bentley,Bentayga,SUV: Standard,4,8,AS8,Z,16.4,10.1,13.6,21,315,3,3,1,6
2019,Honda,Fit,Station wagon: Small,1.5,4,AV,X,7,5.9,6.5,43,151,8,7,7,9
2019,Land Rover,Range Rover Evoque Convertible,SUV: Small,2,4,AS9,Z,11.2,8.2,9.8,29,231,5,7,4,7
2019,Ford,Mustang Bullitt,Subcompact,5,8,M6,X,16.1,9.9,13.3,21,311,3,3,1,7
2019,Dodge,Journey FFV,SUV: Small,3.6,6,A6,E,19.1,13.2,16.4,17,274,4,3,3,5
2019,Dodge,Charger AWD (MDS),Full-size,5.7,8,A5,X,16,10.1,13.3,21,312,3,3,1,6
2019,Lexus,UX 250h,Compact,2,4,AV6,X,5.5,5.7,5.6,50,130,9,6,8,9
2019,Ford,Fiesta ST,Subcompact,1.6,4,M6,X,9.2,7.4,8.4,34,196,6,3,6,8
2019,Buick,Encore,SUV: Small,1.4,4,AS6,X,9.4,7.8,8.7,32,204,6,5,5,8
2019,Chevrolet,Silverado LD 4WD,Pickup truck: Standard,5.3,8,A6,X,15.8,11.4,13.8,20,325,3,3,1,6
2019,Land Rover,Range Rover Velar D180,SUV: Small,2,4,AS8,D,9.2,7.8,8.5,33,229,5,1,4,8
2019,Mazda,MX-5 (SIL),Two-seater,2,4,M6,Z,9,7,8.1,35,189,6,3,6,8
2019,Ford,F-150 FFV 4X4 (LT Tire Pkg),Pickup truck: Standard,5,8,AS10,X,15.7,11.8,13.9,20,326,3,3,1,6
2019,MINI,John Cooper Works 3 Door,Subcompact,2,4,AS6,Z,9.3,7.3,8.4,34,197,6,3,6,8
NA,EWB = Extended wheelbase,NA,NA,NA,NA,NA,NA,NA,NA,NA,NA,NA,NA,NA,NA,NA
2019,Jaguar,XF 25t AWD,Mid-size,2,4,AS8,Z,10.1,7.2,8.8,32,207,6,7,5,8
NA,LWB = Long wheelbase,NA,NA,NA,NA,NA,NA,NA,NA,NA,NA,NA,NA,NA,NA,NA
2019,Mercedes-Benz,E 450 4MATIC Wagon,Station wagon: Mid-size,3,6,A9,Z,12.3,8.9,10.8,26,254,4,5,3,7
2019,Subaru,Impreza 4-Door AWD,Mid-size,2,4,AV7,X,8.3,6.4,7.5,38,174,7,6,7,9
2019,Jeep,Cherokee 4X4 Active Drive Lock,SUV: Small,3.2,6,A9,X,12.9,9.9,11.6,24,269,4,5,3,7
2019,Mercedes-Benz,AMG GLC 63 S 4MATIC+ Coupe,SUV: Small,4,8,A9,Z,15,10.9,13.2,21,309,3,5,1,6
2019,GMC,Canyon,Pickup truck: Small,2.5,4,A6,X,12.1,9.2,10.8,26,253,4,5,3,7
2019,Hyundai,Tucson,SUV: Small,2,4,AS6,X,10,7.9,9.1,31,216,5,5,5,8
2019,Chevrolet,Suburban FFV,SUV: Standard,5.3,8,A6,X,15.7,10.5,13.4,21,314,3,3,1,6
2019,Volkswagen,Beetle Dune,Compact,2,4,AS6,X,9.1,6.9,8.1,35,189,6,7,6,8
2019,Lincoln,MKZ AWD,Mid-size,3,6,AS6,X,14,9.2,11.8,24,278,4,5,2,7
2019,GMC,Yukon FFV,SUV: Standard,5.3,8,A6,E,21.2,13.9,17.9,16,298,3,3,2,5
2019,Nissan,Titan,Pickup truck: Standard,5.6,8,AS7,X,15,11.2,13.3,21,312,3,3,1,6
2019,Lincoln,Nautilus,SUV: Small,2.7,6,AS8,X,12.6,9.2,11,26,259,4,5,3,7
2019,Chevrolet,Camaro,Subcompact,3.6,6,AS8,X,12.3,8.2,10.4,27,246,5,5,4,7
2019,Ram,ProMaster City,Special purpose vehicle,2.4,4,A9,X,11.2,8.3,9.9,29,232,5,3,4,7
2019,Mazda,CX-3,Compact,2,4,AS6,X,8.3,6.9,7.7,37,179,7,3,6,8
2019,Kia,Niro FE,Station wagon: Small,1.6,4,AM6,X,4.5,4.8,4.7,60,110,10,7,9,10
2019,Volkswagen,Golf,Compact,1.4,4,M6,X,8.2,6.3,7.4,38,172,7,7,7,9
2019,Toyota,Tundra 4WD,Pickup truck: Standard,5.7,8,AS6,X,18,14.1,16.3,17,382,1,5,1,4
2019,Chevrolet,Suburban 4WD FFV,SUV: Standard,5.3,8,A6,X,16.8,11.3,14.3,20,336,2,3,1,6
2019,GMC,Acadia AWD,SUV: Standard,3.6,6,A6,X,13.5,9.5,11.7,24,275,4,6,3,7
2019,BMW,X4 M40i,SUV: Small,3,6,AS8,Z,11.9,8.7,10.4,27,245,5,5,4,7
2019,Porsche,Panamera 4 Executive,Full-size,3,6,AM8,Z,12.4,9,10.9,26,253,4,5,3,7
2019,Toyota,Corolla Hatchback,Compact,2,4,M6,X,8.4,6.3,7.5,38,174,7,6,7,9
2019,Audi,TT RS Coupe,Subcompact,2.5,5,AM7,Z,12,8.3,10.3,27,241,5,3,4,7
2019,Volvo,XC40 T5 AWD,SUV: Small,2,4,AS8,Z,10.3,7.5,9,31,211,5,5,5,8
2019,Volvo,XC60 T6 AWD,SUV: Small,2,4,AS8,Z,11.8,8.6,10.4,27,242,5,7,4,7
2019,Jeep,Compass 4X4,SUV: Small,2.4,4,M6,X,10.8,7.6,9.4,30,221,5,3,5,8
2019,Lincoln,MKZ Hybrid,Mid-size,2,4,AV,X,5.7,6.2,5.9,48,139,9,7,8,9
2019,Mazda,CX-5 Diesel 4WD,SUV: Small,2.2,4,AS6,D,8.9,7.9,8.4,34,227,5,1,4,8
Smog rating,the tailpipe emissions of smog-forming pollutants rated on a scale from 1 (worst) to 10 (best),NA,NA,NA,NA,NA,NA,NA,NA,NA,NA,NA,NA,NA,NA,NA
2019,Buick,Envision AWD,SUV: Small,2.5,4,A6,X,11.1,8.6,10,28,234,5,5,4,7
2019,Toyota,Prius AWD,Mid-size,1.8,4,AV,X,4.5,4.9,4.7,60,109,10,7,9,10
2019,Mazda,Mazda3 4-Door (Cylinder Deactivation),Compact,2.5,4,AS6,X,8.8,6.6,7.8,36,183,7,7,6,8
2019,Nissan,Murano,Station wagon: Mid-size,3.5,6,AV7,X,11.7,8.3,10.2,28,240,5,5,4,7
2019,Honda,Civic Hatchback Sport,Full-size,1.5,4,AV7,Z,7.9,6.6,7.3,39,170,7,3,7,8
2019,BMW,M5,Mid-size,4.4,8,AS8,Z,16,11.2,13.9,20,324,3,3,1,6
2019,MINI,John Cooper Works Countryman ALL4,Mid-size,2,4,AS8,Z,10.6,7.8,9.3,30,220,5,3,5,8
2019,Nissan,Titan 4WD Pro-4X,Pickup truck: Standard,5.6,8,AS7,X,15.9,11.9,14.1,20,331,3,3,1,6
2019,Chevrolet,Silverado 4WD,Pickup truck: Standard,5.3,8,A6,X,15.9,11.7,14,20,329,3,5,1,6
2019,Ford,Fusion Hybrid,Mid-size,2,4,AV,X,5.5,5.6,5.6,50,131,9,7,8,9
2019,GMC,Sierra FFV,Pickup truck: Standard,5.3,8,A6,E,21.1,15,18.4,15,306,3,3,1,4
2019,Mercedes-Benz,AMG S 63 4MATIC+ Cabriolet,Subcompact,4,8,A9,Z,15.8,9.8,13.1,22,306,3,5,1,7
2019,Dodge,Charger,Full-size,3.6,6,A5,X,13.7,9,11.6,24,271,4,3,3,7
2019,Porsche,Cayman S,Two-seater,2.5,4,M6,Z,12.1,9,10.7,26,249,4,3,4,7
2019,GMC,Acadia,SUV: Standard,2.5,4,A6,X,11.1,9.2,10.2,28,237,5,5,4,7
2019,Volvo,S60 T5,Compact,2,4,AS8,Z,9.9,6.6,8.4,34,197,6,5,6,8
2019,Aston Martin,Rapide AMR,Subcompact,6,12,A8,Z,16.7,10.9,14.1,20,332,3,3,1,6
2019,Honda,Odyssey Touring,Minivan,3.5,6,AS10,X,12.2,8.5,10.6,27,247,4,3,4,7
2019,Buick,Encore (SIDI with Stop/Start),SUV: Small,1.4,4,AS6,X,8.9,7.5,8.3,34,194,6,3,6,8
2019,Toyota,Highlander,SUV: Small,3.5,6,AS8,X,11.8,8.7,10.3,27,243,5,5,4,7
2019,Mercedes-Benz,AMG C 43 4MATIC,Compact,3,6,A9,Z,12.4,8.7,10.7,26,253,4,5,3,7
2019,Volvo,S60 T6 AWD,Compact,2,4,AS8,Z,11.1,7.3,9.4,30,218,5,7,5,8
2019,Ford,Transit Connect Wagon LWB,Special purpose vehicle,2.5,4,AS6,X,12.1,9,10.7,26,251,4,5,3,7
2019,MINI,Cooper Clubman ALL4,Mid-size,1.5,3,AS8,Z,10.2,7.6,9,31,212,5,3,5,8
2019,Chevrolet,Colorado,Pickup truck: Small,2.5,4,M6,X,11.9,9.2,10.7,26,251,4,5,3,7
2019,Honda,Civic Hatchback,Full-size,1.5,4,AV7,X,7.9,6.6,7.3,39,170,7,3,7,8
2019,Porsche,Boxster,Two-seater,2,4,AM7,Z,10.5,8,9.4,30,219,5,3,5,7
2019,Chevrolet,Tahoe 4WD,SUV: Standard,6.2,8,A10,Z,16.4,10.7,13.8,20,325,3,3,1,6
2019,GMC,Yukon 4WD,SUV: Standard,5.3,8,A6,X,15.8,11.1,13.7,21,321,3,3,1,6
2019,Infiniti,Q50 AWD Red Sport,Mid-size,3,6,AS7,Z,12.5,9.3,11.1,25,261,4,3,3,7
2019,Toyota,Sequoia 4WD,SUV: Standard,5.7,8,AS6,X,18.4,13.8,16.4,17,384,1,5,1,5
2019,BMW,750i xDrive,Full-size,4.4,8,AS8,Z,13.3,9.2,11.5,25,269,4,3,3,7
2019,Toyota,RAV4 Hybrid AWD,SUV: Small,2.5,4,AV6,X,5.8,6.3,6,47,140,9,7,8,9
2019,Jeep,Cherokee 4X4 Active Drive I,SUV: Small,2.4,4,A9,X,11.2,8,9.8,29,230,5,3,4,7
2019,Hyundai,Elantra,Mid-size,1.6,4,M6,X,10.7,7.8,9.4,30,221,5,3,5,8
NA,M = manual,NA,NA,NA,NA,NA,NA,NA,NA,NA,NA,NA,NA,NA,NA,NA
2019,Porsche,911 Carrera T,Minicompact,3,6,M7,Z,14.6,9.4,12.3,23,286,3,1,2,7
2019,Ford,Flex AWD,SUV: Standard,3.5,6,AS6,X,14.7,10.7,12.9,22,303,3,3,1,6
2019,Ford,F-150 4X4 (Payload Pkg),Pickup truck: Standard,2.7,6,AS10,X,13.1,10.2,11.8,24,277,4,5,2,6
2019,Hyundai,Elantra GT,Full-size,1.6,4,M6,X,10.3,7.9,9.2,31,218,5,5,5,8
2019,Volvo,XC60 T5 AWD,SUV: Small,2,4,AS8,Z,11.3,8.5,10,28,233,5,5,4,7
2019,Honda,Civic Sedan,Mid-size,2,4,AV,X,7.9,6.1,7.1,40,167,8,3,7,9
2019,BMW,X1 xDrive28i,SUV: Small,2,4,AS8,Z,10.7,7.5,9.3,30,217,5,7,5,8
2019,Ford,F-150 FFV (LT Tire Pkg),Pickup truck: Standard,5,8,AS10,X,14.7,11.2,13.1,22,308,3,3,1,6
2019,Nissan,Frontier 4WD,Pickup truck: Small,4,6,M6,X,15.1,11.5,13.5,21,317,3,3,1,6
2019,Ford,EcoSport,SUV: Small,1,3,AS6,X,8.6,8.1,8.4,34,196,6,5,6,7
2019,Mercedes-Benz,AMG GT C Roadster,Two-seater,4,8,AM7,Z,15.2,11.4,13.5,21,315,3,5,1,6
2019,Kia,Sedona,Minivan,3.3,6,AS8,X,12.7,10,11.5,25,272,4,5,3,6
2019,Ford,Escape,SUV: Small,1.5,4,AS6,X,10.2,7.8,9.1,31,214,5,7,5,8
2019,Chevrolet,Suburban 4WD FFV,SUV: Standard,5.3,8,A6,E,22.2,15.2,19,15,317,3,3,1,4
2019,Mazda,CX-9 4WD,SUV: Small,2.5,4,AS6,X,11.6,9.1,10.5,27,244,5,3,4,7
2019,Ford,Expedition 4X4,SUV: Standard,3.5,6,AS10,X,14.1,10.6,12.5,23,293,3,5,2,6
2019,Lamborghini,Urus,SUV: Standard,4,8,AS8,Z,19.2,14.1,16.9,17,384,1,3,1,4
2019,Lexus,NX 300h AWD,SUV: Small,2.5,4,AV6,X,7.2,7.9,7.5,38,176,7,7,6,8
2019,Rolls-Royce,Cullinan,Station wagon: Mid-size,6.7,12,AS8,Z,20,11.8,16.3,17,382,1,3,1,6
2019,Chevrolet,Trax,SUV: Small,1.4,4,AS6,X,9.1,7.6,8.4,34,196,6,5,6,8
2019,Toyota,Camry,Mid-size,2.5,4,AS8,X,8.1,5.7,6.9,41,164,8,7,7,9
2019,Porsche,Boxster GTS,Two-seater,2.5,4,M6,Z,12.3,9.4,11,26,257,4,3,3,7
2019,Audi,A5 quattro,Subcompact,2,4,AM7,Z,10,7,8.7,32,204,6,5,5,8
2019,Ram,1500 Classic EcoDiesel,Pickup truck: Standard,3,6,A8,D,11.8,8.6,10.4,27,278,4,1,2,7
2019,GMC,Canyon 4WD,Pickup truck: Small,3.6,6,A8,X,14,9.9,12.2,23,286,3,5,2,7
NA,D = diesel,NA,NA,NA,NA,NA,NA,NA,NA,NA,NA,NA,NA,NA,NA,NA
2019,Chevrolet,Silverado 4WD Trail Boss,Pickup truck: Standard,4.3,6,A6,X,16.3,12.9,14.8,19,347,2,6,1,5
2019,BMW,540i xDrive,Mid-size,3,6,AS8,Z,11.2,8.1,9.8,29,231,5,5,4,7
2019,BMW,M240i xDrive Coupe M Performance,Subcompact,3,6,AS8,Z,11.3,8,9.8,29,229,5,3,4,7
2019,Audi,A4,Compact,2,4,AM7,Z,8.6,6.9,7.8,36,182,7,5,6,8
2019,Mitsubishi,Outlander 4WD,SUV: Small,2.4,4,AV6,X,9.9,8.1,9.1,31,212,5,5,5,7
2019,Chevrolet,Colorado 4WD,Pickup truck: Small,3.6,6,A8,X,14,9.9,12.2,23,286,3,5,2,7
2019,Volkswagen,Golf GTI,Compact,2,4,M6,X,9.8,7.3,8.7,32,203,6,7,5,8
2019,Mercedes-Benz,Maybach S 650,Full-size,6,12,A7,Z,18.4,11.1,15.1,19,355,2,3,1,6
2019,BMW,X3 M40i,SUV: Small,3,6,AS8,Z,11.9,8.7,10.4,27,245,5,5,4,7
2019,MINI,Cooper Clubman ALL4,Mid-size,1.5,3,M6,Z,10.5,7.4,9.1,31,214,5,3,5,8
2019,Land Rover,Discovery Sport,SUV: Small,2,4,AS9,Z,11.4,9.3,10.5,27,246,5,7,4,7
2019,Honda,Odyssey,Minivan,3.5,6,AS9,X,12.6,8.4,10.7,26,252,4,3,3,7
2019,Ford,Mustang Convertible,Subcompact,2.3,4,AS10,X,11.9,8.4,10.4,27,243,5,5,4,7
2019,Mitsubishi,Mirage,Compact,1.2,3,AV,X,6.6,5.6,6.2,46,143,9,5,8,9
2019,Toyota,Tundra,Pickup truck: Standard,5.7,8,AS6,X,17.7,13.6,15.9,18,371,2,5,1,5
2019,BMW,M4 Cabriolet,Subcompact,3,6,M6,Z,13.8,9.4,11.9,24,280,4,3,2,7
2019,Porsche,911 Carrera 4 Cabriolet,Minicompact,3,6,M7,Z,12.2,8.5,10.5,27,246,5,1,4,7
2019,GMC,Sierra,Pickup truck: Standard,2.7,4,A8,X,11.9,10.3,11.1,25,261,4,6,3,6
2019,GMC,Sierra 4WD,Pickup truck: Standard,4.3,6,A6,X,15.8,11.9,14,20,329,3,6,1,6
2019,Cadillac,CTS Vsport,Mid-size,3.6,6,AS8,Z,15,9.9,12.7,22,298,3,3,2,7
2019,Porsche,Cayenne Turbo,SUV: Standard,4,8,AS8,Z,15.6,12.4,14.1,20,329,3,3,1,5
2019,Mercedes-Benz,AMG E 53 4MATIC+ Cabriolet,Subcompact,3,6,A9,Z,12.5,9,10.9,26,245,5,5,4,7
NA,AWD = All-wheel drive,NA,NA,NA,NA,NA,NA,NA,NA,NA,NA,NA,NA,NA,NA,NA
2019,Rolls-Royce,Ghost EWB,Full-size,6.6,12,AS8,Z,20.3,13,17,17,397,1,3,1,5
2019,Ford,F-150 FFV 4X4 (LT Tire Pkg),Pickup truck: Standard,5,8,AS10,E,20,15.6,18,16,300,3,3,2,4
2019,Subaru,WRX AWD,Compact,2,4,M6,Z,11.3,8.5,10,28,235,5,1,4,7
2019,BMW,M550i xDrive,Mid-size,4.4,8,AS8,Z,13.3,9.2,11.5,25,269,4,3,3,7
2019,Acura,TLX SH-AWD,Compact,3.5,6,AS9,Z,11.4,7.7,9.8,29,228,5,3,4,8
2019,Lexus,GS F,Compact,5,8,AS8,Z,14.9,9.7,12.5,23,293,3,5,2,7
2019,Ford,T-150 Wagon,Van: Passenger,3.7,6,AS6,X,16.9,13.1,15.2,19,355,2,1,1,5
2019,MINI,Cooper S 5 Door,Subcompact,2,4,M6,Z,10.2,7.4,9,31,210,5,7,5,8
2019,GMC,Sierra 4WD,Pickup truck: Standard,2.7,4,A8,X,12.6,10.9,11.8,24,277,4,6,2,6
2019,Honda,HR-V AWD,Station wagon: Small,1.8,4,AV,X,8.8,7.5,8.2,34,193,6,5,6,8
2019,Rolls-Royce,Ghost,Full-size,6.6,12,AS8,Z,20.3,13,17,17,397,1,3,1,5
2019,Audi,A4 quattro,Compact,2,4,AM7,Z,10,7,8.7,32,204,6,5,5,8
2019,Mercedes-Benz,G 550,SUV: Standard,4,8,A9,Z,18,14.1,16.3,17,378,2,5,1,4
2019,Mercedes-Benz,AMG S 65 Cabriolet,Subcompact,6,12,A9,Z,17.1,11,14.3,20,337,2,3,1,6
2019,Alfa Romeo,Giulia AWD,Mid-size,2,4,A8,Z,10.5,7.7,9.2,31,217,5,3,5,8
2019,GMC,Yukon FFV,SUV: Standard,5.3,8,A6,X,15.7,10.5,13.4,21,314,3,3,1,6
2019,Toyota,Corolla,Mid-size,1.8,4,M6,X,8.5,6.6,7.6,37,178,7,3,6,8
2019,GMC,Terrain AWD,SUV: Small,1.6,4,A6,D,8.5,6.1,7.4,38,199,6,3,6,9
2019,Honda,Insight Touring,Mid-size,1.5,4,AV,X,4.6,5.3,4.9,58,114,10,7,9,10
2019,GMC,Sierra LTD,Pickup truck: Standard,5.3,8,A6,X,15.6,10.9,13.5,21,317,3,3,1,6
2019,MINI,Cooper S Clubman ALL4,Mid-size,2,4,AS8,Z,10.4,7.6,9.2,31,214,5,7,5,8
2019,Jaguar,F-TYPE Convertible R-Dynamic,Two-seater,3,6,AS8,Z,12.4,8.8,10.8,26,253,4,7,3,7
2019,Honda,Accord Sport/Touring,Mid-size,2,4,AS10,X,10.4,7.4,9.1,31,211,5,7,5,8
2019,Nissan,Altima,Mid-size,2.5,4,AV,X,8.6,6.1,7.4,38,174,7,7,7,9
2019,Jeep,Grand Cherokee 4X4 Trackhawk,SUV: Standard,6.2,8,A8,Z,20.9,13.8,17.7,16,413,1,1,1,5
2019,Chevrolet,Silverado FFV,Pickup truck: Standard,5.3,8,A6,X,15.7,11.9,14,20,329,3,3,1,6
2019,MINI,Cooper S Convertible,Minicompact,2,4,AS6,Z,9.4,7.2,8.4,34,197,6,7,6,8
Understanding the table,NA,NA,NA,NA,NA,NA,NA,NA,NA,NA,NA,NA,NA,NA,NA,NA
2019,Nissan,Sentra,Mid-size,1.8,4,AV,X,8.1,6.3,7.3,39,172,7,7,7,9
2019,Mercedes-Benz,A 250,Station wagon: Small,2,4,AM7,Z,9.4,6.8,8.3,34,192,6,5,6,8
2019,Genesis,G90 AWD,Full-size,3.3,6,AS8,Z,13.7,9.7,11.9,24,279,4,3,2,7
2019,BMW,X6 M,SUV: Standard,4.4,8,AS8,Z,16.6,12.1,14.6,19,341,2,3,1,5
2019,GMC,Sierra,Pickup truck: Standard,5.3,8,A6,X,15.9,11.4,13.9,20,326,3,5,1,6
2019,MINI,John Cooper Works 3 Door,Subcompact,2,4,M6,Z,10.2,7.4,9,31,210,5,3,5,8
2019,Ford,F-150 FFV,Pickup truck: Standard,5,8,AS10,X,13.9,10.2,12.2,23,287,3,3,2,6
2019,Dodge,Charger FFV,Full-size,3.6,6,A5,X,13.7,9,11.6,24,271,4,3,3,7
2019,Hyundai,Sonata,Full-size,2.4,4,AS6,X,9.3,7.1,8.3,34,198,6,7,6,8
2019,Porsche,911 Carrera 4,Minicompact,3,6,M7,Z,12.1,8.3,10.4,27,242,5,1,4,7
2019,Audi,S4,Compact,3,6,AS8,Z,11.3,8,9.8,29,230,5,5,4,7
2019,Ford,F-150 4X4,Pickup truck: Standard,3.5,6,AS10,X,14.3,10.5,12.5,23,295,3,5,2,6
2019,BMW,M4 Coupe,Compact,3,6,M6,Z,13.4,9.6,11.7,24,273,4,3,3,7
2019,BMW,M760Li xDrive,Full-size,6.6,12,AS8,Z,17.7,11.9,15.1,19,355,2,3,1,6
2019,Ford,Explorer FFV AWD,SUV: Standard,3.5,6,AS6,X,14.5,10.6,12.7,22,299,3,3,2,6
2019,Acura,TLX A-SPEC,Compact,2.4,4,AM8,Z,10.2,7.4,8.9,32,209,5,3,5,8
2019,MINI,Cooper 5 Door,Subcompact,1.5,3,M6,Z,8.4,6.3,7.5,38,175,7,7,7,9
2019,Rolls-Royce,Phantom,Full-size,6.7,12,AS8,Z,20,11.8,16.3,17,382,1,3,1,6
NA,AS = automatic with select shift,NA,NA,NA,NA,NA,NA,NA,NA,NA,NA,NA,NA,NA,NA,NA
2019,GMC,Sierra,Pickup truck: Standard,5.3,8,A8,X,14.3,10.4,12.5,23,294,3,5,2,6
2019,Mercedes-Benz,AMG SL 63,Two-seater,5.5,8,A7,Z,15.3,10.2,13,22,303,3,1,1,6
2019,Nissan,Pathfinder 4WD,SUV: Small,3.5,6,AV,X,12.1,8.9,10.7,26,250,4,5,4,7
2019,Lincoln,Continental AWD,Full-size,3,6,AS6,X,14.5,9.8,12.3,23,289,3,5,2,7
2019,Porsche,911 Carrera S,Minicompact,3,6,M7,Z,12.1,8.3,10.3,27,242,5,1,4,7
2019,GMC,Canyon 4WD,Pickup truck: Small,2.8,4,A6,D,12.2,8.4,10.5,27,283,4,3,2,7
2019,Mazda,CX-5 (Cylinder Deactivation),SUV: Small,2.5,4,AS6,X,9.3,7.6,8.5,33,201,6,7,5,8
2019,Acura,RLX Hybrid,Mid-size,3.5,6,AM7,Z,8.4,8.2,8.4,34,196,6,7,6,7
2019,Lexus,GX 460,SUV: Standard,4.6,8,AS6,Z,16,12.9,14.6,19,341,2,3,1,5
2019,Dodge,Charger,Full-size,3.6,6,A8,X,12.4,7.8,10.3,27,242,5,3,4,8
2019,Jaguar,XJ R-Sport AWD,Full-size,3,6,AS8,Z,14,9,11.8,24,276,4,7,2,7
2019,Ford,F-150,Pickup truck: Standard,3,6,AS10,D,10.8,8,9.5,30,256,4,1,3,7
NA,AV = continuously variable,NA,NA,NA,NA,NA,NA,NA,NA,NA,NA,NA,NA,NA,NA,NA
2019,Toyota,Corolla LE Eco,Mid-size,1.8,4,AV,X,7.8,5.9,6.9,41,163,8,5,7,9
2019,FIAT,124 Spider,Two-seater,1.4,4,M6,X,9,6.7,7.9,36,185,7,3,6,8
2019,MINI,John Cooper Works Convertible,Minicompact,2,4,AS6,Z,9.4,7.2,8.4,34,197,6,3,6,8
2019,Dodge,Charger AWD,Full-size,3.6,6,A8,X,12.8,8.7,11,26,258,4,3,3,7
2019,Dodge,Charger FFV,Full-size,3.6,6,A8,X,12.4,7.8,10.3,27,242,5,3,4,8
2019,Mazda,Mazda3 5-Door 4WD,Mid-size,2.5,4,AS6,X,9.8,7.4,8.7,32,204,6,7,5,8
2019,Chevrolet,Spark,Subcompact,1.4,4,AV,X,7.9,6.2,7.1,40,167,8,5,7,9
2019,Ford,Mustang (Performance Pkg),Subcompact,2.3,4,AS10,X,11.8,8.4,10.3,27,242,5,5,4,7
2019,BMW,X5 xDrive50i,SUV: Standard,4.4,8,AS8,Z,15.3,11.1,13.4,21,314,3,3,1,6
2019,Honda,Civic Sedan,Mid-size,2,4,M6,X,9.3,6.5,8,35,186,7,3,6,8
2019,Kia,Niro Touring,Station wagon: Small,1.6,4,AM6,X,5.1,5.8,5.4,52,129,9,7,8,9
2019,Lexus,ES 350,Mid-size,3.5,6,AS8,X,10.6,7.2,9.1,31,211,5,5,5,8
2019,Mazda,Mazda3 5-Door (SIL),Mid-size,2,4,M6,X,8.7,6.6,7.8,36,181,7,7,6,8
2019,Audi,A6 quattro,Mid-size,3,6,AM7,Z,10.7,8.2,9.6,29,224,5,5,5,7
2019,Mitsubishi,Outlander 4WD,SUV: Small,3,6,AS6,Z,12,8.8,10.6,27,246,4,5,4,7
2019,Volvo,XC90 T5 AWD,SUV: Standard,2,4,AS8,Z,11.3,8.5,10,28,233,5,5,4,7
2019,Chrysler,300,Full-size,3.6,6,A8,X,12.4,7.8,10.3,27,242,5,3,4,8
2019,Lexus,LS 500 AWD,Mid-size,3.4,6,AS10,Z,13.1,8.7,11.1,25,261,4,3,3,7
2019,Ford,F-150 (LT Tire Pkg),Pickup truck: Standard,2.7,6,AS10,X,12.4,9.4,11.1,25,260,4,5,3,7
2019,Mazda,CX-5,SUV: Small,2,4,M6,X,9.7,7.7,8.8,32,206,6,3,5,8
2019,Mercedes-Benz,SLC 300,Two-seater,2,4,A9,Z,10,7.3,8.8,32,205,6,3,5,8
2019,Land Rover,Range Rover SVAutobiography LWB,SUV: Standard,5,8,AS8,Z,17.9,12.7,15.5,18,365,2,3,1,5
2019,BMW,M5 Competition,Mid-size,4.4,8,AS8,Z,16,11.2,13.9,20,324,3,3,1,6
2019,GMC,Acadia AWD,SUV: Standard,2.5,4,A6,X,11.3,9.4,10.5,27,248,4,5,4,7
CO2 rating,the tailpipe emissions of carbon dioxide rated on a scale from 1 (worst) to 10 (best),NA,NA,NA,NA,NA,NA,NA,NA,NA,NA,NA,NA,NA,NA,NA
2019,Chevrolet,Corvette Z06,Two-seater,6.2,8,AS8,Z,17.2,10.1,14,20,331,3,1,1,6
NA,AM = automated manual,NA,NA,NA,NA,NA,NA,NA,NA,NA,NA,NA,NA,NA,NA,NA
2019,Mazda,Mazda3 5-Door,Mid-size,2.5,4,AS6,X,9,6.8,8,35,187,7,7,6,8
2019,Chrysler,300 FFV,Full-size,3.6,6,A8,X,12.4,7.8,10.3,27,242,5,3,4,8
2019,MINI,Cooper S 3 Door,Subcompact,2,4,M6,Z,10.2,7.4,9,31,210,5,7,5,8
2019,Jeep,Grand Cherokee 4X4,SUV: Standard,5.7,8,A8,X,16.7,10.9,14.1,20,331,3,3,1,6
2019,Audi,A7 quattro,Mid-size,3,6,AM7,Z,10.7,8.2,9.6,29,224,5,5,5,7
2019,Jeep,Renegade 4X4,SUV: Small,2.4,4,A9,X,11.2,8.2,9.8,29,230,5,5,4,7
2019,Ford,F-150,Pickup truck: Standard,2.7,6,AS10,X,12,9,10.6,27,249,4,5,4,7
2019,Alfa Romeo,Stelvio AWD,SUV: Small,2,4,A8,Z,10.8,8.3,9.6,29,226,5,3,4,7
2019,Genesis,G70,Compact,2,4,M6,Z,12.8,8.5,10.9,26,255,4,3,3,7
2019,Jeep,Cherokee 4X4 Active Drive I,SUV: Small,3.2,6,A9,X,12.2,8.6,10.6,27,249,4,5,4,7
2019,Land Rover,Range Rover Sport Supercharged,SUV: Standard,5,8,AS8,Z,14.1,10.7,12.6,22,294,3,3,2,6
2019,Chrysler,300 AWD,Full-size,3.6,6,A8,X,12.8,8.7,11,26,258,4,3,3,7
2019,Mazda,CX-5 Turbo 4WD,SUV: Small,2.5,4,AS6,X,10.8,8.7,9.8,29,230,5,3,4,7
2019,Chevrolet,Cruze Hatchback Premier,Mid-size,1.4,4,AS6,X,8.5,6.4,7.5,38,175,7,6,7,9
2019,Mazda,Mazda3 5-Door,Mid-size,2,4,AS6,X,8.6,6.7,7.7,37,181,7,7,6,8
2019,GMC,Canyon,Pickup truck: Small,3.6,6,A8,X,13.4,9.6,11.7,24,274,4,5,3,7
2019,Buick,Regal AWD,Mid-size,2,4,AS8,Z,11,8,9.6,29,227,5,5,4,7
2019,Ford,Explorer AWD,SUV: Standard,2.3,4,AS6,X,13.1,9.2,11.4,25,267,4,3,3,7
2019,Ford,Transit Connect Van FFV,Special purpose vehicle,2,4,AS8,X,9.8,8.8,9.3,30,219,5,5,5,7
2019,Chevrolet,Cruze Hatchback Diesel,Mid-size,1.6,4,A9,D,7.8,5.2,6.6,43,178,7,3,6,9
2019,Ford,F-150 FFV (LT Tire Pkg),Pickup truck: Standard,3.3,6,AS6,E,16.7,12.6,14.9,19,247,4,5,4,5
2019,Land Rover,Range Rover Sport 3.0,SUV: Standard,3,6,AS8,Z,14.1,10.3,12.4,23,291,3,7,2,6
2019,GMC,Terrain AWD,SUV: Small,2,4,A9,Z,11.2,9,10.2,28,239,5,5,4,7
2019,Jeep,Wrangler JL 4X4,SUV: Small,3.6,6,A8,X,12.8,10.4,11.8,24,274,4,5,3,6
2019,Genesis,G80 AWD,Full-size,3.8,6,AS8,X,13.4,9.6,11.7,24,276,4,5,2,7
2019,Audi,A8L,Full-size,3,6,AS8,Z,12.5,8.6,10.8,26,252,4,3,3,7
2019,Toyota,RAV4 AWD,SUV: Small,2.5,4,AS8,X,9.2,7.1,8.3,34,190,6,6,6,8
2019,Ford,F-150 FFV (Payload Pkg),Pickup truck: Standard,5,8,AS10,X,15.6,11.8,13.9,20,326,3,3,1,6
2019,Volkswagen,Beetle Convertible,Subcompact,2,4,AS6,X,9,7.1,8.2,34,191,6,7,6,8
2019,BMW,X6 xDrive35i,SUV: Standard,3,6,AS8,Z,13,9.9,11.6,24,272,4,3,3,7
2019,Ram,1500 HFE eTorque,Pickup truck: Standard,3.6,6,A8,X,11.6,9,10.4,27,246,5,5,4,7
2019,Jaguar,F-TYPE R AWD Convertible,Two-seater,5,8,AS8,Z,15.6,10.4,13.3,21,311,3,3,1,6
2019,Honda,Civic Coupe,Compact,2,4,AV7,X,8.3,6.6,7.5,38,176,7,3,6,8
2019,Chevrolet,Malibu,Mid-size,2,4,A9,Z,10.5,7.4,9.1,31,214,5,5,5,8
2019,Hyundai,Tucson AWD,SUV: Small,2,4,AS6,X,10.8,9.2,10.1,28,239,5,5,4,7
2019,Volvo,S90 T5 AWD,Mid-size,2,4,AS8,Z,10.6,7.4,9.2,31,215,5,5,5,8
2019,Mazda,Mazda3 4-Door,Compact,2,4,AS6,X,8.4,6.6,7.6,37,178,7,7,6,8
2019,BMW,750Li xDrive,Full-size,4.4,8,AS8,Z,14,9.6,12,24,282,4,3,2,7
2019,Lexus,UX 200,Mid-size,2,4,AS10,X,8,6.3,7.2,39,168,8,6,7,9
2019,Porsche,911 Targa 4S,Minicompact,3,6,M7,Z,12.2,8.5,10.5,27,246,4,1,4,7
2019,Mercedes-Benz,AMG GLE 63 S 4MATIC Coupe,SUV: Standard,4.7,8,A7,Z,17.2,12.8,15.2,19,357,2,3,1,5
2019,Acura,RDX AWD,SUV: Small,2,4,AS10,Z,11,8.6,9.9,29,232,5,6,4,7
2019,Buick,Enclave AWD,SUV: Standard,3.6,6,A9,X,13.8,9.5,11.9,24,278,4,6,2,7
2019,Audi,S5,Subcompact,3,6,AS8,Z,11.3,8,9.8,29,230,5,5,4,7
2019,Hyundai,Elantra,Mid-size,2,4,AS6,X,8.3,6.4,7.4,38,174,7,5,7,9
2019,Chevrolet,Trax 4WD,SUV: Small,1.4,4,AS6,X,9.9,8.1,9.1,31,214,5,5,5,7
2019,Ford,F-150 FFV 4X4 (Payload Pkg),Pickup truck: Standard,5,8,AS10,E,21.3,17.2,19.5,14,323,3,3,1,3
2019,Chevrolet,Equinox AWD,SUV: Small,1.6,4,A6,D,8.5,6.1,7.4,38,199,6,3,6,9
2019,Porsche,Panamera 4S ST,Full-size,2.9,6,AM8,Z,13.1,9.8,11.6,24,273,4,5,3,7
2019,Maserati,Ghibli SQ4,Mid-size,3,6,AS8,Z,14.7,9.9,12.6,22,295,3,1,2,7
2019,Mercedes-Benz,AMG GLC 63 S 4MATIC+,SUV: Small,4,8,A9,Z,15,10.9,13.2,21,309,3,5,1,6
2019,Chevrolet,Equinox,SUV: Small,1.5,4,A6,X,9.2,7.3,8.3,34,196,6,5,6,8
2019,Chevrolet,Equinox,SUV: Small,1.6,4,A6,D,8.5,6,7.4,38,199,6,3,6,9
2019,Honda,Civic Hatchback,Full-size,1.5,4,M6,X,8,6.2,7.2,39,167,8,3,7,9
2019,Lincoln,MKC AWD,SUV: Small,2,4,AS6,X,12.3,9.3,11,26,257,4,5,3,7
2019,Porsche,911 Carrera S Cabriolet,Minicompact,3,6,AM7,Z,10.8,8.4,9.7,29,228,5,1,4,7
2019,BMW,230i xDrive Cabriolet,Subcompact,2,4,AS8,Z,10.2,7.2,8.8,32,207,6,7,5,8
2019,BMW,230i Coupe,Subcompact,2,4,M6,Z,11.1,7.3,9.4,30,219,5,7,5,8
2019,Lexus,RC 350 AWD,Subcompact,3.5,6,AS6,Z,13.1,9.8,11.2,25,262,4,5,3,7
2019,Nissan,Micra,Compact,1.6,4,M5,X,8.7,6.8,7.9,36,186,7,3,6,8
2019,Mercedes-Benz,E 450 4MATIC Coupe,Subcompact,3,6,A9,Z,12.5,9.1,11,26,257,4,5,3,7
2019,Lexus,RX 350 L AWD,SUV: Small,3.5,6,AS8,X,13.1,9.4,11.1,25,268,4,5,3,7
2019,Jaguar,XE 20d AWD,Compact,2,4,AS8,D,7.8,5.8,6.9,41,186,7,1,6,9
2019,Mercedes-Benz,AMG C 63,Compact,4,8,A9,Z,13.2,8.7,11.2,25,263,4,5,3,7
2019,Porsche,911 Carrera T,Minicompact,3,6,AM7,Z,11.9,9.1,10.6,27,248,4,1,4,7
2019,Chevrolet,Silverado,Pickup truck: Standard,5.3,8,A6,X,15.9,11.4,13.9,20,326,3,5,1,6
2019,Chrysler,300 AWD FFV,Full-size,3.6,6,A8,E,17.6,12,15,19,248,4,3,4,5
2019,Honda,Civic Coupe,Compact,2,4,AV,X,7.8,6.1,7.1,40,164,8,3,7,9
2019,Dodge,Challenger,Mid-size,6.4,8,M6,Z,16.7,10.4,13.9,20,325,3,1,1,6
2019,Ram,1500 Classic 4X4,Pickup truck: Standard,5.7,8,A8,X,16.1,11.5,14,20,328,3,3,1,6
2019,Porsche,911 Targa 4,Minicompact,3,6,AM7,Z,10.9,8.4,9.8,29,228,5,1,4,7
2019,Chevrolet,Camaro,Subcompact,2,4,M6,Z,11.9,7.9,10.1,28,235,5,5,4,8
2019,Ford,F-150 4X4 (LT Tire Pkg),Pickup truck: Standard,2.7,6,AS10,X,13.1,10.2,11.8,24,277,4,5,2,6
2019,Chevrolet,Camaro ZL1,Subcompact,6.2,8,M6,Z,17.2,12,14.9,19,349,2,1,1,5
2019,Honda,Civic Coupe,Compact,2,4,M6,X,9.3,6.7,8.1,35,189,6,3,6,8
2019,BMW,640i xDrive Gran Turismo,Full-size,3,6,AS8,Z,11.9,8.4,10.3,27,241,5,5,4,7
2019,Hyundai,Sonata,Full-size,2,4,AS8,X,10.4,7.4,9.1,31,212,5,5,5,8
2019,Lamborghini,Huracan Coupe,Two-seater,5.2,10,AM7,Z,18.1,13.2,15.9,18,366,2,1,1,5
2019,Kia,Sportage,SUV: Small,2.4,4,AS6,X,10.3,7.8,9.2,31,218,5,5,5,8
2019,Subaru,WRX AWD,Compact,2,4,AV8,Z,12.6,9.6,11.2,25,256,4,1,3,7
2019,BMW,M4 Cabriolet,Subcompact,3,6,AM7,Z,14.5,10.5,12.7,22,299,3,3,2,6
2019,Nissan,Qashqai,Station wagon: Small,2,4,M6,X,10.1,8.1,9.2,31,217,5,5,5,7
2019,Genesis,G70 AWD,Compact,2,4,AS8,Z,11.5,8.7,10.3,27,241,5,3,4,7
2019,Ford,Flex,SUV: Standard,3.5,6,AS6,X,14.7,10.2,12.7,22,298,3,3,2,6
2019,Chevrolet,Suburban,SUV: Standard,5.3,8,A6,X,15.7,10.5,13.4,21,314,3,3,1,6
2019,Chevrolet,Camaro,Subcompact,2,4,AS8,Z,10.8,7.7,9.4,30,220,5,5,5,8
2019,Honda,Civic Hatchback Sport,Full-size,1.5,4,M6,Z,8,6.2,7.2,39,167,8,3,7,9
2019,Chrysler,300 FFV,Full-size,3.6,6,A8,E,17.1,10.6,14.2,20,234,5,3,4,6
2019,Jaguar,XE 25t AWD,Compact,2,4,AS8,Z,9.8,6.9,8.5,33,200,6,7,6,8
2019,GMC,Sierra 4WD FFV,Pickup truck: Standard,5.3,8,A6,E,22,16.1,19.4,15,323,3,3,1,3
2019,Chevrolet,Tahoe FFV,SUV: Standard,5.3,8,A6,X,15.7,10.5,13.4,21,314,3,3,1,6
2019,Chevrolet,Suburban 4WD,SUV: Standard,5.3,8,A6,X,16.8,11.3,14.3,20,336,2,3,1,6
