Year,Make,Model,Vehicle Class,Engine Size (L),Cylinders,Transmission,Fuel Type,Fuel Consumption (City) (L/100 km),Fuel Consumption (Hwy) (L/100 km),Fuel Consumption (Comb) (L/100 km),Fuel Consumption (Comb) (mpg),CO2 Emissions (g/km),CO2 Rating,Smog Rating,CO2_Rating,Smog_Rating
2020,GMC,Yukon XL FFV,SUV: Standard,5.3,8,A6,E,21.2,13.9,17.9,16,298,3,3,2,5
2020,Hyundai,Elantra GT,Full-size,2,4,AS6,X,9.4,7.1,8.4,34,199,6,5,6,8
2020,Cadillac,CT6 AWD,Full-size,3.6,6,AS10,X,12.9,8.7,11,26,259,4,5,3,7
2020,Jeep,Cherokee 4X4 Active Drive II,SUV: Small,2,4,A9,X,11.5,8.6,10.2,28,240,5,5,4,7
2020,Chevrolet,Camaro,Subcompact,3.6,6,M6,X,14.3,9,11.9,24,280,4,6,2,7
2020,Toyota,Sienna,Minivan,3.5,6,AS8,X,12.6,9.1,11,26,259,4,5,3,7
2020,Porsche,718 Cayman GT4,Two-seater,4,6,M6,Z,14.3,10.4,12.5,23,294,3,3,2,6
2020,BMW,M550i xDrive Sedan,Mid-size,4.4,8,AS8,Z,13.6,9.3,11.7,24,273,4,3,3,7
2020,Ford,Escape,SUV: Small,1.5,3,A8,X,8.6,7.1,7.9,36,185,7,7,6,8
2020,Chevrolet,Silverado 4WD,Pickup truck: Standard,5.3,8,A6,X,15.9,11.8,14.1,20,331,3,5,1,6
2020,Chevrolet,Suburban 4WD,SUV: Standard,5.3,8,A6,X,16.8,11.3,14.4,20,337,2,3,1,6
2020,Alfa Romeo,Giulia AWD,Mid-size,2,4,A8,Z,10.5,7.7,9.2,31,217,5,3,5,8
2020,GMC,Canyon,Pickup truck: Small,2.5,4,A6,X,12.1,9.2,10.8,26,252,4,5,3,7
2020,Mazda,CX-30 4WD (Cylinder Deactivation),SUV: Small,2.5,4,AS6,X,9.5,7.4,8.6,33,200,6,7,6,8
2020,Land Rover,Range Rover Sport Supercharged,SUV: Standard,5,8,AS8,Z,14.1,10.7,12.6,22,294,3,3,2,6
2020,Land Rover,Range Rover Sport SVR,SUV: Standard,5,8,AS8,Z,16.2,12,14.3,20,336,2,3,1,5
2020,MINI,John Cooper Works 3 Door,Subcompact,2,4,AS8,Z,9.2,6.9,8.1,35,190,6,7,6,8
2020,Mercedes-Benz,AMG GLC 43 4MATIC Coupe,SUV: Small,3,6,A9,Z,13,9.8,11.6,24,272,4,5,3,7
2020,BMW,Alpina B7 xDrive,Full-size,4.4,8,AS8,Z,14.5,9.9,12.4,23,290,3,3,2,7
2020,Volkswagen,Golf,Compact,1.4,4,M6,X,8.4,6.6,7.6,37,177,7,7,6,8
2020,Ford,Shelby GT500 Mustang,Subcompact,5.2,8,AM7,Z,19.9,12.7,16.7,17,392,1,3,1,5
2020,Maserati,Ghibli S,Mid-size,3,6,AS8,Z,14.1,9.8,12.2,23,286,3,1,2,7
2020,Ford,Transit Connect Van LWB,Special purpose vehicle,2,4,AS8,X,9.8,8.8,9.3,30,219,5,6,5,7
2020,Porsche,Cayenne Turbo,SUV: Standard,4,8,AS8,Z,15.6,12.4,14.1,20,329,3,3,1,5
2020,Audi,A3 Cabriolet quattro,Subcompact,2,4,AM7,X,10.8,8,9.5,30,224,5,7,5,7
2020,Jaguar,XF S AWD,Mid-size,3,6,AS8,Z,12,8.4,10.4,27,243,5,7,4,7
2020,Honda,Civic Coupe,Compact,1.5,4,AV7,X,7.8,6.4,7.2,39,167,7,3,7,9
Understanding the table,NA,NA,NA,NA,NA,NA,NA,NA,NA,NA,NA,NA,NA,NA,NA,NA
2020,MINI,Cooper S Convertible,Minicompact,2,4,AM7,Z,9.2,6.9,8.1,35,191,6,7,6,8
2020,Chevrolet,Equinox AWD,SUV: Small,2,4,A9,Z,10.9,8.3,9.7,29,228,5,5,4,7
2020,Toyota,Prius c,Compact,1.5,4,AV,X,4.9,5.5,5.1,55,120,10,7,9,10
2020,Land Rover,Discovery,SUV: Standard,3,6,AS8,Z,14.8,11.4,13.3,21,311,3,7,1,6
2020,Land Rover,Discovery Sport P290,SUV: Small,2,4,AS9,Z,12.3,9.8,11.1,25,262,4,7,3,7
2020,Kia,Forte,Mid-size,1.6,4,AM7,X,8.7,6.6,7.8,36,184,7,5,6,8
2020,Ram,ProMaster City,Special purpose vehicle,2.4,4,A9,X,11.2,8.3,9.9,29,232,5,6,4,7
2020,GMC,Acadia AWD,SUV: Standard,3.6,6,A9,X,13.1,9.4,11.4,25,269,4,6,3,7
2020,Porsche,Macan S,SUV: Small,3,6,AM7,Z,12.9,10.2,11.7,24,272,4,5,3,6
2020,BMW,X5 M Competition,SUV: Standard,4.4,8,AS8,Z,17.8,12.9,15.6,18,362,2,3,1,5
2020,Jeep,Renegade 4X4,SUV: Small,2.4,4,A9,X,11.2,8.2,9.8,29,230,5,6,4,7
2020,Infiniti,Q60 AWD Red Sport,Subcompact,3,6,AS7,Z,12.5,9.2,11,26,259,4,3,3,7
2020,Lexus,LC 500h,Subcompact,3.5,6,AV10,Z,9,7.1,8.1,35,189,6,7,6,8
2020,Mitsubishi,Outlander 4WD,SUV: Small,2.4,4,AV6,X,9.9,8.1,9.1,31,212,5,5,5,7
2020,Toyota,C-HR,Compact,2,4,AS7,X,8.7,7.5,8.2,34,189,6,3,6,8
2020,Toyota,Sequoia 4WD,SUV: Standard,5.7,8,AS6,X,18.5,13.9,16.4,17,385,1,5,1,5
2020,Porsche,Macan,SUV: Small,2,4,AM7,Z,12.2,10.2,11.3,25,265,4,5,3,6
2020,Aston Martin,Vantage V8,Two-seater,4,8,M7,Z,16.7,11.2,14.2,20,333,3,3,1,6
2020,Toyota,Corolla Hatchback,Compact,2,4,M6,X,8.4,6.3,7.5,38,174,7,6,7,9
2020,Ford,F-150,Pickup truck: Standard,2.7,6,AS10,X,12,8.9,10.6,27,249,4,5,4,7
2020,BMW,X3 M40i,SUV: Small,3,6,AS8,Z,11.3,8.7,10.1,28,235,5,5,4,7
2020,Porsche,718 Cayman T,Two-seater,2,4,AM7,Z,11.2,8.7,10.1,28,236,5,1,4,7
2020,Volkswagen,Golf,Compact,1.4,4,AS8,X,8.1,6.6,7.4,38,174,7,7,7,8
2020,Chevrolet,Silverado 4WD,Pickup truck: Standard,2.7,4,A8,X,12.5,10.8,11.7,24,275,4,6,3,6
2020,Buick,Regal AWD,Mid-size,3.6,6,AS9,X,12.5,8.8,10.9,26,255,4,6,3,7
2020,Chevrolet,Silverado WT,Pickup truck: Standard,2.7,4,A8,X,12.5,10.8,11.7,24,275,4,6,3,6
2020,FIAT,124 Spider,Two-seater,1.4,4,M6,X,9,6.7,7.9,36,185,7,3,6,8
2020,Lamborghini,Huracan Coupe,Two-seater,5.2,10,AM7,Z,18,12.9,15.7,18,370,2,1,1,5
2020,BMW,230i xDrive Cabriolet,Subcompact,2,4,AS8,Z,10.9,7.5,9.4,30,219,5,7,5,8
2020,Land Rover,Defender 110 P300,SUV: Standard,2,4,AS8,Z,14.2,11.7,13,22,306,3,7,1,6
2020,Kia,Stinger AWD,Mid-size,3.3,6,AS8,Z,13.6,9.6,11.8,24,279,4,3,2,7
2020,BMW,X5 xDrive50i,SUV: Standard,4.4,8,AS8,Z,14.5,10.7,12.8,22,302,3,3,1,6
2020,Mercedes-Benz,AMG S 63 4MATIC+ Coupe,Compact,4,8,A9,Z,14,8.7,11.6,24,271,4,5,3,7
2020,Ram,1500 4X4,Pickup truck: Standard,5.7,8,A8,X,16.1,11,13.8,20,325,3,3,1,6
2020,Ram,1500 eTorque,Pickup truck: Standard,3.6,6,A8,X,11.9,9.4,10.8,26,253,4,5,3,7
2020,BMW,Z4 M40i,Two-seater,3,6,AS8,Z,10.3,8,9.3,30,216,5,5,5,7
2020,Ford,EcoSport AWD,SUV: Small,2,4,AS6,X,10.2,8.1,9.2,31,216,5,5,5,7
2020,Dodge,Charger,Full-size,3.6,6,A5,X,13.7,9,11.6,24,271,4,3,3,7
CO2 rating,the tailpipe emissions of carbon dioxide rated on a scale from 1 (worst) to 10 (best),NA,NA,NA,NA,NA,NA,NA,NA,NA,NA,NA,NA,NA,NA,NA
2020,Audi,Q7,SUV: Standard,3,6,AS8,Z,13.8,11.4,12.7,22,296,3,5,2,6
2020,Honda,Civic Hatchback,Full-size,1.5,4,AV,X,7.7,6,6.9,41,162,8,3,7,9
2020,BMW,750Li xDrive Sedan,Full-size,4.4,8,AS8,Z,14.5,9.9,12.4,23,290,3,3,2,7
2020,Ford,F-150 FFV,Pickup truck: Standard,5,8,AS10,E,20,14.8,17.6,16,293,3,3,2,4
2020,Chevrolet,Silverado,Pickup truck: Standard,5.3,8,A8,X,13.9,10.1,12.2,23,286,3,5,2,6
2020,Jeep,Cherokee 4X4 Active Drive Lock,SUV: Small,2,4,A9,X,11.8,9.2,10.6,27,249,4,5,4,7
2020,BMW,M5 Sedan,Mid-size,4.4,8,AS8,Z,16,11,13.8,20,322,3,3,1,6
2020,Land Rover,Range Rover Velar P250,SUV: Small,2,4,AS8,Z,11.2,8.9,10.2,28,238,5,7,4,7
2020,Mitsubishi,Mirage,Compact,1.2,3,M5,X,7.1,5.8,6.5,43,151,8,5,7,9
2020,Mercedes-Benz,Metris Cargo,Special purpose vehicle,2,4,A7,Z,11.1,9.8,10.5,27,247,4,5,4,7
2020,Hyundai,Accent,Compact,1.6,4,M6,X,7.8,6.1,7,40,168,7,3,7,9
2020,Land Rover,Range Rover SVAutobiography Dynamic,SUV: Standard,5,8,AS8,Z,17.1,12.6,15.1,19,354,2,3,1,5
2020,Porsche,Panamera GTS ST,Full-size,4,8,AM8,Z,15.7,10.5,13.4,21,313,3,3,1,6
2020,Audi,Q5,SUV: Small,2,4,AM7,Z,10.7,8.4,9.7,29,226,5,5,4,7
2020,Buick,Encore AWD,SUV: Small,1.4,4,AS6,X,10,8,9.1,31,214,5,5,5,7
2020,Mercedes-Benz,S 560 4MATIC SWB,Mid-size,4,8,A9,Z,13.7,8.8,11.5,25,268,4,5,3,7
2020,Chevrolet,Equinox,SUV: Small,1.5,4,A6,X,8.9,7.7,8.4,34,196,6,7,6,8
NA,AS = automatic with select shift,NA,NA,NA,NA,NA,NA,NA,NA,NA,NA,NA,NA,NA,NA,NA
NA,D = diesel,NA,NA,NA,NA,NA,NA,NA,NA,NA,NA,NA,NA,NA,NA,NA
2020,Audi,A6 allroad,Station wagon: Mid-size,3,6,AM7,Z,11.8,9.1,10.6,27,247,4,5,4,7
2020,Jaguar,XF 25t AWD,Mid-size,2,4,AS8,Z,10.1,7.2,8.8,32,207,6,7,5,8
2020,Alfa Romeo,Giulia,Mid-size,2,4,A8,Z,10,7.2,8.7,32,205,6,3,5,8
2020,Bentley,Mulsanne,Mid-size,6.8,8,AS8,Z,24.5,14.4,20,14,465,1,1,1,4
2020,Subaru,Outback AWD,SUV: Small,2.4,4,AV8,X,10.1,7.9,9.1,31,213,5,3,5,8
2020,Mercedes-Benz,SL 450,Two-seater,3,6,A9,Z,12.1,8.5,10.5,27,241,5,3,4,7
2020,GMC,Yukon 4WD,SUV: Standard,5.3,8,A6,X,16,11.2,13.8,20,325,3,3,1,6
2020,Ford,Explorer Hybrid AWD,SUV: Standard,3.3,6,AS10,X,10.1,9,9.6,29,225,5,5,5,7
2020,Dodge,Charger,Full-size,3.6,6,A8,X,12.4,7.8,10.3,27,242,5,3,4,8
2020,BMW,750i xDrive Sedan,Full-size,4.4,8,AS8,Z,14.5,9.9,12.4,23,290,3,3,2,7
2020,Jeep,Grand Cherokee 4X4,SUV: Standard,5.7,8,A8,X,16.7,10.9,14.1,20,331,3,3,1,6
2020,FIAT,500L,Station wagon: Small,1.4,4,A6,X,10.7,7.9,9.4,30,221,5,3,5,8
2020,Honda,Accord Sport/Touring,Mid-size,2,4,AS10,X,10.4,7.4,9.1,31,211,5,7,5,8
2020,Rolls-Royce,Wraith,Mid-size,6.6,12,AS8,Z,19.6,12.8,16.5,17,387,1,3,1,5
2020,Dodge,Durango AWD SRT,SUV: Standard,6.4,8,A8,Z,18.3,12.2,15.6,18,363,2,1,1,5
2020,Mazda,CX-9 4WD,SUV: Small,2.5,4,AS6,X,11.6,9.1,10.5,27,244,5,5,4,7
2020,BMW,M8 Cabriolet Competition,Subcompact,4.4,8,AS8,Z,16,11,13.8,20,322,3,3,1,6
2020,BMW,M4 Cabriolet Competition,Subcompact,3,6,M6,Z,13.8,9.4,11.9,24,280,4,3,2,7
2020,Buick,Encore,SUV: Small,1.4,4,AS6,X,9.4,7.8,8.7,32,204,6,5,5,8
2020,Bentley,Continental GT,Compact,4,8,AM8,Z,15.1,9.1,12.4,23,291,3,3,2,7
2020,Hyundai,Veloster,Compact,2,4,AS6,X,9.1,7.1,8.2,34,193,6,5,6,8
2020,Hyundai,Sonata Hybrid,Full-size,2,4,AM6,X,5.3,4.6,5,56,117,10,7,9,10
2020,Hyundai,Tucson AWD,SUV: Small,2.4,4,AS6,X,11,9.1,10.1,28,241,5,5,4,7
2020,Mercedes-Benz,AMG GLC 63 S 4MATIC+ Coupe,SUV: Small,4,8,A9,Z,15,10.9,13.2,21,309,3,5,1,6
2020,Bentley,Continental GT Convertible,Subcompact,6,12,AM8,Z,19.2,12.2,16,18,373,2,3,1,5
2020,Mazda,CX-30 4WD,SUV: Small,2,4,AS6,X,9.4,7.7,8.6,33,202,6,7,5,8
2020,Porsche,Panamera 4,Full-size,3,6,AM8,Z,12.4,9,10.9,26,253,4,5,3,7
2020,BMW,440i xDrive Coupe,Compact,3,6,M6,Z,13,8.5,11,26,257,4,3,3,7
2020,Buick,Regal AWD,Mid-size,2,4,AS8,Z,11,8,9.6,29,227,5,5,4,7
2020,Maserati,Ghibli,Mid-size,3,6,AS8,Z,14.1,9.8,12.2,23,286,3,1,2,7
2020,Audi,S5 Sportback,Mid-size,3,6,AS8,Z,11.8,8.9,10.5,27,245,5,5,4,7
2020,BMW,230i Coupe,Subcompact,2,4,M6,Z,11.1,7.3,9.4,30,219,5,7,5,8
2020,Cadillac,CT5-V AWD,Mid-size,3,6,AS10,Z,13.8,9.4,11.8,24,276,4,5,2,7
2020,Genesis,G70 AWD,Compact,2,4,AS8,Z,11.4,8.6,10.2,28,238,5,3,4,7
2020,Chevrolet,Silverado 4WD,Pickup truck: Standard,6.2,8,A10,Z,15,12,13.7,21,321,3,3,1,5
2020,Land Rover,Range Rover Velar SVAutobiography Dynamic,SUV: Small,5,8,AS8,Z,15.2,11.5,13.5,21,318,3,3,1,6
2020,Ford,F-150 Raptor 4X4,Pickup truck: Standard,3.5,6,AS10,X,15.3,13.1,14.3,20,336,2,5,1,5
2020,Mercedes-Benz,C 300 4MATIC Cabriolet,Subcompact,2,4,A9,Z,11.3,8.1,9.9,29,231,5,6,4,7
2020,BMW,M850i xDrive Coupe,Subcompact,4.4,8,AS8,Z,13.6,9.3,11.7,24,273,4,3,3,7
2020,Chevrolet,Impala,Full-size,3.6,6,AS6,X,12.8,8.5,10.9,26,255,4,5,3,7
2020,Mercedes-Benz,A 220 4MATIC,Subcompact,2,4,AM7,Z,9.8,7,8.6,33,201,6,5,5,8
2020,Nissan,Altima AWD SR/Platinum,Mid-size,2.5,4,AV,X,9.3,6.7,8.1,35,190,6,7,6,8
2020,Porsche,718 Boxster T,Two-seater,2,4,AM7,Z,11.2,8.7,10.1,28,236,5,1,4,7
2020,Ford,F-150,Pickup truck: Standard,3,6,AS10,D,11.1,8.3,9.8,29,264,4,1,3,7
2020,Mercedes-Benz,GLS 580 4MATIC,SUV: Standard,4,8,A9,Z,14.3,11.4,13,22,302,3,5,1,6
2020,Chevrolet,Suburban FFV,SUV: Standard,5.3,8,A6,E,21.2,13.9,17.9,16,298,3,3,2,5
2020,Ram,1500 eTorque,Pickup truck: Standard,5.7,8,A8,X,14.1,10.3,12.4,23,290,3,3,2,6
2020,Subaru,Crosstrek AWD,SUV: Small,2,4,AV8,X,8.5,7,7.9,36,185,7,6,6,8
2020,Nissan,Murano,Station wagon: Mid-size,3.5,6,AV7,X,11.7,8.3,10.2,28,240,5,5,4,7
2020,BMW,M4 Coupe,Compact,3,6,M6,Z,13.4,9.6,11.7,24,273,4,3,3,7
2020,Lexus,IS 350 AWD,Compact,3.5,6,AS6,Z,12.3,9.1,10.9,26,254,4,5,3,7
2020,Subaru,Impreza 5-Door AWD,Station wagon: Small,2,4,AV7,X,8.4,6.6,7.6,37,178,7,6,6,8
2020,BMW,X7 M50i,SUV: Standard,4.4,8,AS8,Z,15.5,11.4,13.6,21,318,3,3,1,6
2020,Mazda,CX-5,SUV: Small,2.5,4,AS6,X,9.7,7.8,8.8,32,206,6,7,5,8
2020,Lexus,GS 350 AWD,Mid-size,3.5,6,AS6,Z,12.3,9.1,10.9,26,254,4,5,3,7
2020,MINI,Cooper S Countryman ALL4,Mid-size,2,4,AS8,Z,10.4,7.5,9.1,31,212,5,7,5,8
2020,Buick,Encore GX,SUV: Small,1.2,3,AV,X,9,7.7,8.4,34,198,6,7,6,8
2020,GMC,Sierra 4WD AT4,Pickup truck: Standard,3,6,A10,D,10.5,9.1,9.9,29,265,4,1,3,7
2020,Bugatti,Divo,Two-seater,8,16,AM7,Z,27.2,18,23,12,537,1,1,1,2
2020,Volvo,XC60 T5 AWD,SUV: Small,2,4,AS8,Z,11.2,8.3,9.9,29,232,5,5,4,7
2020,Acura,NSX,Two-seater,3.5,6,AM9,Z,11.1,10.8,11,26,261,4,3,3,6
2020,Ford,F-150 4X4,Pickup truck: Standard,3.5,6,AS10,X,14.6,10.9,13,22,304,3,5,1,6
2020,Nissan,Altima AWD,Mid-size,2.5,4,AV,X,9.1,6.5,7.9,36,186,7,7,6,8
2020,Dodge,Charger (MDS),Full-size,6.4,8,A8,Z,15.8,9.6,13,22,305,3,1,1,7
2020,Nissan,Pathfinder 4WD Platinum,SUV: Small,3.5,6,AV,X,12.4,9.2,11,26,257,4,3,3,7
2020,Nissan,GT-R,Subcompact,3.8,6,AM6,Z,14.4,10.9,12.8,22,300,3,3,2,6
2020,Kia,Sedona,Minivan,3.3,6,AS8,X,12.7,9.9,11.5,25,271,4,5,3,7
2020,Porsche,Macan GTS,SUV: Small,2.9,6,AM7,Z,13.5,10.5,12.2,23,285,3,5,2,6
2020,Chevrolet,Silverado 4WD LT Trail Boss,Pickup truck: Standard,6.2,8,A10,Z,15.7,12.4,14.2,20,332,3,3,1,5
2020,MINI,Cooper S 5 Door,Subcompact,2,4,AM7,Z,8.9,6.6,7.9,36,184,7,7,6,8
2020,Ford,Mustang,Subcompact,5,8,M6,X,16.1,9.9,13.3,21,312,3,3,1,7
2020,Toyota,Corolla,Compact,1.8,4,M6,X,8,6,7.1,40,165,7,5,7,9
2020,Porsche,718 Cayman T,Two-seater,2,4,M6,Z,11.7,8.9,10.5,27,245,5,1,4,7
2020,BMW,X4 M,SUV: Small,3,6,AS8,Z,16.6,12.1,14.6,19,339,2,3,1,5
2020,Hyundai,Accent,Compact,1.6,4,AV,X,7.3,6,6.7,42,160,8,3,7,9
2020,Mercedes-Benz,GLB 250 4MATIC,SUV: Small,2,4,AM8,Z,10.1,7.7,9,31,210,5,6,5,8
2020,Kia,Niro,Station wagon: Small,1.6,4,AM6,X,4.6,5.1,4.8,59,114,10,7,9,10
2020,Land Rover,Defender 110 P400,SUV: Standard,3,6,AS8,Z,13.5,10.8,12.3,23,287,3,7,2,6
2020,BMW,440i Coupe,Compact,3,6,M6,Z,12.8,8.8,11,26,256,4,3,3,7
2020,Mercedes-Benz,AMG C 63 S Cabriolet,Subcompact,4,8,A9,Z,13.9,9.7,12,24,282,4,3,2,7
2020,Porsche,Cayenne Turbo Coupe,SUV: Standard,4,8,AS8,Z,15.8,12.2,14.2,20,332,3,3,1,5
2020,Chevrolet,Camaro SS,Subcompact,6.2,8,AS10,Z,14.6,8.9,12.1,23,282,4,1,2,7
2020,MINI,John Cooper Works Clubman ALL4,Mid-size,2,4,AS8,Z,10.1,7.6,9,31,210,5,3,5,8
2020,Mazda,Mazda3 5-Door (SIL),Mid-size,2.5,4,M6,X,9.2,6.6,8.1,35,189,6,7,6,8
2020,Subaru,WRX AWD,Compact,2,4,M6,Z,11.3,8.5,10.1,28,236,5,1,4,7
2020,Toyota,Corolla Hybrid,Compact,1.8,4,AV,X,4.4,4.5,4.5,63,106,10,7,9,10
2020,Jaguar,F-TYPE P300 Convertible,Two-seater,2,4,AS8,Z,10.2,7.8,9.2,31,215,5,7,5,8
2020,Porsche,Panamera 4S,Full-size,2.9,6,AM8,Z,13.1,8.9,11.2,25,260,4,5,3,7
2020,Ford,Mustang Convertible (Performance Pkg),Subcompact,2.3,4,M6,X,12.1,9.1,10.7,26,252,4,5,3,7
2020,Ram,1500 Classic 4X4,Pickup truck: Standard,3.6,6,A8,X,14.5,10.2,12.6,22,294,3,3,2,6
2020,Hyundai,Elantra,Mid-size,2,4,AV,X,7.8,5.6,6.8,42,161,8,5,7,9
2020,Aston Martin,DB11 AMR,Minicompact,5.2,12,A8,Z,15.5,10.6,13.3,21,312,3,3,1,6
NA,N = natural gas,NA,NA,NA,NA,NA,NA,NA,NA,NA,NA,NA,NA,NA,NA,NA
2020,Buick,Regal,Mid-size,2,4,AS9,Z,10.3,7.4,9,31,211,5,5,5,8
2020,Audi,S6,Mid-size,2.9,6,AS8,Z,12.9,8.5,10.9,26,255,4,5,3,7
2020,Jeep,Gladiator 4X4,Pickup truck: Standard,3.6,6,A8,X,13.7,10.7,12.3,23,290,3,5,2,6
2020,Cadillac,CT5-V,Mid-size,3,6,AS10,Z,13.1,9.1,11.3,25,263,4,5,3,7
2020,Jeep,Wrangler Unlimited 4X4,SUV: Small,3.6,6,M6,X,13.8,10.1,12.2,23,285,3,5,2,6
2020,BMW,440i xDrive Coupe,Compact,3,6,AS8,Z,11.4,8.3,10,28,233,5,3,4,7
2020,Jeep,Cherokee 4X4 Active Drive I,SUV: Small,2,4,A9,X,11.2,8,9.8,29,229,5,5,4,7
2020,Lexus,RX 450h AWD,SUV: Standard,3.5,6,AV6,Z,7.5,8.4,7.9,36,185,7,7,6,8
2020,GMC,Sierra 4WD,Pickup truck: Standard,4.3,6,A6,X,15.7,12,14.1,20,331,3,6,1,5
2020,Ford,Escape Hybrid,SUV: Small,2.5,4,AV,X,5.4,6.3,5.8,49,136,9,7,8,9
2020,Land Rover,Range Rover 5.0 Supercharged LWB,SUV: Standard,5,8,AS8,Z,14.4,11.3,13,22,305,3,3,1,6
2020,Mercedes-Benz,AMG E 63 S 4MATIC+ Wagon,Station wagon: Mid-size,4,8,A9,Z,14.6,10.4,12.7,22,299,3,3,2,6
2020,Ram,1500 4X4 eTorque,Pickup truck: Standard,5.7,8,A8,X,14.2,10.9,12.8,22,299,3,3,2,6
2020,Porsche,911 Carrera 4S Cabriolet,Minicompact,3,6,M7,Z,13.8,9.7,12,24,280,4,5,2,7
2020,Honda,Civic Coupe Si,Compact,1.5,4,M6,Z,8.9,6.4,7.8,36,183,7,3,6,9
2020,Mercedes-Benz,AMG GLC 63 S 4MATIC+,SUV: Small,4,8,A9,Z,15,10.9,13.2,21,309,3,5,1,6
2020,MINI,Cooper Convertible,Minicompact,1.5,3,AM7,Z,8.3,6.4,7.5,38,174,7,7,7,9
2020,Mercedes-Benz,AMG GLE 53 4MATIC+,SUV: Standard,3,6,A9,Z,13.2,10.8,12.1,23,285,3,6,2,6
2020,Honda,Civic Coupe,Compact,2,4,AV7,X,8.3,6.6,7.5,38,176,7,3,6,8
2020,Mazda,Mazda3 4-Door,Compact,2,4,AS6,X,8.4,6.6,7.6,37,178,7,7,6,8
2020,Chevrolet,Tahoe FFV,SUV: Standard,5.3,8,A6,E,21.2,13.9,17.9,16,298,3,3,2,5
2020,Honda,Civic Coupe,Compact,2,4,M6,X,9.3,6.7,8.1,35,189,6,3,6,8
2020,GMC,Sierra 4WD AT4,Pickup truck: Standard,5.3,8,A8,X,15.1,11.4,13.4,21,314,3,5,1,6
2020,Toyota,Highlander,SUV: Small,3.5,6,AS8,X,11.9,8.3,10.3,27,240,5,5,4,7
2020,GMC,Sierra WT,Pickup truck: Standard,2.7,4,A8,X,12.5,10.8,11.7,24,275,4,6,3,6
2020,Jeep,Wrangler 4X4,SUV: Small,2,4,A8,X,10.7,9.8,10.3,27,241,5,5,4,7
2020,Audi,Q7,SUV: Standard,2,4,AS8,Z,12.4,10.1,11.3,25,264,4,3,3,6
2020,Jeep,Cherokee,SUV: Small,3.2,6,A9,X,11.9,8.2,10.2,28,240,5,5,4,7
2020,Hyundai,Santa Fe AWD,SUV: Small,2,4,AS8,X,12,9.2,10.7,26,255,4,5,3,7
2020,Chevrolet,Colorado,Pickup truck: Small,2.5,4,A6,X,12.1,9.2,10.8,26,252,4,5,3,7
2020,BMW,M8 Gran Coupe Competition,Mid-size,4.4,8,AS8,Z,16,11,13.8,20,322,3,3,1,6
2020,Dodge,Challenger,Mid-size,3.6,6,A8,X,12.4,7.8,10.3,27,242,5,3,4,8
2020,Volkswagen,Jetta,Compact,1.4,4,M6,X,7.9,5.9,7,40,163,8,7,7,9
2020,Cadillac,XT5 AWD,SUV: Small,3.6,6,AS9,X,13.4,9.4,11.6,24,270,4,6,3,7
2020,Kia,Sportage AWD,SUV: Small,2,4,AS6,X,12.1,9.6,11,26,261,4,5,3,7
2020,Chevrolet,Tahoe 4WD FFV,SUV: Standard,5.3,8,A6,X,16,11.2,13.8,20,325,3,3,1,6
2020,Hyundai,Elantra,Mid-size,1.6,4,M6,X,10.1,7.6,9,31,214,5,5,5,8
2020,BMW,Z4 sDrive30i,Two-seater,2,4,AS8,Z,9.5,7.4,8.5,33,200,6,7,6,8
2020,Audi,S8,Full-size,4,8,AS8,Z,17.6,10.7,14.5,19,339,2,3,1,6
2020,Jeep,Grand Cherokee 4X4 Trackhawk,SUV: Standard,6.2,8,A8,Z,20.9,13.8,17.7,16,413,1,1,1,5
2020,Chevrolet,Silverado 4WD LT Trail Boss,Pickup truck: Standard,5.3,8,A10,X,14.7,11.2,13.1,22,307,3,5,1,6
2020,FIAT,124 Spider,Two-seater,1.4,4,A6,X,9.3,6.5,8,35,187,6,3,6,8
2020,Cadillac,XT5 AWD,SUV: Small,2,4,AS9,Z,11.2,8.9,10.1,28,235,5,6,4,7
2020,MINI,Cooper S Clubman ALL4,Mid-size,2,4,AS8,Z,10.2,7.4,8.9,32,207,6,7,5,8
2020,GMC,Yukon XL,SUV: Standard,5.3,8,A6,X,15.7,10.5,13.4,21,314,3,3,1,6
2020,Lexus,NX 300h AWD,SUV: Small,2.5,4,AV6,X,7.2,7.9,7.5,38,176,7,7,6,8
2020,Ram,1500 4X4 eTorque,Pickup truck: Standard,3.6,6,A8,X,12.2,9.7,11.1,25,260,4,5,3,7
2020,Volkswagen,Atlas Cross Sport 4MOTION,SUV: Small,3.6,6,AS8,X,14.3,10.7,12.7,22,297,3,5,2,6
2020,Nissan,370Z,Two-seater,3.7,6,M6,Z,13.3,9.3,11.5,25,270,4,3,3,7
2020,Chevrolet,Colorado 4WD,Pickup truck: Small,3.6,6,A8,X,14,9.9,12.2,23,286,3,5,2,7
2020,Toyota,86,Minicompact,2,4,AS6,Z,9.9,7.3,8.7,32,204,6,1,5,8
2020,Kia,Optima Hybrid,Mid-size,2,4,AM6,X,5.9,5.2,5.6,50,132,9,7,8,9
2020,Porsche,Panamera Turbo,Full-size,4,8,AM8,Z,12.8,9.2,11.2,25,261,4,3,3,7
2020,Toyota,Camry,Mid-size,2.5,4,AS8,X,8.1,5.7,6.9,41,164,8,7,7,9
2020,Mercedes-Benz,C 300 4MATIC Coupe,Subcompact,2,4,A9,Z,10.9,7.7,9.5,30,221,5,6,5,8
2020,Ford,Ranger 4WD,Pickup truck: Standard,2.3,4,AS10,X,11.8,9.8,10.9,26,256,4,5,3,7
2020,Porsche,Panamera Turbo Executive,Full-size,4,8,AM8,Z,12.8,9.2,11.2,25,261,4,3,3,7
2020,Hyundai,Kona AWD,SUV: Small,1.6,4,AM7,X,9,8,8.6,33,201,6,5,5,7
2020,Jaguar,F-TYPE Coupe R-Dynamic AWD,Two-seater,3,6,AS8,Z,13,9.2,11.3,25,265,4,7,3,7
2020,Audi,SQ8,SUV: Standard,4,8,AS8,Z,15.8,11.4,13.8,20,322,3,3,1,6
2020,Hyundai,Elantra,Mid-size,1.6,4,AM7,X,8.9,7,8.1,35,192,6,5,6,8
2020,Lexus,IS 300,Compact,2,4,AS8,Z,11,7.6,9.5,30,220,5,5,5,8
2020,Ford,Transit Connect Wagon LWB,Special purpose vehicle,2,4,AS8,X,9.9,8.2,9.2,31,214,5,6,5,7
2020,Dodge,Charger (MDS),Full-size,5.7,8,A8,X,14.7,9.4,12.3,23,289,3,3,2,7
2020,Dodge,Challenger AWD,Mid-size,3.6,6,A8,X,12.8,8.7,11,26,258,4,3,3,7
2020,Lincoln,Nautilus AWD,SUV: Small,2.7,6,AS8,X,12.5,9.2,11,26,258,4,5,3,7
2020,Ford,Shelby GT350 Mustang,Subcompact,5.2,8,M6,Z,17.1,11.4,14.5,19,342,2,3,1,6
2020,BMW,X1 xDrive28i,SUV: Small,2,4,AS8,Z,10.3,7.7,9.1,31,213,5,7,5,8
2020,Chevrolet,Silverado,Pickup truck: Standard,3,6,A10,D,10.2,7.2,8.9,32,238,5,1,4,8
2020,Lexus,IS 300 AWD,Compact,3.5,6,AS6,Z,12.3,9.1,10.9,26,254,4,5,3,7
2020,Mercedes-Benz,AMG CLA 35 4MATIC,Compact,2,4,AM7,Z,10.4,8.3,9.4,30,218,5,5,5,7
2020,Ford,Mustang (Performance Pkg),Subcompact,2.3,4,M6,X,11.8,8.7,10.4,27,244,5,5,4,7
2020,Volvo,XC90 T5 AWD,SUV: Standard,2,4,AS8,Z,11.2,8.3,9.9,29,232,5,5,4,7
2020,Jeep,Grand Cherokee 4X4 SRT,SUV: Standard,6.4,8,A8,Z,18.3,12.6,15.7,18,368,2,1,1,5
2020,Volvo,XC60 T6 AWD,SUV: Small,2,4,AS8,Z,11.7,8.6,10.3,27,240,5,7,4,7
2020,Toyota,RAV4 Hybrid AWD,SUV: Small,2.5,4,AV,X,5.7,6.3,6,47,139,9,7,8,9
2020,Jeep,Wrangler Unlimited 4X4 eTorque,SUV: Small,3.6,6,A8,X,12.6,10.7,11.8,24,276,4,5,2,6
2020,Mercedes-Benz,AMG SLC 43,Two-seater,3,6,A9,Z,11.8,8.2,10.2,28,238,5,5,4,7
2020,GMC,Sierra 4WD,Pickup truck: Standard,3,6,A10,D,10.5,9.1,9.9,29,265,4,1,3,7
2020,Jaguar,F-PACE S,SUV: Small,3,6,AS8,Z,13.3,10,11.8,24,277,4,7,2,6
2020,Chevrolet,Silverado FFV,Pickup truck: Standard,5.3,8,A6,E,22.2,16.2,19.5,14,326,3,3,1,3
2020,Subaru,WRX AWD,Compact,2,4,AV8,Z,12.9,9.7,11.5,25,263,4,1,3,7
2020,Maserati,Quattroporte GTS,Full-size,3.8,8,AS8,Z,16,10.8,13.7,21,321,3,1,1,6
2020,Honda,Accord,Full-size,1.5,4,AV7,X,8.2,6.8,7.6,37,177,7,7,6,8
2020,MINI,Cooper Clubman ALL4,Mid-size,1.5,3,AS8,Z,9.7,7,8.5,33,197,6,7,6,8
2020,Mazda,CX-3 4WD,Compact,2,4,AS6,X,8.6,7.4,8.1,35,189,6,3,6,8
2020,Buick,Envision AWD,SUV: Small,2.5,4,A6,X,11.1,8.6,10,28,234,5,5,4,7
2020,Volkswagen,Tiguan 4MOTION,SUV: Small,2,4,AS8,X,11.5,8.7,10.2,28,241,5,7,4,7
2020,Mazda,Mazda3 4-Door (SIL),Compact,2,4,M6,X,8.7,6.4,7.7,37,180,7,7,6,9
2020,Lamborghini,Aventador Roadster,Two-seater,6.5,12,AM7,Z,26.6,15.8,21.7,13,493,1,1,1,4
2020,Toyota,Camry TRD,Mid-size,3.5,6,AS8,X,10.8,7.6,9.4,30,220,5,5,5,8
2020,Rolls-Royce,Ghost,Full-size,6.6,12,AS8,Z,20.4,13.1,17.1,17,400,1,3,1,5
2020,Chevrolet,Silverado WT 4WD,Pickup truck: Standard,2.7,4,A8,X,12.7,11,12,24,280,4,6,2,6
2020,GMC,Sierra WT 4WD,Pickup truck: Standard,2.7,4,A8,X,12.7,11,12,24,280,4,6,2,6
2020,BMW,M5 Competition,Mid-size,4.4,8,AS8,Z,16,11,13.8,20,322,3,3,1,6
2020,Porsche,911 Carrera 4,Minicompact,3,6,AM8,Z,13.1,9.8,11.6,24,275,4,5,3,7
2020,Subaru,BRZ,Minicompact,2,4,AS6,Z,9.7,7.2,8.6,33,200,6,1,6,8
2020,Audi,SQ5,SUV: Small,3,6,AS8,Z,13.1,10.3,11.8,24,276,4,5,2,6
2020,Toyota,Tundra,Pickup truck: Standard,5.7,8,AS6,X,17.7,13.6,15.9,18,371,2,5,1,5
2020,Nissan,Versa,Compact,1.6,4,M5,X,8.6,6.7,7.7,37,181,7,7,6,8
2020,Kia,Forte,Mid-size,2,4,M6,X,8.6,6.4,7.6,37,180,7,5,6,9
2020,Mazda,CX-3,Compact,2,4,AS6,X,8.3,6.9,7.7,37,179,7,3,6,8
2020,Mazda,Mazda6,Mid-size,2.5,4,AS6,X,9,6.7,8,35,188,6,7,6,8
Smog rating,the tailpipe emissions of smog-forming pollutants rated on a scale from 1 (worst) to 10 (best),NA,NA,NA,NA,NA,NA,NA,NA,NA,NA,NA,NA,NA,NA,NA
2020,BMW,X3 M Competition,SUV: Small,3,6,AS8,Z,16.6,12.1,14.6,19,339,2,3,1,5
2020,Subaru,Impreza 4-Door AWD,Mid-size,2,4,AV7,X,8.3,6.4,7.5,38,174,7,6,7,9
2020,Mercedes-Benz,AMG A 35 4MATIC,Subcompact,2,4,AM7,Z,9.9,7.5,8.9,32,207,6,5,5,8
2020,Honda,HR-V AWD,Station wagon: Small,1.8,4,AV,X,8.8,7.5,8.2,34,193,6,5,6,8
2020,BMW,M240i xDrive Coupe,Subcompact,3,6,AS8,Z,11.4,8.3,10,28,233,5,3,4,7
2020,MINI,Cooper Countryman ALL4,Mid-size,1.5,3,AS8,Z,9.8,7.1,8.6,33,200,6,7,6,8
2020,Chevrolet,Equinox AWD,SUV: Small,1.5,4,A6,X,9.3,8,8.7,32,204,6,7,5,7
2020,Ford,T-150 Wagon FFV,Van: Passenger,3.5,6,AS10,X,16.2,12.3,14.5,19,340,2,1,1,5
2020,GMC,Sierra 4WD,Pickup truck: Standard,6.2,8,A10,Z,15.5,11.9,13.9,20,326,3,3,1,6
2020,Chevrolet,Trax AWD,SUV: Small,1.4,4,AS6,X,10,8,9.1,31,214,5,5,5,7
2020,Porsche,718 Cayman,Two-seater,2,4,AM7,Z,11,8.7,10,28,233,5,1,4,7
2020,GMC,Sierra FFV,Pickup truck: Standard,5.3,8,A6,E,22.2,16.2,19.5,14,326,3,3,1,3
2020,Toyota,Sienna AWD,Minivan,3.5,6,AS8,X,13.4,9.6,11.7,24,274,4,5,3,7
2020,Audi,A3,Subcompact,2,4,AM7,X,8.8,6.5,7.8,36,182,7,7,6,8
2020,Hyundai,IONIQ Blue,Full-size,1.6,4,AM6,X,4.2,4,4.1,69,96,10,7,10,10
2020,BMW,X2 xDrive28i,SUV: Small,2,4,AS8,Z,9.9,7.6,8.8,32,207,6,7,5,8
2020,Subaru,BRZ,Minicompact,2,4,M6,Z,11.2,8.2,9.9,29,231,5,1,4,7
2020,Toyota,Tacoma 4WD,Pickup truck: Small,2.7,4,AS6,X,12.7,10.6,11.7,24,274,4,5,3,6
2020,GMC,Canyon 4WD,Pickup truck: Small,2.5,4,A6,X,12.6,9.7,11.3,25,265,4,5,3,7
2020,Cadillac,CT4 AWD,Compact,2.7,4,AS10,Z,11.7,8.4,10.2,28,238,5,6,4,7
2020,Honda,Fit,Station wagon: Small,1.5,4,M6,X,8.1,6.6,7.4,38,174,7,3,7,8
2020,Chevrolet,Silverado 4WD,Pickup truck: Standard,5.3,8,A10,X,14.3,10.6,12.6,22,296,3,5,2,6
2020,Honda,Accord,Full-size,1.5,4,M6,X,8.9,6.7,7.9,36,185,7,6,6,8
2020,Jaguar,F-TYPE Coupe R-Dynamic,Two-seater,3,6,AS8,Z,12.4,8.8,10.8,26,253,4,7,3,7
2020,Subaru,Legacy AWD,Full-size,2.4,4,AV8,X,9.9,7.3,8.7,32,205,6,3,5,8
2020,BMW,430i xDrive Gran Coupe,Compact,2,4,AS8,Z,10.9,7.5,9.4,30,219,5,7,5,8
2020,Subaru,Impreza 5-Door AWD,Station wagon: Small,2,4,M5,X,10.1,7.7,9,31,211,5,6,5,8
2020,Jeep,Wrangler 4X4,SUV: Small,3.6,6,M6,X,13.7,9.6,11.8,24,277,4,5,2,7
2020,Hyundai,Sonata,Full-size,1.6,4,AS8,X,8.6,6.6,7.7,37,181,7,5,6,8
2020,Toyota,4Runner 4WD (Part-Time 4WD),SUV: Standard,4,6,AS5,X,14.8,12.5,13.8,20,321,3,5,1,5
2020,Ford,Mustang Convertible,Subcompact,2.3,4,M6,X,11.8,8.4,10.3,27,240,5,5,4,7
2020,Ford,F-150 4X4 XL/XLT,Pickup truck: Standard,3,6,AS10,D,11.3,8.5,10,28,270,4,1,3,7
2020,Hyundai,Tucson AWD,SUV: Small,2,4,AS6,X,10.8,9.2,10.1,28,239,5,5,4,7
2020,Porsche,Cayenne,SUV: Standard,3,6,AS8,Z,12.5,10.3,11.5,25,269,4,5,3,6
2020,Honda,Odyssey,Minivan,3.5,6,AS10,X,12.2,8.5,10.6,27,248,4,5,4,7
2020,BMW,M4 Coupe,Compact,3,6,AM7,Z,14.1,10.3,12.4,23,290,3,3,2,6
2020,Ford,F-150 FFV (LT Tire Pkg),Pickup truck: Standard,5,8,AS10,X,14.4,11.2,13,22,305,3,3,1,6
2020,Mercedes-Benz,GLC 300 4MATIC,SUV: Small,2,4,A9,Z,11.2,8.5,10,28,234,5,6,4,7
2020,Dodge,Grand Caravan,Minivan,3.6,6,A6,X,13.7,9.4,11.8,24,276,4,5,2,7
2020,Lamborghini,Urus,SUV: Standard,4,8,AS8,Z,19.2,14.1,16.9,17,384,1,3,1,4
2020,FIAT,500X AWD,SUV: Small,1.3,4,A9,X,10,7.9,9.1,31,213,5,6,5,8
2020,Chevrolet,Silverado 4WD,Pickup truck: Standard,3,6,A10,D,10.4,8,9.4,30,252,4,1,3,7
2020,Ford,Edge AWD,SUV: Small,2,4,AS8,X,11.4,8.3,10,28,233,5,5,4,7
2020,Land Rover,Range Rover Evoque P300,SUV: Small,2,4,AS9,Z,11.4,8.9,10.3,27,242,5,7,4,7
2020,Lincoln,Aviator,SUV: Standard,3,6,AS10,X,13.7,9.7,11.9,24,280,4,5,2,7
2020,Porsche,911 Carrera 4S,Minicompact,3,6,AM8,Z,13.1,10.2,11.8,24,277,4,5,2,6
2020,Chevrolet,Silverado 4WD Custom Trail Boss,Pickup truck: Standard,6.2,8,A10,Z,16.8,13.3,15.2,19,357,2,3,1,5
2020,Mercedes-Benz,AMG CLA 45 4MATIC,Compact,2,4,AM8,Z,11.7,8.1,10.1,28,237,5,3,4,7
2020,Nissan,Titan 4WD Pro-4X,Pickup truck: Standard,5.6,8,AS9,Z,15.1,11.2,13.3,21,313,3,5,1,6
2020,Audi,A6 quattro,Mid-size,3,6,AM7,Z,10.9,8.2,9.7,29,227,5,5,4,7
2020,Porsche,911 Carrera 4S Cabriolet,Minicompact,3,6,AM8,Z,13.1,10.2,11.8,24,277,4,5,2,6
2020,GMC,Sierra 4WD AT4,Pickup truck: Standard,5.3,8,A6,X,16.7,13.1,15.1,19,354,2,5,1,5
2020,Toyota,RAV4,SUV: Small,2.5,4,AS8,X,8.8,6.8,7.9,36,184,7,6,6,8
2020,Toyota,Camry Hybrid XLE/SE,Mid-size,2.5,4,AV,X,5.3,5,5.1,55,121,10,7,9,9
2020,BMW,330i xDrive Sedan,Compact,2,4,AS8,Z,9.5,6.9,8.3,34,195,6,7,6,8
2020,BMW,M2 CS,Subcompact,3,6,AM7,Z,14.1,10.3,12.4,23,290,3,3,2,6
2020,Audi,A5 Cabriolet quattro,Subcompact,2,4,AM7,Z,10,7.4,8.8,32,206,6,3,5,8
2020,Mercedes-Benz,AMG S 63 4MATIC+ Cabriolet,Subcompact,4,8,A9,Z,15.8,9.8,13.1,22,306,3,5,1,7
2020,Cadillac,CT5 AWD,Mid-size,2,4,AS10,Z,11,7.7,9.5,30,221,5,6,5,8
2020,Toyota,Camry Hybrid LE,Mid-size,2.5,4,AV,X,4.9,4.8,4.9,58,113,10,7,9,10
2020,Mazda,MX-5,Two-seater,2,4,AS6,Z,9,6.6,7.9,36,186,7,3,6,8
2020,BMW,M4 CS,Compact,3,6,AM7,Z,14.1,10.3,12.4,23,290,3,3,2,6
2020,Mercedes-Benz,AMG C 63 S Coupe,Subcompact,4,8,A9,Z,13.9,9.2,11.8,24,277,4,3,2,7
2020,Land Rover,Range Rover Velar P340,SUV: Small,3,6,AS8,Z,13,10,11.6,24,273,4,7,3,6
2020,Hyundai,IONIQ,Full-size,1.6,4,AM6,X,4.2,4.2,4.2,67,99,10,7,10,10
2020,Ford,Transit Connect Wagon LWB FFV,Special purpose vehicle,2,4,AS8,X,9.9,8.2,9.2,31,214,5,5,5,7
2020,Toyota,4Runner 4WD,SUV: Standard,4,6,AS5,X,14.8,12.5,13.8,20,321,3,5,1,5
2020,BMW,M235i xDrive Gran Coupe,Compact,2,4,AS8,Z,10.3,7.3,9,31,208,6,3,5,8
2020,Nissan,370Z,Two-seater,3.7,6,AS7,Z,12.6,9.3,11.1,25,261,4,3,3,7
2020,GMC,Sierra 4WD,Pickup truck: Standard,5.3,8,A8,X,14.7,10.8,13,22,304,3,5,1,6
2020,GMC,Terrain AWD,SUV: Small,1.5,4,A9,X,9.5,8.3,9,31,210,5,7,5,7
2020,BMW,X6 M50i,SUV: Standard,4.4,8,AS8,Z,14.5,10.7,12.8,22,302,3,3,1,6
2020,Porsche,718 Boxster,Two-seater,2,4,M6,Z,11.7,8.9,10.5,27,245,5,1,4,7
2020,Volvo,V60 T5,Station wagon: Small,2,4,AS8,Z,10.5,7.1,8.9,32,208,6,5,5,8
2020,Nissan,Rogue AWD,SUV: Small,2.5,4,AV,X,9.6,7.5,8.7,32,204,6,7,5,8
2020,Ford,Mustang,Subcompact,5,8,AS10,X,15,9.1,12.3,23,289,3,3,2,7
2020,Ram,1500 Classic,Pickup truck: Standard,3.6,6,A8,X,13.9,9.6,11.9,24,280,4,3,2,7
2020,BMW,M340i xDrive Sedan,Compact,3,6,AS8,Z,11.4,8.3,10,28,233,5,5,4,7
2020,Acura,TLX SH-AWD A-SPEC/Limited Edition,Compact,3.5,6,AS9,Z,12,8.2,10.3,27,240,5,3,4,7
2020,Lexus,NX 300 AWD,SUV: Small,2,4,AS6,Z,10.7,8.5,9.7,29,226,5,3,4,7
2020,Genesis,G80 AWD,Full-size,3.3,6,AS8,Z,13.8,9.7,11.9,24,282,4,3,2,7
2020,Mercedes-Benz,AMG E 53 4MATIC+ Wagon,Station wagon: Mid-size,3,6,A9,Z,11.5,8.6,10.2,28,239,5,6,4,7
2020,GMC,Terrain,SUV: Small,1.5,4,A9,X,9.2,7.8,8.6,33,202,6,7,5,8
2020,Hyundai,Elantra GT,Full-size,1.6,4,AM7,X,9.7,7.4,8.6,33,205,6,5,5,8
2020,Mercedes-Benz,AMG E 53 4MATIC+ Coupe,Subcompact,3,6,A9,Z,11.3,8.5,10.1,28,237,5,6,4,7
2020,Audi,A5 Sportback quattro,Mid-size,2,4,AM7,Z,10,7.3,8.8,32,205,6,3,5,8
2020,Maserati,Levante Trofeo,SUV: Standard,3.8,8,AS8,Z,17.3,12.9,15.3,18,360,2,1,1,5
2020,Mercedes-Benz,E 450 4MATIC Coupe,Subcompact,3,6,A9,Z,12.5,9.1,11,26,257,4,5,3,7
2020,Alfa Romeo,Stelvio,SUV: Small,2,4,A8,Z,10.3,8.1,9.3,30,218,5,3,5,7
2020,Honda,Accord,Full-size,1.5,4,AV,X,7.9,6.3,7.2,39,170,7,7,7,9
2020,Subaru,WRX STI AWD,Compact,2.5,4,M6,Z,14.3,10.8,12.7,22,297,3,1,2,6
2020,GMC,Yukon XL 4WD FFV,SUV: Standard,5.3,8,A6,X,16.8,11.3,14.4,20,337,2,3,1,6
2020,Hyundai,Elantra GT,Full-size,2,4,M6,X,9.8,7.4,8.7,32,207,6,5,5,8
2020,GMC,Yukon 4WD,SUV: Standard,6.2,8,A10,Z,16.5,10.9,13.9,20,327,3,3,1,6
2020,Mercedes-Benz,AMG E 63 S 4MATIC+,Mid-size,4,8,A9,Z,16,10.5,13.5,21,318,3,3,1,6
2020,Jeep,Cherokee 4X4 Active Drive I,SUV: Small,2.4,4,A9,X,11.2,8,9.8,29,230,5,6,4,7
2020,Honda,Civic Sedan,Mid-size,2,4,AV7,X,8.2,6.5,7.4,38,172,7,3,7,8
2020,Mercedes-Benz,CLS 450 4MATIC,Compact,3,6,A9,Z,10.1,7.9,9.1,31,213,5,6,5,8
2020,Kia,Niro Touring,Station wagon: Small,1.6,4,AM6,X,5.1,5.8,5.4,52,129,9,7,8,9
2020,Chevrolet,Colorado 4WD,Pickup truck: Small,2.8,4,A6,D,12.3,8.5,10.6,27,284,3,3,2,7
2020,Mercedes-Benz,GLA 250 4MATIC,SUV: Small,2,4,AM7,Z,10.2,7.5,9,31,211,5,5,5,8
2020,Volvo,S60 T5,Compact,2,4,AS8,Z,10.5,7.1,8.9,32,208,6,5,5,8
2020,Lexus,LS 500h AWD,Mid-size,3.5,6,AV10,Z,10.3,7.7,9.1,31,214,5,7,5,8
2020,GMC,Sierra,Pickup truck: Standard,5.3,8,A6,X,15.9,11.4,13.9,20,326,3,5,1,6
2020,BMW,M8 Coupe,Subcompact,4.4,8,AS8,Z,16,11,13.8,20,322,3,3,1,6
2020,GMC,Sierra 4WD,Pickup truck: Standard,5.3,8,A10,X,14.3,10.6,12.7,22,298,3,5,2,6
2020,Porsche,718 Boxster S,Two-seater,2.5,4,AM7,Z,12.2,9.2,10.9,26,255,4,1,3,7
2020,Ford,F-150 FFV,Pickup truck: Standard,5,8,AS10,X,14.3,10.6,12.6,22,297,3,3,2,6
2020,Chrysler,300,Full-size,3.6,6,A8,X,12.4,7.8,10.3,27,242,5,3,4,8
2020,Jaguar,E-PACE P250,SUV: Small,2,4,AS9,Z,11,8.4,9.8,29,231,5,7,4,7
2020,Mitsubishi,RVR 4WD,SUV: Small,2,4,AV6,X,10.1,8.2,9.2,31,213,5,5,5,7
2020,Audi,S4,Compact,3,6,AS8,Z,11.8,8.9,10.5,27,245,5,5,4,7
2020,Ford,Fusion,Mid-size,1.5,4,AS6,X,10,7,8.7,32,203,6,7,5,8
2020,BMW,M240i Coupe,Subcompact,3,6,AS8,Z,11.4,8.1,9.9,29,231,5,3,4,7
2020,BMW,M4 Cabriolet Competition,Subcompact,3,6,AM7,Z,14.5,10.5,12.7,22,299,3,3,2,6
2020,Ford,Escape AWD,SUV: Small,2,4,AS8,X,10.4,7.5,9.1,31,213,5,5,5,8
2020,Acura,TLX SH-AWD,Compact,3.5,6,AS9,Z,11.4,7.7,9.8,29,228,5,3,4,8
2020,Porsche,911 Carrera 4S,Minicompact,3,6,M7,Z,13.8,9.8,12,24,275,4,5,3,7
2020,Porsche,Panamera 4 ST,Full-size,3,6,AM8,Z,12.2,8.9,10.7,26,250,4,5,4,7
Model,4WD/4X4 = Four-wheel drive,NA,NA,NA,NA,NA,NA,NA,NA,NA,NA,NA,NA,NA,NA,NA
2020,GMC,Sierra 4WD AT4,Pickup truck: Standard,6.2,8,A10,Z,15.7,12.4,14.2,20,332,3,3,1,5
2020,Mazda,CX-30,SUV: Small,2.5,4,AS6,X,9.3,7.1,8.3,34,194,6,7,6,8
2020,Nissan,Sentra SR,Mid-size,2,4,AV,X,8.2,6.2,7.3,39,171,7,7,7,9
2020,Mitsubishi,Eclipse Cross 4WD,SUV: Small,1.5,4,AV8,X,9.6,8.9,9.3,30,216,5,5,5,7
2020,GMC,Sierra 4WD FFV,Pickup truck: Standard,5.3,8,A6,E,21.8,16.8,19.5,14,325,3,3,1,3
2020,Land Rover,Range Rover Sport Td6 Diesel,SUV: Standard,3,6,AS8,D,10.7,8.3,9.6,29,256,4,1,3,7
2020,Acura,RLX Hybrid,Mid-size,3.5,6,AM7,Z,8.4,8.2,8.4,34,196,6,7,6,7
2020,Chrysler,300 AWD,Full-size,3.6,6,A8,X,12.8,8.7,11,26,258,4,3,3,7
2020,Jeep,Renegade,SUV: Small,2.4,4,A9,X,10.8,7.8,9.5,30,222,5,6,5,8
2020,Ford,Explorer AWD,SUV: Standard,2.3,4,AS10,X,11.6,8.7,10.3,27,241,5,5,4,7
2020,Porsche,Panamera 4S Executive,Full-size,2.9,6,AM8,Z,13.1,8.9,11.2,25,260,4,5,3,7
2020,Rolls-Royce,Wraith Black Badge,Mid-size,6.6,12,AS8,Z,19.6,12.8,16.5,17,387,1,3,1,5
2020,Dodge,Charger Widebody (MDS),Full-size,6.4,8,A8,Z,15.8,9.6,13,22,305,3,1,1,7
2020,Dodge,Challenger,Mid-size,5.7,8,M6,Z,15.6,10.1,13.1,22,307,3,1,1,6
2020,Chrysler,Pacifica (Stop-Start),Minivan,3.6,6,A9,X,12.4,8.4,10.6,27,249,4,7,4,7
2020,Lexus,GX 460,SUV: Standard,4.6,8,AS6,Z,16.2,12.3,14.5,19,337,2,3,1,5
2020,Chevrolet,Silverado,Pickup truck: Standard,4.3,6,A6,X,15.1,11.5,13.5,21,318,3,6,1,6
2020,Ford,T-150 Wagon FFV 4WD,Van: Passenger,3.5,6,AS10,E,22.1,16.8,19.8,14,328,3,1,1,3
2020,BMW,M760i xDrive Sedan,Full-size,6.6,12,AS8,Z,17.8,11.9,15.1,19,354,2,3,1,6
2020,Honda,Pilot AWD,SUV: Small,3.5,6,A6,X,13,9.3,11.3,25,266,4,3,3,7
2020,Audi,A8L,Full-size,3,6,AS8,Z,13.5,8.9,11.5,25,267,4,5,3,7
NA,E = ethanol (E85),NA,NA,NA,NA,NA,NA,NA,NA,NA,NA,NA,NA,NA,NA,NA
2020,Volkswagen,Jetta GLI,Compact,2,4,M6,X,9.6,7.1,8.5,33,198,6,7,6,8
2020,Chevrolet,Spark,Subcompact,1.4,4,M5,X,8,6.2,7.2,39,170,7,5,7,9
2020,Ford,Expedition 4X4,SUV: Standard,3.5,6,AS10,X,14.1,10.6,12.5,23,294,3,5,2,6
2020,Land Rover,Range Rover SVAutobiography LWB,SUV: Standard,5,8,AS8,Z,17.9,12.7,15.5,18,365,2,3,1,5
2020,Mercedes-Benz,AMG C 43 4MATIC Wagon,Station wagon: Small,3,6,A9,Z,12.4,8.9,10.8,26,255,4,5,3,7
2020,BMW,M240i xDrive Coupe M Performance,Subcompact,3,6,AS8,Z,11.4,8.3,10,28,233,5,3,4,7
2020,GMC,Sierra 4WD,Pickup truck: Standard,2.7,4,A8,X,12.5,10.8,11.7,24,275,4,6,3,6
2020,Volvo,V60 CC T5 AWD,Station wagon: Small,2,4,AS8,Z,10.8,7.7,9.4,30,220,5,5,5,8
2020,Cadillac,CT6 AWD,Full-size,4.2,8,AS10,Z,17.3,9.5,13.8,20,324,3,3,1,7
2020,Toyota,Avalon,Mid-size,3.5,6,AS8,X,10.9,7.6,9.4,30,220,5,5,5,8
2020,Ram,1500 EcoDiesel,Pickup truck: Standard,3,6,A8,D,10.5,7.3,9,31,243,5,1,4,8
2020,Chevrolet,Suburban,SUV: Standard,5.3,8,A6,X,15.7,10.5,13.4,21,314,3,3,1,6
2020,Mercedes-Benz,AMG E 53 4MATIC+ Cabriolet,Subcompact,3,6,A9,Z,11.5,9,10.4,27,245,5,6,4,7
2020,Kia,Forte 5,Full-size,2,4,AV,X,8,6,7.1,40,169,7,5,7,9
2020,Audi,A8L,Full-size,4,8,AS8,Z,15.4,10.4,13.2,21,308,3,3,1,6
2020,Ford,Escape Hybrid AWD,SUV: Small,2.5,4,AV,X,5.5,6.4,5.9,48,139,9,7,8,9
2020,Aston Martin,DB11 V8,Minicompact,4,8,A8,Z,13,9.8,11.5,25,271,4,3,3,7
2020,GMC,Canyon 4WD,Pickup truck: Small,2.8,4,A6,D,12.3,8.5,10.6,27,284,3,3,2,7
2020,Jeep,Wrangler Unlimited 4X4,SUV: Small,2,4,A8,X,11.5,10.9,11.2,25,263,4,5,3,6
NA,M = manual,NA,NA,NA,NA,NA,NA,NA,NA,NA,NA,NA,NA,NA,NA,NA
2020,Land Rover,Range Rover Evoque P250,SUV: Small,2,4,AS9,Z,11.8,8.7,10.4,27,245,5,7,4,7
2020,Chevrolet,Blazer,SUV: Small,2,4,A9,X,11,8.3,9.8,29,225,5,6,5,7
2020,Lexus,ES 350 F SPORT,Mid-size,3.5,6,AS8,X,10.9,7.5,9.4,30,219,5,5,5,8
2020,GMC,Sierra 4WD,Pickup truck: Standard,5.3,8,A6,X,15.9,11.8,14.1,20,331,3,5,1,6
2020,BMW,X4 M40i,SUV: Small,3,6,AS8,Z,11.3,8.7,10.1,28,235,5,5,4,7
Fuel type,X = regular gasoline,NA,NA,NA,NA,NA,NA,NA,NA,NA,NA,NA,NA,NA,NA,NA
2020,GMC,Acadia,SUV: Standard,3.6,6,A9,X,12.6,8.8,10.9,26,257,4,6,3,7
2020,Chevrolet,Blazer,SUV: Small,2.5,4,A9,X,11.3,8.9,10.2,28,238,5,5,4,7
2020,Ford,F-150 (LT Tire Pkg),Pickup truck: Standard,3,6,AS10,D,11.1,8.3,9.8,29,264,4,1,3,7
2020,Jeep,Wrangler 4X4,SUV: Small,3.6,6,A8,X,12.8,10.4,11.8,24,274,4,5,3,6
2020,GMC,Yukon XL 4WD FFV,SUV: Standard,5.3,8,A6,E,22.2,15.3,19.1,15,319,3,3,1,4
2020,GMC,Sierra,Pickup truck: Standard,3,6,A10,D,10.2,7.8,9.1,31,245,5,1,4,8
2020,Audi,Q3 quattro,SUV: Small,2,4,AS8,X,12.3,8.6,10.6,27,248,4,7,4,7
2020,Ram,1500 Classic 4X4,Pickup truck: Standard,5.7,8,A8,X,16.2,11.6,14.1,20,330,3,3,1,6
2020,Ford,F-150 FFV (Payload Pkg),Pickup truck: Standard,5,8,AS10,X,15.1,11.8,13.6,21,319,3,3,1,6
2020,Land Rover,Range Rover Td6 Diesel,SUV: Standard,3,6,AS8,D,10.7,8.3,9.6,29,256,4,1,3,7
2020,BMW,M8 Cabriolet,Subcompact,4.4,8,AS8,Z,16,11,13.8,20,322,3,3,1,6
NA,EWB = Extended wheelbase,NA,NA,NA,NA,NA,NA,NA,NA,NA,NA,NA,NA,NA,NA,NA
2020,Jeep,Compass 4X4,SUV: Small,2.4,4,M6,X,10.8,7.6,9.4,30,221,5,3,5,8
2020,Honda,CR-V,SUV: Small,1.5,4,AV,X,8.3,7,7.7,37,180,7,6,6,8
2020,Chevrolet,Camaro ZL1,Subcompact,6.2,8,M6,Z,17.2,12,14.8,19,349,2,1,1,5
2020,Jaguar,F-PACE SVR,SUV: Small,5,8,AS8,Z,14.5,11,12.9,22,303,3,3,1,6
2020,Toyota,Tacoma 4WD,Pickup truck: Small,3.5,6,AS6,X,13,10.5,11.9,24,278,4,5,2,6
2020,Maserati,Levante S,SUV: Standard,3,6,AS8,Z,15.9,11.1,13.7,21,324,3,1,1,6
2020,BMW,440i xDrive Cabriolet,Subcompact,3,6,AS8,Z,12.4,8.5,10.7,26,249,4,3,4,7
2020,Kia,Sportage AWD,SUV: Small,2.4,4,AS6,X,10.8,9.1,10,28,239,5,5,4,7
2020,Mercedes-Benz,AMG GT 63 S 4MATIC+,Compact,4,8,A9,Z,15.6,11.5,13.7,21,324,3,5,1,6
2020,Volvo,XC40 T5 AWD,SUV: Small,2,4,AS8,Z,10.7,7.7,9.4,30,219,5,5,5,8
2020,Acura,RDX AWD,SUV: Small,2,4,AS10,Z,11,8.6,9.9,29,232,5,6,4,7
2020,BMW,M850i xDrive Gran Coupe,Mid-size,4.4,8,AS8,Z,14.5,9.9,12.4,23,290,3,3,2,7
2020,Audi,S5,Subcompact,3,6,AS8,Z,11.8,8.9,10.5,27,245,5,5,4,7
2020,Hyundai,Sonata,Full-size,2.5,4,AS8,X,8.8,6.4,7.7,37,182,7,7,6,9
2020,Chevrolet,Spark,Subcompact,1.4,4,AV,X,7.9,6.2,7.1,40,167,7,5,7,9
2020,Ford,Mustang Bullitt,Subcompact,5,8,M6,X,16.4,10.2,13.6,21,319,3,3,1,6
2020,Chevrolet,Camaro,Subcompact,2,4,M6,Z,11.9,7.9,10.1,28,235,5,5,4,8
2020,Volvo,XC90 T6 AWD,SUV: Standard,2,4,AS8,Z,12.2,8.7,10.7,26,248,4,7,4,7
2020,Kia,Forte 5,Full-size,1.6,4,AM7,X,8.9,6.9,8,35,190,6,5,6,8
2020,Lincoln,MKZ Hybrid,Mid-size,2,4,AV,X,5.5,5.7,5.6,50,131,9,7,8,9
2020,Chevrolet,Blazer AWD,SUV: Small,2,4,A9,X,11.3,8.7,10.1,28,232,5,6,4,7
2020,Chevrolet,Blazer AWD,SUV: Small,3.6,6,A9,X,13.1,9.4,11.4,25,269,4,6,3,7
2020,Honda,HR-V,Station wagon: Small,1.8,4,AV,X,8.4,7,7.8,36,181,7,5,6,8
2020,Lamborghini,Aventador Coupe,Two-seater,6.5,12,AM7,Z,26.2,15.5,21.4,13,485,1,1,1,4
2020,Lexus,RC 350 AWD,Subcompact,3.5,6,AS6,Z,13.1,9.8,11.2,25,262,4,5,3,7
2020,Kia,Soul,Station wagon: Small,2,4,AV,X,8.6,7.1,7.9,36,188,6,7,6,8
2020,Jaguar,F-TYPE SVR AWD Coupe,Two-seater,5,8,AS8,Z,15.2,9.8,12.7,22,299,3,3,2,7
2020,Audi,TT Roadster quattro,Two-seater,2,4,AM7,X,10.3,7.7,9.1,31,213,5,7,5,8
2020,Ford,Expedition MAX 4X4,SUV: Standard,3.5,6,AS10,X,14.7,11.2,13.1,22,308,3,5,1,6
2020,Porsche,Panamera Turbo ST,Full-size,4,8,AM8,Z,13.4,10.1,11.9,24,279,4,3,2,6
2020,Audi,TTS Coupe,Subcompact,2,4,AM7,Z,10.4,8.2,9.4,30,220,5,3,5,7
2020,Kia,Sorento AWD,SUV: Small,3.3,6,AS8,X,12.3,9.5,11.1,25,261,4,5,3,7
2020,Volvo,V60 T6 AWD,Station wagon: Small,2,4,AS8,Z,11,7.4,9.4,30,219,5,7,5,8
2020,Mazda,Mazda3 4-Door (Cylinder Deactivation),Compact,2.5,4,AS6,X,8.8,6.6,7.8,36,183,7,7,6,8
2020,Kia,Optima,Full-size,2.4,4,AS6,X,9.5,7.1,8.4,34,199,6,5,6,8
NA,AWD = All-wheel drive,NA,NA,NA,NA,NA,NA,NA,NA,NA,NA,NA,NA,NA,NA,NA
