Year,Make,Model,Vehicle Class,Engine Size (L),Cylinders,Transmission,Fuel Type,Fuel Consumption (City) (L/100 km),Fuel Consumption (Hwy) (L/100 km),Fuel Consumption (Comb) (L/100 km),Fuel Consumption (Comb) (mpg),CO2 Emissions (g/km),CO2 Rating,Smog Rating,CO2_Rating,Smog_Rating
2016,FORD,FOCUS RS AWD,MID-SIZE,2.3,4,M6,Z,12.1,9.3,10.9,26,255,5,NA,3,7
2016,GMC,SIERRA,PICKUP TRUCK - STANDARD,6.2,8,A8,Z,16.1,11.4,14,20,327,3,NA,1,6
2016,CADILLAC,ATS-V,COMPACT,3.6,6,AS8,Z,14.7,9.8,12.5,23,293,4,NA,2,7
2016,HYUNDAI,ELANTRA,MID-SIZE,1.8,4,M6,X,8.8,6.4,7.7,37,180,7,NA,6,9
2016,CADILLAC,XTS Vsport AWD,FULL-SIZE,3.6,6,AS6,Z,15,10.2,12.8,22,302,4,NA,1,6
2016,PORSCHE,CAYENNE GTS,SUV - STANDARD,3.6,6,A8,Z,14.8,10.4,12.8,22,300,4,NA,2,6
2016,TOYOTA,TACOMA,PICKUP TRUCK - SMALL,2.7,4,AS6,X,12,10,11.1,25,261,5,NA,3,6
2016,KIA,SOUL ECO DYNAMICS,STATION WAGON - SMALL,2,4,AS6,X,9.7,7.7,8.8,32,208,6,NA,5,8
2016,JEEP,COMPASS,SUV - SMALL,2,4,AV,X,10.8,8.9,10,28,234,5,NA,4,7
2016,LEXUS,RC 350,SUBCOMPACT,3.5,6,AS8,Z,12.3,8.5,10.6,27,246,5,NA,4,7
2016,TOYOTA,4RUNNER 4WD (Part-Time 4WD),SUV - STANDARD,4,6,AS5,X,14.2,11.1,12.8,22,298,4,NA,2,6
"of everyday driving. To help you compare vehicles from different model years, the ratings for 1995-2014 vehicles have been adjusted to reflect the improved testing.",NA,NA,NA,NA,NA,NA,NA,NA,NA,NA,NA,NA,NA,NA,NA,NA
2016,PORSCHE,PANAMERA S,FULL-SIZE,3,6,AM7,Z,13.4,8.8,11.4,25,267,5,NA,3,7
2016,FIAT,500 HATCHBACK TURBO,MINICOMPACT,1.4,4,M5,X,8.5,6.9,7.8,36,183,7,NA,6,8
2016,TOYOTA,COROLLA,MID-SIZE,1.8,4,A4,X,8.6,6.5,7.6,37,179,7,NA,6,8
2016,MINI,COOPER S PACEMAN ALL4,COMPACT,1.6,4,M6,Z,9.4,7.6,8.6,33,201,6,NA,5,8
2016,AUDI,A4 ALLROAD QUATTRO,STATION WAGON - SMALL,2,4,AS8,Z,11.2,8.4,9.9,29,232,5,NA,4,7
2016,HONDA,ODYSSEY,MINIVAN,3.5,6,A6,X,12.3,8.5,10.6,27,250,5,NA,4,7
2016,CHEVROLET,CORVETTE,TWO-SEATER,6.2,8,M7,Z,13.7,8.2,11.2,25,263,5,NA,3,7
2016,PORSCHE,BOXSTER GTS,TWO-SEATER,3.4,6,M6,Z,12.1,8.9,10.7,26,250,5,NA,4,7
2016,JEEP,CHEROKEE,SUV - SMALL,3.2,6,A9,X,11.4,8.1,9.9,29,233,5,NA,4,7
2016,INFINITI,Q50,MID-SIZE,3,6,AS7,Z,12.1,8.1,10.3,27,242,5,NA,4,7
2016,FORD,EXPLORER,SUV - STANDARD,2.3,4,AS6,X,12.6,8.5,10.8,26,253,5,NA,3,7
2016,MINI,JOHN COOPER WORKS COUNTRYMAN ALL4,COMPACT,1.6,4,M6,Z,9.4,7.6,8.6,33,201,6,NA,5,8
2016,HYUNDAI,SONATA SPORT/LIMITED,FULL-SIZE,2.4,4,AS6,X,10,7,8.6,33,204,6,NA,5,8
2016,GMC,YUKON XL FFV,SUV - STANDARD,5.3,8,A6,E,20.5,14,17.6,16,288,4,NA,2,4
2016,PORSCHE,911 CARRERA S CABRIOLET,MINICOMPACT,3.8,6,AM7,Z,12.2,8.7,10.6,27,250,5,NA,4,7
2016,PORSCHE,CAYENNE DIESEL (modified),SUV - STANDARD,3,6,A8,D,11.2,8.4,9.8,29,270,5,NA,3,7
2016,TOYOTA,TUNDRA 4WD,PICKUP TRUCK - STANDARD,4.6,8,AS6,X,16.9,12.9,15.1,19,351,3,NA,1,5
2016,PORSCHE,911 TARGA 4S,MINICOMPACT,3.8,6,AM7,Z,12.8,9.3,11.2,25,260,5,NA,3,7
2016,PORSCHE,PANAMERA 4S EXECUTIVE,FULL-SIZE,3,6,AM7,Z,13.7,8.9,11.5,25,271,4,NA,3,7
2016,DODGE,CHALLENGER SRT HELLCAT,MID-SIZE,6.2,8,M6,Z,18.1,11.4,15.1,19,353,3,NA,1,6
2016,BUICK,REGAL,MID-SIZE,2,4,AS6,Z,11.4,7.9,9.8,29,231,5,NA,4,8
2016,CHEVROLET,CRUZE LIMITED,MID-SIZE,1.4,4,AS6,X,9.1,6.3,7.8,36,184,7,NA,6,9
2016,JAGUAR,F-TYPE S CONVERTIBLE AWD,TWO-SEATER,3,6,AS8,Z,13,9.1,11.3,25,264,5,NA,3,7
2016,BMW,320i,COMPACT,2,4,M6,Z,10.7,7,9,31,211,6,NA,5,8
2016,JAGUAR,XJR,FULL-SIZE,5,8,AS8,Z,15.8,10.2,13.3,21,313,4,NA,1,6
2016,BMW,X4 xDRIVE28i,SUV - SMALL,2,4,AS8,Z,11.7,8.4,10.2,28,238,5,NA,4,7
2016,LINCOLN,MKX AWD,SUV - SMALL,3.7,6,AS6,X,14.4,10.3,12.5,23,293,4,NA,2,6
2016,MITSUBISHI,RVR,SUV - SMALL,2,4,AV6,X,9.6,7.6,8.7,32,202,6,NA,5,8
2016,BMW,Z4 sDRIVE35is,TWO-SEATER,3,6,AM7,Z,13.7,10,12.1,23,282,4,NA,2,6
2016,CHRYSLER,300 FFV,FULL-SIZE,3.6,6,A8,E,16.8,10.3,13.9,20,229,5,NA,4,6
2016,CHEVROLET,TAHOE FFV,SUV - STANDARD,5.3,8,A6,E,20.5,14,17.6,16,288,4,NA,2,4
2016,AUDI,Q3 QUATTRO,COMPACT,2,4,AS6,Z,11.9,8.4,10.3,27,240,5,NA,4,7
2016,FORD,SHELBY GT350 MUSTANG,SUBCOMPACT,5.2,8,M6,Z,16.9,11,14.2,20,334,3,NA,1,6
2016,BMW,428i xDRIVE COUPE,COMPACT,2,4,AS8,Z,10.5,6.9,8.9,32,209,6,NA,5,8
2016,DODGE,CHARGER (MDS),FULL-SIZE,5.7,8,A5,X,15.7,9.6,12.9,22,302,4,NA,1,7
2016,HYUNDAI,ELANTRA,MID-SIZE,2,4,M6,X,9.8,7,8.5,33,198,7,NA,6,8
2016,MERCEDES-BENZ,AMG GT S,TWO-SEATER,4,8,AM7,Z,14.5,10.8,12.8,22,303,4,NA,1,6
2016,MAZDA,MAZDA3 4-DOOR,COMPACT,2.5,4,AS6,X,8.4,6.1,7.4,38,173,8,NA,7,9
2016,GMC,CANYON,PICKUP TRUCK - SMALL,3.6,6,A6,X,13,9.2,11.3,25,265,5,NA,3,7
2016,JEEP,CHEROKEE 4X4 ACTIVE DRIVE II,SUV - SMALL,2.4,4,A9,X,11.4,8.6,10.1,28,238,5,NA,4,7
2016,VOLKSWAGEN,GOLF,COMPACT,1.8,4,M5,X,9.3,6.4,8,35,187,7,NA,6,9
2016,MAZDA,MAZDA3 5-DOOR,MID-SIZE,2.5,4,AS6,X,8.7,6.5,7.7,37,182,7,NA,6,8
2016,FORD,EXPLORER FFV,SUV - STANDARD,3.5,6,AS6,X,13.9,9.6,12,24,280,4,NA,2,7
2016,AUDI,A7 QUATTRO TDI (modified),MID-SIZE,3,6,AS8,D,9.4,6.2,7.8,36,213,6,NA,5,9
2016,HONDA,HR-V,SUV - SMALL,1.8,4,M6,X,9.3,7,8.3,34,193,7,NA,6,8
2016,ASTON MARTIN,V8 VANTAGE,TWO-SEATER,4.7,8,AM7,Z,17.4,11.3,14.7,19,343,3,NA,1,6
2016,BMW,228i xDRIVE,SUBCOMPACT,2,4,AS8,Z,10.4,6.8,8.8,32,207,6,NA,5,8
2016,MAZDA,MAZDA5,MINIVAN,2.5,4,AS5,X,10.8,8.3,9.7,29,226,5,NA,4,7
2016,FORD,FOCUS FFV,COMPACT,2,4,AM6,X,8.9,6,7.6,37,178,7,NA,6,9
2016,PORSCHE,911 TURBO S CABRIOLET,MINICOMPACT,3.8,6,AM7,Z,13.7,9.6,11.9,24,278,4,NA,2,7
2016,SUBARU,WRX,COMPACT,2.5,4,M6,Z,13.8,10.2,12.2,23,285,4,NA,2,6
2016,HYUNDAI,SANTA FE AWD,SUV - SMALL,3.3,6,AS6,X,13,9.7,11.5,25,269,5,NA,3,7
2016,SCION,iM,MID-SIZE,1.8,4,AV7,X,8.3,6.3,7.4,38,173,8,NA,7,9
2016,CHRYSLER,200 AWD FFV,MID-SIZE,3.6,6,A9,E,16.9,10.8,14.1,20,232,5,NA,4,6
2016,LAMBORGHINI,AVENTADOR ROADSTER,TWO-SEATER,6.5,12,AM7,Z,23.6,14.1,19.3,15,452,1,NA,1,4
2016,BMW,M235i xDRIVE CABRIOLET,SUBCOMPACT,3,6,AS8,Z,12,7.9,10.2,28,238,5,NA,4,8
2016,GMC,TERRAIN AWD,SUV - SMALL,3.6,6,A6,X,14.9,10.1,12.8,22,300,4,NA,2,6
2016,BMW,228i,SUBCOMPACT,2,4,AS8,Z,9.9,6.5,8.4,34,197,7,NA,6,8
2016,TOYOTA,CAMRY,MID-SIZE,3.5,6,AS6,X,11,7.7,9.5,30,222,6,NA,5,8
2016,BUICK,LACROSSE AWD FFV,MID-SIZE,3.6,6,AS6,E,18.5,12.5,15.8,18,263,5,NA,3,5
2016,CHEVROLET,IMPALA DUAL FUEL,MID-SIZE,3.6,6,AS6,X,13.9,9.3,11.9,24,272,4,NA,3,7
2016,JEEP,GRAND CHEROKEE 4X4 (MDS),SUV - STANDARD,5.7,8,A8,X,16.7,10.7,14,20,329,3,NA,1,6
2016,DODGE,DART GT,MID-SIZE,2.4,4,A6,X,10.6,7.5,9.2,31,215,6,NA,5,8
2016,LINCOLN,MKZ AWD,MID-SIZE,3.7,6,AS6,X,13.8,9.7,11.9,24,279,4,NA,2,7
2016,BMW,M4 COUPE,COMPACT,3,6,M6,Z,13.7,9,11.6,24,271,4,NA,3,7
2016,CHEVROLET,CORVETTE Z06,TWO-SEATER,6.2,8,AS8,Z,17.7,10.2,14.3,20,335,3,NA,1,6
2016,LEXUS,ES 350,MID-SIZE,3.5,6,AS6,X,11.4,7.6,9.7,29,225,6,NA,5,8
2016,MERCEDES-BENZ,S 550 4MATIC SWB,MID-SIZE,4.7,8,AS7,Z,14.7,9.1,12.2,23,294,4,NA,2,7
2016,PORSCHE,BOXSTER GTS,TWO-SEATER,3.4,6,AM7,Z,10.9,7.7,9.5,30,222,6,NA,5,8
2016,NISSAN,JUKE NISMO RS,STATION WAGON - SMALL,1.6,4,M6,Z,8.9,7.5,8.3,34,194,7,NA,6,8
2016,CHEVROLET,SILVERADO,PICKUP TRUCK - STANDARD,6.2,8,A8,Z,16.1,11.4,14,20,328,3,NA,1,6
2016,MITSUBISHI,LANCER,COMPACT,2,4,AV6,X,8.6,6.8,7.8,36,181,7,NA,6,8
2016,VOLKSWAGEN,JETTA,COMPACT,1.8,4,M5,X,9.4,6.4,8.1,35,189,7,NA,6,9
2016,JEEP,PATRIOT 4X4 TRAIL RATED,SUV - SMALL,2.4,4,AV,X,11.7,10.3,11.1,25,259,5,NA,3,6
2016,GMC,TERRAIN FFV,SUV - SMALL,2.4,4,A6,X,10.5,7.3,9.1,31,214,6,NA,5,8
2016,BMW,Z4 sDRIVE28i,TWO-SEATER,2,4,M6,Z,10.7,7,9,31,211,6,NA,5,8
2016,KIA,SPORTAGE,SUV - SMALL,2.4,4,AS6,X,11.4,8.3,10,28,231,5,NA,4,7
2016,MERCEDES-BENZ,AMG E 63 S 4MATIC WAGON,STATION WAGON - MID-SIZE,5.5,8,AS7,Z,15.2,11,13.3,21,310,4,NA,1,6
2016,BUICK,ENVISION AWD,SUV - SMALL,2,4,A6,Z,11.8,9.1,10.6,27,248,5,NA,4,7
2016,BUICK,ENCLAVE AWD,SUV - STANDARD,3.6,6,A6,X,16.1,10.8,13.7,21,323,3,NA,1,6
2016,FORD,MUSTANG,SUBCOMPACT,3.7,6,M6,X,13.6,8.4,11.2,25,264,5,NA,3,7
2016,TOYOTA,PRIUS v,STATION WAGON - MID-SIZE,1.8,4,AV,X,5.4,5.8,5.6,50,131,9,NA,8,9
2016,DODGE,DART,MID-SIZE,2.4,4,A6,X,10.1,6.8,8.6,33,202,6,NA,5,8
2016,MERCEDES-BENZ,CLS 400 4MATIC,COMPACT,3,6,AS7,Z,12.2,8.8,10.7,26,252,5,NA,3,7
2016,SCION,tC,COMPACT,2.5,4,AS6,X,10.2,7.6,9,31,211,6,NA,5,8
2016,AUDI,A8L QUATTRO,FULL-SIZE,6.3,12,AS8,Z,17.8,10.8,14.6,19,344,3,NA,1,6
2016,MINI,COOPER 3 DOOR,SUBCOMPACT,1.5,3,M6,Z,8.4,6,7.3,39,172,8,NA,7,9
2016,SCION,tC,COMPACT,2.5,4,M6,X,10.2,7.7,9,31,210,6,NA,5,8
2016,BMW,X3 xDRIVE28d,SUV - SMALL,2,4,AS8,D,8.6,6.9,7.9,36,211,6,NA,5,8
2016,GMC,CANYON,PICKUP TRUCK - SMALL,2.8,4,A6,D,10.8,7.7,9.4,30,252,5,NA,3,8
2016,JAGUAR,XJR LWB,FULL-SIZE,5,8,AS8,Z,15.8,10.2,13.3,21,313,4,NA,1,6
2016,TOYOTA,TACOMA 4WD,PICKUP TRUCK - SMALL,2.7,4,AS6,X,12.7,10.5,11.7,24,274,4,NA,3,6
2016,CHEVROLET,CAMARO,COMPACT,2,4,AS8,Z,10.9,7.5,9.3,30,218,6,NA,5,8
2016,LAND ROVER,RANGE ROVER SPORT,SUV - STANDARD,3,6,AS8,Z,14.2,10.2,12.4,23,291,4,NA,2,6
2016,HONDA,ACCORD SPORT,MID-SIZE,2.4,4,AV7,X,9.1,6.8,8,35,187,7,NA,6,8
2016,TOYOTA,TACOMA 4WD,PICKUP TRUCK - SMALL,2.7,4,M5,X,12.4,11.4,11.9,24,279,4,NA,2,6
2016,FIAT,500 CABRIO,MINICOMPACT,1.4,4,M5,X,7.9,6.3,7.2,39,168,8,NA,7,9
2016,GMC,CANYON 4WD,PICKUP TRUCK - SMALL,3.6,6,A6,X,13.6,9.9,11.9,24,279,4,NA,2,7
2016,PORSCHE,CAYMAN GT4,TWO-SEATER,3.8,6,M6,Z,13.3,10.1,11.8,24,277,4,NA,2,6
2016,NISSAN,FRONTIER 4WD,PICKUP TRUCK - SMALL,4,6,A5,X,15.7,11.3,13.7,21,322,3,NA,1,6
NA,E = Ethanol (E85),NA,NA,NA,NA,NA,NA,NA,NA,NA,NA,NA,NA,NA,NA,NA
2016,MITSUBISHI,RVR 4WD,SUV - SMALL,2.4,4,AV6,X,10.5,8.6,9.6,29,223,6,NA,5,7
2016,BUICK,LACROSSE AWD FFV,MID-SIZE,3.6,6,AS6,X,13.8,9,11.7,24,274,4,NA,3,7
2016,AUDI,S5 CABRIOLET QUATTRO,SUBCOMPACT,3,6,AM7,Z,13.3,9.1,11.4,25,266,5,NA,3,7
2016,NISSAN,JUKE,STATION WAGON - SMALL,1.6,4,M6,Z,8.5,6.9,7.8,36,183,7,NA,6,8
2016,HYUNDAI,GENESIS COUPE,SUBCOMPACT,3.8,6,AS8,Z,14.4,9.5,12.2,23,284,4,NA,2,7
2016,CADILLAC,ATS AWD,COMPACT,2,4,AS8,Z,10.8,7.8,9.4,30,221,6,NA,5,8
2016,INFINITI,Q50,MID-SIZE,2,4,AS7,Z,10.2,7.7,9.1,31,214,6,NA,5,8
2016,MINI,COOPER CONVERTIBLE,MINICOMPACT,1.5,3,AS6,Z,8.7,6.6,7.7,37,181,7,NA,6,8
2016,BMW,428i CABRIOLET,SUBCOMPACT,2,4,AS8,Z,10.8,6.7,8.9,32,211,6,NA,5,8
2016,HYUNDAI,ACCENT,COMPACT,1.6,4,AS6,X,8.9,6.3,7.7,37,179,7,NA,6,9
2016,KIA,FORTE,MID-SIZE,2,4,M6,X,9.8,6.9,8.5,33,198,7,NA,6,8
2016,PORSCHE,PANAMERA,FULL-SIZE,3.6,6,AM7,Z,12.9,8.4,10.9,26,255,5,NA,3,7
2016,FORD,F-150 4X4 (Payload Pkg),PICKUP TRUCK - STANDARD,2.7,6,AS6,X,13.3,10.7,12.3,23,288,4,NA,2,6
2016,DODGE,CHALLENGER,MID-SIZE,5.7,8,M6,X,15.6,10,13.1,22,307,4,NA,1,6
2016,JEEP,CHEROKEE 4X4,SUV - SMALL,3.2,6,A9,X,11.6,8.5,10.2,28,240,5,NA,4,7
2016,NISSAN,JUKE AWD,STATION WAGON - SMALL,1.6,4,AV7,Z,8.8,7.5,8.2,34,194,7,NA,6,8
2016,LEXUS,NX 300h AWD,SUV - SMALL,2.5,4,AV6,X,7.1,7.7,7.4,38,172,8,NA,7,8
2016,TOYOTA,VENZA 4WD,SUV - SMALL,3.5,6,AS6,X,12.8,9.3,11.3,25,263,5,NA,3,7
2016,TOYOTA,SEQUOIA 4WD,SUV - STANDARD,5.7,8,AS6,X,18.8,14,16.6,17,382,2,NA,1,4
2016,FORD,MUSTANG CONVERTIBLE,SUBCOMPACT,5,8,AS6,X,15.4,10,13,22,304,4,NA,1,6
2016,LEXUS,RC 350 AWD,SUBCOMPACT,3.5,6,AS6,Z,12.6,9.2,11.1,25,258,5,NA,3,7
2016,MAZDA,MX-5 (SIL),TWO-SEATER,2,4,M6,Z,8.8,6.9,7.8,36,183,7,NA,6,8
2016,LEXUS,RX 350 AWD,SUV - SMALL,3.5,6,AS8,X,12.2,8.9,10.7,26,251,5,NA,3,7
2016,FORD,MUSTANG,SUBCOMPACT,5,8,M6,X,15.5,9.4,12.7,22,298,4,NA,2,7
2016,LAMBORGHINI,HURACAN,TWO-SEATER,5.2,10,AM7,Z,16.4,11.4,14.2,20,331,3,NA,1,6
2016,CHEVROLET,SILVERADO 4WD FFV,PICKUP TRUCK - STANDARD,4.3,6,A6,X,14.2,10.7,12.6,22,296,4,NA,2,6
2016,MERCEDES-BENZ,GLA 250 4MATIC,SUV - SMALL,2,4,AS7,Z,9.8,7.4,8.7,32,203,6,NA,5,8
2016,FORD,MUSTANG CONVERTIBLE,SUBCOMPACT,2.3,4,AS6,X,11.6,8,10,28,234,5,NA,4,7
2016,FORD,F-150 FFV 4X4 (Payload Pkg),PICKUP TRUCK - STANDARD,5,8,AS6,X,16.8,12.4,14.8,19,347,3,NA,1,5
2016,VOLVO,S60 T6,COMPACT,2,4,AS8,Z,10.6,7.7,9.3,30,218,6,NA,5,8
2016,TOYOTA,YARIS,COMPACT,1.5,4,AS6,X,7.2,5.6,6.4,44,151,8,NA,7,9
2016,FORD,F-150,PICKUP TRUCK - STANDARD,3.5,6,AS6,X,13.5,9.8,11.9,24,278,4,NA,2,7
2016,HYUNDAI,SONATA HYBRID,MID-SIZE,2,4,AM6,X,5.9,5.3,5.6,50,133,9,NA,8,9
2016,AUDI,Q3,COMPACT,2,4,AS6,Z,12,8.2,10.3,27,242,5,NA,4,7
2016,PORSCHE,CAYENNE,SUV - STANDARD,3.6,6,A8,Z,13.5,9.7,11.8,24,277,4,NA,2,7
2016,HONDA,PILOT AWD,SUV - SMALL,3.5,6,AS9,X,12.4,9.3,11,26,257,5,NA,3,7
2016,GMC,SIERRA 4WD FFV,PICKUP TRUCK - STANDARD,5.3,8,A6,E,20.5,14.4,17.8,16,295,4,NA,2,4
2016,CHEVROLET,CAMARO SS,COMPACT,6.2,8,AS8,Z,14.2,8.4,11.6,24,272,4,NA,3,7
2016,ROLLS-ROYCE,PHANTOM COUPE,COMPACT,6.7,12,AS8,Z,20.9,12.7,17.2,16,403,2,NA,1,5
2016,BMW,M4 CABRIOLET,SUBCOMPACT,3,6,M6,Z,14.1,9,11.8,24,278,4,NA,2,7
2016,CHEVROLET,SONIC 5 RS,STATION WAGON - SMALL,1.4,4,AS6,X,9.5,7.1,8.4,34,195,7,NA,6,8
2016,MERCEDES-BENZ,AMG S 63,FULL-SIZE,5.5,8,AS7,Z,15.7,10.1,13.2,21,313,4,NA,1,6
2016,PORSCHE,911 CARRERA S,MINICOMPACT,3.8,6,AM7,Z,11.9,8.7,10.5,27,245,5,NA,4,7
2016,CADILLAC,CTS AWD,MID-SIZE,2,4,AS8,Z,11.2,8.1,9.8,29,229,5,NA,4,7
2016,JAGUAR,F-TYPE CONVERTIBLE,TWO-SEATER,3,6,M6,Z,14.9,9.8,12.6,22,296,4,NA,2,7
2016,CHEVROLET,SILVERADO 4WD FFV,PICKUP TRUCK - STANDARD,5.3,8,A6,X,15,10.7,13.1,22,306,4,NA,1,6
2016,GMC,CANYON 4WD,PICKUP TRUCK - SMALL,2.8,4,A6,D,12,8.2,10.3,27,277,4,NA,2,7
2016,BMW,Z4 sDRIVE35i,TWO-SEATER,3,6,AM7,Z,13.7,10,12.1,23,282,4,NA,2,6
2016,MINI,COOPER S 5 DOOR,SUBCOMPACT,2,4,AS6,Z,9.2,7,8.2,34,193,7,NA,6,8
2016,AUDI,S7 QUATTRO,MID-SIZE,4,8,AM7,Z,13.4,8.8,11.4,25,265,5,NA,3,7
2016,PORSCHE,911 GT3,TWO-SEATER,3.8,6,AM7,Z,16,11.5,14,20,329,3,NA,1,6
2016,HYUNDAI,SANTA FE SPORT,SUV - SMALL,2.4,4,AS6,X,11.7,8.7,10.3,27,239,5,NA,4,7
2016,CHEVROLET,IMPALA FFV,FULL-SIZE,3.6,6,AS6,E,17,11.5,14.5,19,239,5,NA,4,6
2016,CHRYSLER,200 FFV,MID-SIZE,3.6,6,A9,E,16.5,10.1,13.6,21,225,6,NA,5,6
2016,CADILLAC,CTS,MID-SIZE,3.6,6,AS8,X,11.6,7.9,9.9,29,233,5,NA,4,8
2016,MERCEDES-BENZ,AMG CLS 63 S 4MATIC,COMPACT,5.5,8,AS7,Z,15.1,10.8,13.1,22,308,4,NA,1,6
2016,FORD,FOCUS FFV,COMPACT,2,4,M5,X,9.2,6.6,8,35,188,7,NA,6,8
2016,JEEP,WRANGLER UNLIMITED 4X4,SUV - SMALL,3.6,6,A5,X,14.8,11.7,13.4,21,314,4,NA,1,6
2016,SUBARU,BRZ,MINICOMPACT,2,4,AS6,Z,9.6,7,8.4,34,197,7,NA,6,8
2016,VOLVO,XC70 T5,SUV - SMALL,2,4,AS8,X,10.3,7.6,9.1,31,213,6,NA,5,8
2016,ROLLS-ROYCE,GHOST EWB,FULL-SIZE,6.6,12,AS8,Z,19.2,12.4,16.1,18,373,2,NA,1,5
2016,CHEVROLET,COLORADO,PICKUP TRUCK - SMALL,2.8,4,A6,D,10.8,7.7,9.4,30,252,5,NA,3,8
2016,NISSAN,JUKE,STATION WAGON - SMALL,1.6,4,AV7,Z,8.5,7.2,7.9,36,186,7,NA,6,8
2016,MERCEDES-BENZ,AMG SL 63,TWO-SEATER,5.5,8,AS7,Z,14.7,9.5,12.4,23,298,4,NA,2,7
2016,VOLKSWAGEN,JETTA,COMPACT,2,4,AM6,X,9.8,7,8.6,33,201,7,NA,5,8
2016,INFINITI,Q70 AWD,MID-SIZE,5.6,8,AS7,Z,14.9,10.2,12.8,22,300,4,NA,2,6
2016,MERCEDES-BENZ,E 400 4MATIC COUPE,SUBCOMPACT,3,6,AS7,Z,11.8,8.4,10.2,28,239,5,NA,4,7
2016,FORD,F-150 4X4,PICKUP TRUCK - STANDARD,3.5,6,AS6,X,14.7,10.7,12.9,22,303,4,NA,1,6
2016,VOLKSWAGEN,PASSAT,MID-SIZE,1.8,4,AS6,X,9.4,6.3,8,35,187,7,NA,6,9
2016,LINCOLN,MKZ HYBRID,MID-SIZE,2,4,AV,X,5.7,6,5.8,49,136,9,NA,8,9
2016,FIAT,500 HATCHBACK,MINICOMPACT,1.4,4,M5,X,7.6,5.9,6.8,42,160,8,NA,7,9
2016,VOLVO,XC90 T5 AWD,SUV - STANDARD,2,4,AS8,Z,10.8,9.5,10.2,28,239,5,NA,4,7
2016,GMC,SIERRA 4WD,PICKUP TRUCK - STANDARD,5.3,8,A6,X,15,10.7,13.1,22,307,4,NA,1,6
2016,HONDA,CR-Z,TWO-SEATER,1.5,4,AV7,X,7,6.4,6.8,42,157,8,NA,7,9
2016,PORSCHE,911 GT3RS,TWO-SEATER,4,6,AM7,Z,16.3,11.8,14.3,20,334,3,NA,1,6
2016,AUDI,TT COUPE QUATTRO,SUBCOMPACT,2,4,AM6,X,10.1,7.8,9.1,31,209,6,NA,5,8
2016,GMC,CANYON 4WD,PICKUP TRUCK - SMALL,2.5,4,A6,X,12.7,9.6,11.3,25,265,5,NA,3,7
2016,JEEP,PATRIOT 4X4,SUV - SMALL,2.4,4,A6,X,11.7,9.1,10.5,27,248,5,NA,4,7
2016,FIAT,500X,SUV - SMALL,2.4,4,A9,X,10.6,7.6,9.3,30,217,6,NA,5,8
2016,CHEVROLET,TAHOE 4WD FFV,SUV - STANDARD,5.3,8,A6,X,15.2,10.8,13.2,21,310,4,NA,1,6
2016,CHEVROLET,SUBURBAN FFV,SUV - STANDARD,5.3,8,A6,X,15.1,10.4,13,22,304,4,NA,1,6
2016,TOYOTA,YARIS HATCHBACK,COMPACT,1.5,4,M5,X,7.7,6.3,7.1,40,165,8,NA,7,9
2016,KIA,OPTIMA,FULL-SIZE,2.4,4,AS6,X,9.4,6.5,8.1,35,193,7,NA,6,8
2016,FIAT,500 HATCHBACK TURBO,MINICOMPACT,1.4,4,A6,X,9.6,7.3,8.6,33,200,7,NA,6,8
2016,BMW,M5,MID-SIZE,4.4,8,M6,Z,16.1,10.9,13.7,21,321,3,NA,1,6
2016,CHEVROLET,CRUZE LIMITED,MID-SIZE,1.4,4,M6,X,9,6.2,7.8,36,182,7,NA,6,9
2016,JEEP,PATRIOT 4X4,SUV - SMALL,2.4,4,M5,X,10.6,8.6,9.7,29,228,5,NA,4,7
2016,NISSAN,MICRA,COMPACT,1.6,4,A4,X,8.8,6.6,7.8,36,184,7,NA,6,8
2016,LEXUS,IS 350 AWD,COMPACT,3.5,6,AS6,Z,12.6,9.2,11.1,25,258,5,NA,3,7
2016,DODGE,GRAND CARAVAN FFV,MINIVAN,3.6,6,A6,E,19.2,13.1,16.4,17,269,5,NA,3,5
2016,MERCEDES-BENZ,E 550 4MATIC,MID-SIZE,4.7,8,AS7,Z,12.9,9.6,11.4,25,270,5,NA,3,7
NA,SWB = Short wheelbase,NA,NA,NA,NA,NA,NA,NA,NA,NA,NA,NA,NA,NA,NA,NA
2016,HYUNDAI,SANTA FE SPORT AWD,SUV - SMALL,2,4,AS6,X,12.9,9.7,11.5,25,266,5,NA,3,7
NA,FFV = Flexible-fuel vehicle,NA,NA,NA,NA,NA,NA,NA,NA,NA,NA,NA,NA,NA,NA,NA
2016,MAZDA,MAZDA6,MID-SIZE,2.5,4,AS6,X,8.8,6.1,7.6,37,178,7,NA,6,9
2016,TOYOTA,VENZA,SUV - SMALL,2.7,4,AS6,X,11.6,9,10.4,27,244,5,NA,4,7
2016,HYUNDAI,VELOSTER TURBO,COMPACT,1.6,4,M6,X,9.4,7,8.3,34,197,7,NA,6,8
2016,LINCOLN,MKZ,MID-SIZE,3.7,6,AS6,X,12.8,8.7,10.9,26,257,5,NA,3,7
2016,FORD,F-150 4X4,PICKUP TRUCK - STANDARD,2.7,6,AS6,X,13.1,10.1,11.7,24,275,4,NA,3,6
2016,HONDA,ACCORD SEDAN,MID-SIZE,2.4,4,AV,X,8.6,6.4,7.6,37,177,7,NA,6,9
2016,CHEVROLET,CRUZE LIMITED ECO,MID-SIZE,1.4,4,M6,X,8.4,5.6,7.1,40,167,8,NA,7,9
2016,VOLKSWAGEN,JETTA,COMPACT,1.4,4,M5,X,8.3,5.9,7.2,39,168,8,NA,7,9
2016,TOYOTA,HIGHLANDER AWD,SUV - STANDARD,3.5,6,AS6,X,13,9.8,11.6,24,272,4,NA,3,7
2016,KIA,SORENTO,SUV - SMALL,2,4,AS6,X,11.7,8.6,10.3,27,245,5,NA,4,7
2016,FORD,FUSION AWD,MID-SIZE,2,4,AS6,X,10.8,7.5,9.3,30,220,6,NA,5,8
2016,PORSCHE,MACAN S,SUV - SMALL,3,6,A7,Z,13.7,10.3,12.2,23,285,4,NA,2,6
2016,KIA,SORENTO AWD,SUV - SMALL,2.4,4,AS6,X,11.4,9.2,10.4,27,245,5,NA,4,7
2016,BUICK,LACROSSE eASSIST,MID-SIZE,2.4,4,AS6,X,9.6,6.5,8.2,34,193,7,NA,6,8
2016,CHEVROLET,MALIBU,MID-SIZE,1.5,4,A6,X,8.7,6.3,7.6,37,179,7,NA,6,9
2016,LAMBORGHINI,HURACAN SPYDER,TWO-SEATER,5.2,10,AM7,Z,16.9,11.8,14.6,19,340,3,NA,1,6
2016,JAGUAR,F-TYPE R AWD COUPE,TWO-SEATER,5,8,AS6,Z,15.7,10.4,13.3,21,311,4,NA,1,6
2016,VOLKSWAGEN,TIGUAN,SUV - SMALL,2,4,M6,Z,13,9,11.2,25,259,5,NA,3,7
2016,VOLVO,S60 CC T5 AWD,COMPACT,2.5,5,AS6,X,11.8,8.6,10.3,27,239,5,NA,4,7
2016,CHEVROLET,EQUINOX FFV,SUV - SMALL,2.4,4,A6,X,10.5,7.3,9.1,31,214,6,NA,5,8
2016,FORD,F-150 FFV (Payload Pkg),PICKUP TRUCK - STANDARD,5,8,AS6,E,20.6,14.3,17.8,16,293,4,NA,2,4
2016,BMW,M235i,SUBCOMPACT,3,6,M6,Z,11.9,8.6,10.4,27,245,5,NA,4,7
2016,PORSCHE,PANAMERA TURBO S EXECUTIVE,FULL-SIZE,4.8,8,AM7,Z,15.4,9.8,12.9,22,303,4,NA,1,7
2016,KIA,OPTIMA HYBRID EX,MID-SIZE,2.4,4,AM6,X,6.7,6.1,6.4,44,150,8,NA,8,9
2016,AUDI,S8 QUATTRO,MID-SIZE,4,8,AS8,Z,15.7,9.4,12.8,22,300,4,NA,2,7
2016,VOLVO,XC60 T6 AWD,SUV - SMALL,2,4,AS8,Z,11.8,9.1,10.6,27,247,5,NA,4,7
2016,TOYOTA,4RUNNER 4WD,SUV - STANDARD,4,6,AS5,X,14.2,11.1,12.8,22,298,4,NA,2,6
2016,INFINITI,Q50 AWD,MID-SIZE,3,6,AS7,Z,12.3,8.5,10.6,27,249,5,NA,4,7
2016,KIA,SORENTO,SUV - SMALL,2.4,4,AS6,X,11.1,8.2,9.8,29,233,5,NA,4,7
2016,LAND ROVER,RANGE ROVER SPORT SUPERCHARGED,SUV - STANDARD,5,8,AS8,Z,16.6,12.3,14.7,19,344,3,NA,1,5
CO2 Rating,the tailpipe emissions of carbon dioxide rated on a scale from 1 (worst) to 10 (best).,NA,NA,NA,NA,NA,NA,NA,NA,NA,NA,NA,NA,NA,NA,NA
2016,BMW,M6 GRAN COUPE,COMPACT,4.4,8,AM7,Z,17.3,11.5,14.7,19,344,3,NA,1,6
2016,LEXUS,RC F,SUBCOMPACT,5,8,AS8,Z,15.2,9.5,12.6,22,289,4,NA,2,7
2016,NISSAN,FRONTIER 4WD,PICKUP TRUCK - SMALL,4,6,M6,X,15,11.2,13.3,21,313,4,NA,1,6
2016,LEXUS,GS 200t F SPORT,MID-SIZE,2,4,AS8,Z,11.3,7.8,9.7,29,227,5,NA,4,8
2016,PORSCHE,BOXSTER,TWO-SEATER,2.7,6,M6,Z,11.5,7.9,9.9,29,232,5,NA,4,8
2016,FORD,TRANSIT CONNECT WAGON FFV,SPECIAL PURPOSE VEHICLE,2.5,4,AS6,E,16.8,12,14.6,19,240,5,NA,4,5
2016,MINI,COOPER 3 DOOR,SUBCOMPACT,1.5,3,AS6,Z,8.7,6.6,7.7,37,181,7,NA,6,8
2016,BMW,550i xDRIVE GRAN TURISMO,FULL-SIZE,4.4,8,AS8,Z,14.3,9.3,12.1,23,283,4,NA,2,7
2016,NISSAN,VERSA,MID-SIZE,1.6,4,AV,X,7.5,6,6.8,42,161,8,NA,7,9
2016,ROLLS-ROYCE,PHANTOM,FULL-SIZE,6.7,12,AS8,Z,20.9,12.7,17.2,16,403,2,NA,1,5
2016,PORSCHE,911 CARRERA CABRIOLET,MINICOMPACT,3.4,6,M7,Z,12.3,8.7,10.7,26,251,5,NA,3,7
2016,PORSCHE,PANAMERA GTS,FULL-SIZE,4.8,8,AM7,Z,15.1,9.7,12.7,22,298,4,NA,2,7
2016,CHEVROLET,CORVETTE,TWO-SEATER,6.2,8,AS8,Z,14.6,8.1,11.7,24,275,4,NA,3,7
2016,FIAT,500 ABARTH CABRIO,MINICOMPACT,1.4,4,A6,X,9.6,7.3,8.6,33,200,7,NA,6,8
2016,FORD,FIESTA,SUBCOMPACT,1.6,4,M5,X,8.5,6.5,7.6,37,179,7,NA,6,8
2016,MASERATI,QUATTROPORTE SQ4,FULL-SIZE,3,6,AS8,Z,15.1,10.2,12.9,22,302,4,NA,1,6
2016,CHEVROLET,SONIC,COMPACT,1.8,4,M5,X,9,6.8,8,35,187,7,NA,6,8
2016,TOYOTA,COROLLA,MID-SIZE,1.8,4,AV7,X,7.9,6.1,7.1,40,166,8,NA,7,9
2016,FORD,F-150 FFV,PICKUP TRUCK - STANDARD,5,8,AS6,X,15.3,10.6,13.2,21,309,4,NA,1,6
2016,VOLVO,V60 POLESTAR,STATION WAGON - SMALL,3,6,AS6,X,13,9,11.2,25,259,5,NA,3,7
2016,AUDI,A4 QUATTRO,COMPACT,2,4,AS8,Z,11,7.8,9.6,29,224,6,NA,5,8
2016,GMC,SIERRA FFV,PICKUP TRUCK - STANDARD,5.3,8,A6,X,14.6,10.4,12.7,22,298,4,NA,2,6
2016,BMW,M6,COMPACT,4.4,8,AM7,Z,17.3,11.5,14.7,19,344,3,NA,1,6
2016,VOLKSWAGEN,GOLF R,COMPACT,2,4,AM6,Z,10.4,7.9,9.3,30,216,6,NA,5,8
2016,LEXUS,LX 570,SUV - STANDARD,5.7,8,AS8,Z,18.3,12.9,15.9,18,371,2,NA,1,5
2016,VOLVO,XC60 T5,SUV - SMALL,2,4,AS8,X,10.3,7.6,9.1,31,213,6,NA,5,8
2016,FORD,EXPLORER AWD,SUV - STANDARD,3.5,6,AS6,X,14.9,10.7,13,22,305,4,NA,1,6
2016,MERCEDES-BENZ,AMG SLK 55,TWO-SEATER,5.5,8,AS7,Z,12.4,8.5,10.6,27,252,5,NA,3,7
2016,BUICK,VERANO,COMPACT,2,4,AS6,Z,11.4,7.9,9.8,29,231,5,NA,4,8
2016,FORD,TRANSIT CONNECT WAGON,SPECIAL PURPOSE VEHICLE,2.5,4,AS6,X,12.4,8.7,10.7,26,252,5,NA,3,7
2016,SUBARU,WRX,COMPACT,2,4,AV8,Z,12.5,9.5,11.2,25,254,5,NA,3,7
2016,CHEVROLET,IMPALA FFV,FULL-SIZE,3.6,6,AS6,X,12.5,8.2,10.6,27,248,5,NA,4,7
2016,FORD,FUSION HYBRID,MID-SIZE,2,4,AV,X,5.4,5.7,5.5,51,130,9,NA,8,9
2016,HONDA,CR-V AWD,SUV - SMALL,2.4,4,AV,X,9.5,7.5,8.6,33,202,6,NA,5,8
2016,BENTLEY,FLYING SPUR,MID-SIZE,4,8,AS8,Z,17.7,10,14.2,20,334,3,NA,1,6
2016,BMW,340i,COMPACT,3,6,AS8,Z,10.9,7.2,9.3,30,217,6,NA,5,8
2016,GMC,YUKON FFV,SUV - STANDARD,5.3,8,A6,E,20.5,14,17.6,16,288,4,NA,2,4
2016,HYUNDAI,TUCSON AWD,SUV - SMALL,1.6,4,AM7,X,9.9,8.4,9.2,31,219,6,NA,5,7
2016,GMC,TERRAIN,SUV - SMALL,2.4,4,A6,X,10.5,7.3,9.1,31,214,6,NA,5,8
2016,VOLKSWAGEN,JETTA,COMPACT,1.8,4,AS6,X,9.2,6.4,8,35,186,7,NA,6,9
2016,RAM,1500 4X4 FFV,PICKUP TRUCK - STANDARD,3.6,6,A8,E,20.5,14.5,17.8,16,296,4,NA,2,4
2016,FIAT,500 CABRIO,MINICOMPACT,1.4,4,A6,X,8.7,6.9,7.9,36,183,7,NA,6,8
2016,DODGE,CHARGER SRT (MDS),FULL-SIZE,6.4,8,A8,Z,15.7,9.5,12.9,22,302,4,NA,1,7
2016,GMC,TERRAIN AWD,SUV - SMALL,2.4,4,A6,X,11.5,8.2,10,28,235,5,NA,4,7
2016,INFINITI,Q50S RED SPORT AWD,MID-SIZE,3,6,AS7,Z,12.3,9.1,10.8,26,256,5,NA,3,7
2016,FORD,TRANSIT CONNECT WAGON LWB FFV,SPECIAL PURPOSE VEHICLE,2.5,4,AS6,E,16.8,12,14.6,19,240,5,NA,4,5
2016,BMW,750Li xDRIVE,FULL-SIZE,4.4,8,AS8,Z,14.3,9.3,12.1,23,283,4,NA,2,7
2016,MERCEDES-BENZ,E 250 BLUETEC 4MATIC,MID-SIZE,2.1,4,AS7,D,8.6,6,7.4,38,200,7,NA,6,9
2016,DODGE,CHARGER (MDS),FULL-SIZE,5.7,8,A8,X,14.8,9.3,12.3,23,289,4,NA,2,7
2016,MERCEDES-BENZ,GLE 400 4MATIC,SUV - STANDARD,3,6,AS7,Z,13.3,10.4,12,24,282,4,NA,2,6
2016,PORSCHE,911 TARGA 4S,MINICOMPACT,3.8,6,M7,Z,13.1,9.2,11.4,25,267,5,NA,3,7
2016,CHRYSLER,200 FFV,MID-SIZE,2.4,4,A9,E,13.6,8.5,11.3,25,186,7,NA,6,7
2016,MASERATI,GRANTURISMO CONVERTIBLE,SUBCOMPACT,4.7,8,AS6,Z,18.2,11.6,15.2,19,360,2,NA,1,6
2016,JAGUAR,XF AWD,MID-SIZE,3,6,AS8,Z,11.9,8.3,10.3,27,241,5,NA,4,7
2016,CHRYSLER,300,FULL-SIZE,3.6,6,A8,X,12.4,7.7,10.3,27,240,5,NA,4,8
2016,CHEVROLET,EQUINOX FFV,SUV - SMALL,2.4,4,A6,E,15.6,10.8,13.4,21,221,6,NA,5,6
2016,MERCEDES-BENZ,CLS 550 4MATIC,COMPACT,4.7,8,AS7,Z,13.7,9.3,11.7,24,277,4,NA,2,7
2016,LEXUS,CT 200h,COMPACT,1.8,4,AV,X,5.5,5.9,5.7,50,132,9,NA,8,9
2016,CHRYSLER,300 AWD FFV,FULL-SIZE,3.6,6,A8,X,12.8,8.6,10.9,26,257,5,NA,3,7
2016,JEEP,COMPASS,SUV - SMALL,2.4,4,M5,X,10.2,8.2,9.3,30,218,6,NA,5,7
2016,KIA,FORTE 5,FULL-SIZE,2,4,M6,X,9.7,6.9,8.4,34,197,7,NA,6,8
2016,MERCEDES-BENZ,METRIS CARGO,SPECIAL PURPOSE VEHICLE,2,4,AS7,Z,10.8,9.5,10.2,28,233,5,NA,4,7
2016,TOYOTA,RAV4 LIMITED/SE AWD,SUV - SMALL,2.5,4,AS6,X,10.6,8.1,9.4,30,220,6,NA,5,7
2016,CHEVROLET,IMPALA DUAL FUEL,MID-SIZE,3.6,6,AS6,N,15.2,9.5,12.7,22,213,6,NA,5,7
2016,TOYOTA,COROLLA LE ECO (1-mode),MID-SIZE,1.8,4,AV,X,7.7,5.6,6.8,42,160,8,NA,7,9
2016,SUBARU,XV CROSSTREK AWD,SUV - SMALL,2,4,AV6,X,9.1,7,8.1,35,191,7,NA,6,8
2016,AUDI,A7 QUATTRO,MID-SIZE,3,6,AS8,Z,11.6,7.9,9.9,29,232,5,NA,4,8
2016,BMW,340i xDRIVE,COMPACT,3,6,M6,Z,11.9,8.3,10.3,27,241,5,NA,4,7
2016,FORD,F-150 FFV 4X4,PICKUP TRUCK - STANDARD,5,8,AS6,X,16,11.3,13.8,20,324,3,NA,1,6
2016,VOLVO,V60 CC T5 AWD,STATION WAGON - SMALL,2.5,5,AS6,X,11.8,8.6,10.3,27,239,5,NA,4,7
2016,CHEVROLET,COLORADO 4WD,PICKUP TRUCK - SMALL,3.6,6,A6,X,13.6,9.9,11.9,24,279,4,NA,2,7
2016,BMW,328i xDRIVE,COMPACT,2,4,AS8,Z,10.5,6.9,8.9,32,209,6,NA,5,8
2016,BMW,435i COUPE,COMPACT,3,6,M6,Z,12.1,8.4,10.5,27,246,5,NA,4,7
2016,MERCEDES-BENZ,GL 550 4MATIC,SUV - STANDARD,4.7,8,AS7,Z,17.5,13.1,15.5,18,365,2,NA,1,5
2016,AUDI,A6 QUATTRO,MID-SIZE,2,4,AS8,Z,10.8,7.3,9.2,31,211,6,NA,5,8
NA,NA,NA,NA,NA,NA,NA,NA,NA,NA,NA,NA,NA,NA,NA,NA,NA
2016,CADILLAC,ATS,COMPACT,2.5,4,AS8,X,10.6,7.3,9.1,31,214,6,NA,5,8
2016,VOLKSWAGEN,TOUAREG,SUV - STANDARD,3.6,6,AS8,X,14.1,10.4,12.4,23,292,4,NA,2,6
2016,MITSUBISHI,OUTLANDER 4WD,SUV - SMALL,2.4,4,AV6,X,9.7,8.1,9,31,207,6,NA,5,7
2016,BMW,M2,SUBCOMPACT,3,6,M6,Z,12.7,9.2,11.1,25,260,5,NA,3,7
2016,PORSCHE,911 CARRERA CABRIOLET,MINICOMPACT,3.4,6,AM7,Z,11.5,8.4,10.1,28,236,5,NA,4,7
2016,JEEP,COMPASS 4X4 TRAIL RATED,SUV - SMALL,2.4,4,AV,X,11.7,10.3,11.1,25,259,5,NA,3,6
2016,GMC,SIERRA FFV,PICKUP TRUCK - STANDARD,4.3,6,A6,E,19.3,14.4,17.1,17,284,4,NA,2,4
2016,FIAT,500X AWD,SUV - SMALL,2.4,4,A9,X,11,7.9,9.6,29,224,6,NA,5,8
2016,PORSCHE,911 CARRERA GTS CABRIOLET,MINICOMPACT,3.8,6,AM7,Z,12.7,9.2,11.1,25,260,5,NA,3,7
2016,FORD,MUSTANG,SUBCOMPACT,2.3,4,M6,X,10.6,7.6,9.2,31,217,6,NA,5,8
2016,BMW,435i xDRIVE COUPE,COMPACT,3,6,AS8,Z,12,7.9,10.2,28,238,5,NA,4,8
2016,RAM,PROMASTER CITY,SPECIAL PURPOSE VEHICLE,2.4,4,A9,X,11.2,8.1,9.8,29,231,5,NA,4,7
2016,FORD,F-150 FFV 4X4,PICKUP TRUCK - STANDARD,5,8,AS6,E,21.6,15.1,18.7,15,306,4,NA,1,4
2016,FORD,FLEX,SUV - STANDARD,3.5,6,AS6,X,14.7,10.2,12.7,22,298,4,NA,2,6
2016,MAZDA,CX-5 (SIL),SUV - SMALL,2,4,M6,X,9,6.8,8,35,188,7,NA,6,8
2016,BMW,X6 xDRIVE35i,SUV - STANDARD,3,6,AS8,Z,13,9.7,11.5,25,269,5,NA,3,7
2016,TOYOTA,AVALON,MID-SIZE,3.5,6,AS6,X,11.4,7.6,9.7,29,225,6,NA,5,8
2016,LINCOLN,MKC AWD,SUV - SMALL,2,4,AS6,X,12.4,9,10.9,26,256,5,NA,3,7
Understanding the Table,NA,NA,NA,NA,NA,NA,NA,NA,NA,NA,NA,NA,NA,NA,NA,NA
2016,NISSAN,VERSA,MID-SIZE,1.6,4,M5,X,8.6,6.5,7.6,37,179,7,NA,6,8
2016,DODGE,JOURNEY,SUV - SMALL,2.4,4,A4,X,12.7,9.1,11.1,25,260,5,NA,3,7
2016,MAZDA,CX-5 4WD,SUV - SMALL,2.5,4,AS6,X,9.8,7.9,9,31,210,6,NA,5,8
2016,TOYOTA,YARIS HATCHBACK,COMPACT,1.5,4,A4,X,7.8,6.6,7.3,39,170,8,NA,7,8
2016,BMW,640i xDRIVE GRAN COUPE,COMPACT,3,6,AS8,Z,11.9,8.1,10.2,28,238,5,NA,4,7
2016,ASTON MARTIN,RAPIDE S,SUBCOMPACT,6,12,A8,Z,16.8,10.9,14.2,20,332,3,NA,1,6
2016,JEEP,WRANGLER 4X4,SUV - SMALL,3.6,6,A5,X,14.1,11.1,12.8,22,299,4,NA,2,6
2016,FORD,EDGE AWD,SUV - SMALL,2.7,6,AS6,X,13.6,9.8,11.9,24,278,4,NA,2,7
2016,VOLVO,XC90 T6 AWD,SUV - STANDARD,2,4,AS8,Z,11.5,9.5,10.6,27,247,5,NA,4,7
2016,FORD,FIESTA ST,COMPACT,1.6,4,M6,X,9,7.1,8.1,35,191,7,NA,6,8
2016,GMC,SAVANA 3500 PASSENGER,VAN - PASSENGER,6,8,A6,X,23,16,19.8,14,465,1,NA,1,3
2016,NISSAN,MAXIMA,MID-SIZE,3.5,6,AV7,Z,10.9,7.8,9.5,30,223,6,NA,5,8
2016,AUDI,A6 QUATTRO,MID-SIZE,3,6,AS8,Z,11.6,7.9,9.9,29,232,5,NA,4,8
2016,MERCEDES-BENZ,SLK 350,TWO-SEATER,3.5,6,AS7,Z,11.1,8.1,9.8,29,229,5,NA,4,7
2016,MINI,JOHN COOPER WORKS COUNTRYMAN ALL4,COMPACT,1.6,4,AS6,Z,10.1,7.7,9,31,212,6,NA,5,8
NA,EWB = Extended wheelbase,NA,NA,NA,NA,NA,NA,NA,NA,NA,NA,NA,NA,NA,NA,NA
2016,MERCEDES-BENZ,GLE 350d 4MATIC COUPE,SUV - STANDARD,3,6,A9,D,10.4,8.2,9.4,30,253,5,NA,3,7
2016,ASTON MARTIN,VANTAGE GT,TWO-SEATER,4.7,8,M6,Z,18.1,12.3,15.5,18,362,2,NA,1,5
NA,M = Manual,NA,NA,NA,NA,NA,NA,NA,NA,NA,NA,NA,NA,NA,NA,NA
2016,FORD,FUSION,MID-SIZE,2.5,4,AS6,X,10.5,6.9,8.9,32,209,6,NA,5,8
2016,CADILLAC,ATS AWD,COMPACT,3.6,6,AS8,X,12.2,8.5,10.5,27,247,5,NA,4,7
2016,FORD,FUSION,MID-SIZE,1.5,4,AS6,X,9.9,6.5,8.4,34,197,7,NA,6,8
2016,GMC,SIERRA FFV,PICKUP TRUCK - STANDARD,4.3,6,A6,X,13.5,10,11.9,24,280,4,NA,2,6
2016,FORD,FOCUS FFV,COMPACT,2,4,AS6,E,12.1,8.6,10.5,27,175,8,NA,7,7
2016,NISSAN,MICRA,COMPACT,1.6,4,M5,X,8.6,6.6,7.7,37,182,7,NA,6,8
2016,HYUNDAI,ACCENT,COMPACT,1.6,4,M6,X,8.7,6.3,7.6,37,176,7,NA,6,9
2016,FORD,TAURUS FFV,FULL-SIZE,3.5,6,AS6,E,17.6,11.6,14.9,19,248,5,NA,4,6
2016,PORSCHE,911 CARRERA 4 GTS CABRIOLET,MINICOMPACT,3.8,6,M7,Z,13.4,9.3,11.6,24,272,4,NA,3,7
2016,INFINITI,Q50 HYBRID AWD,COMPACT,3.5,6,AS7,Z,8.7,7.6,8.2,34,193,7,NA,6,8
2016,CHEVROLET,COLORADO,PICKUP TRUCK - SMALL,2.5,4,M6,X,12.2,9.1,10.8,26,253,5,NA,3,7
2016,MINI,COOPER 5 DOOR,SUBCOMPACT,1.5,3,AS6,Z,8.7,6.6,7.7,37,181,7,NA,6,8
NA,AS = Automatic with select shift,NA,NA,NA,NA,NA,NA,NA,NA,NA,NA,NA,NA,NA,NA,NA
2016,PORSCHE,CAYMAN,TWO-SEATER,2.7,6,AM7,Z,10.7,7.4,9.2,31,217,6,NA,5,8
2016,MERCEDES-BENZ,B 250,MID-SIZE,2,4,AS7,Z,9.2,6.6,8,35,188,7,NA,6,8
2016,FORD,F-150 FFV,PICKUP TRUCK - STANDARD,3.5,6,A6,X,13.2,9.6,11.6,24,272,4,NA,3,7
2016,BMW,M3,COMPACT,3,6,AM7,Z,14.1,9.7,12.1,23,284,4,NA,2,7
2016,FORD,F-150 FFV 4X4 (Payload Pkg),PICKUP TRUCK - STANDARD,5,8,AS6,E,21.8,15.3,18.8,15,310,4,NA,1,4
2016,MERCEDES-BENZ,E 400 4MATIC WAGON,STATION WAGON - MID-SIZE,3,6,AS7,Z,12.4,8.9,10.8,26,253,5,NA,3,7
2016,DODGE,CHARGER FFV,FULL-SIZE,3.6,6,A8,E,16.8,10.3,13.9,20,229,5,NA,4,6
2016,CHEVROLET,SONIC RS,COMPACT,1.4,4,AS6,X,9.5,7.1,8.4,34,195,7,NA,6,8
2016,GMC,YUKON XL 4WD FFV,SUV - STANDARD,5.3,8,A6,E,22.2,15.3,19.1,15,317,3,NA,1,4
2016,MAZDA,MX-5,TWO-SEATER,2,4,AS6,Z,8.9,6.5,7.8,36,183,7,NA,6,8
2016,RAM,1500 4X4 (MDS),PICKUP TRUCK - STANDARD,5.7,8,A8,X,16.2,11.5,14.1,20,330,3,NA,1,6
2016,AUDI,S4 QUATTRO,COMPACT,3,6,AM7,Z,13,8.5,11,26,257,5,NA,3,7
2016,DODGE,DART GT,MID-SIZE,2.4,4,M6,X,10.2,7,8.8,32,207,6,NA,5,8
2016,BMW,535d xDRIVE,MID-SIZE,3,6,AS8,D,9.2,6.3,7.9,36,212,6,NA,5,9
2016,BMW,650i xDRIVE COUPE,COMPACT,4.4,8,AS8,Z,14.4,9.6,12.3,23,288,4,NA,2,7
2016,DODGE,CHALLENGER,MID-SIZE,3.6,6,A8,X,12.4,7.8,10.3,27,242,5,NA,4,8
2016,ASTON MARTIN,DB9 GT,MINICOMPACT,5.9,12,A6,Z,18,12.6,15.6,18,365,2,NA,1,5
2016,NISSAN,FRONTIER,PICKUP TRUCK - SMALL,4,6,A5,X,14.8,10.3,12.7,22,300,4,NA,2,6
2016,CHEVROLET,TAHOE 4WD FFV,SUV - STANDARD,5.3,8,A6,E,20.9,14.5,18,16,300,4,NA,2,4
Transmission,A = Automatic,NA,NA,NA,NA,NA,NA,NA,NA,NA,NA,NA,NA,NA,NA,NA
2016,FORD,FIESTA SFE,SUBCOMPACT,1,3,M5,X,7.5,5.5,6.6,43,153,8,NA,7,9
2016,MINI,COOPER S 3 DOOR,SUBCOMPACT,2,4,AS6,Z,9.2,7,8.2,34,193,7,NA,6,8
2016,NISSAN,PATHFINDER 4WD PLATINUM,SUV - SMALL,3.5,6,AV,X,12.7,9,11,26,258,5,NA,3,7
2016,KIA,RIO,COMPACT,1.6,4,AS6,X,8.7,6.3,7.7,37,178,7,NA,6,9
2016,RAM,1500 (MDS),PICKUP TRUCK - STANDARD,5.7,8,A8,X,15.8,10.9,13.6,21,319,3,NA,1,6
2016,FORD,F-150 FFV 4X4,PICKUP TRUCK - STANDARD,3.5,6,A6,E,19.1,14.3,16.9,17,278,4,NA,2,4
2016,MAZDA,MAZDA6 (i-ELOOP),MID-SIZE,2.5,4,AS6,X,8.5,5.9,7.3,39,171,8,NA,7,9
2016,ACURA,TLX SH-AWD,COMPACT,3.5,6,AS9,Z,11.2,7.5,9.6,29,226,5,NA,4,8
2016,JEEP,WRANGLER 4X4,SUV - SMALL,3.6,6,M6,X,14.2,11,12.8,22,299,4,NA,2,6
2016,CHEVROLET,SONIC 5,STATION WAGON - SMALL,1.4,4,AS6,X,9,6.8,8,35,188,7,NA,6,8
2016,HYUNDAI,SANTA FE ULTIMATE AWD,SUV - SMALL,3.3,6,AS6,X,13.9,10.8,12.5,23,295,4,NA,2,6
2016,DODGE,CHALLENGER SRT,MID-SIZE,6.4,8,M6,Z,16.8,10.4,13.9,20,326,3,NA,1,6
2016,TOYOTA,TACOMA 4WD,PICKUP TRUCK - SMALL,3.5,6,M6,X,13.6,11.2,12.5,23,292,4,NA,2,6
2016,BMW,328d xDRIVE,COMPACT,2,4,AS8,D,7.7,5.7,6.8,42,183,7,NA,6,9
2016,CHEVROLET,TRAVERSE AWD,SUV - STANDARD,3.6,6,A6,X,16.1,10.8,13.7,21,323,3,NA,1,6
2016,MINI,JOHN COOPER WORKS PACEMAN ALL4,COMPACT,1.6,4,M6,Z,9.4,7.6,8.6,33,201,6,NA,5,8
2016,CHEVROLET,SPARK,SUBCOMPACT,1.4,4,AV,X,7.6,5.7,6.7,42,157,8,NA,7,9
2016,CHEVROLET,SONIC 5,STATION WAGON - SMALL,1.4,4,M6,X,8.5,6.2,7.5,38,175,8,NA,7,9
2016,SUBARU,IMPREZA AWD,COMPACT,2,4,AV6,X,8.5,6.4,7.6,37,177,7,NA,6,9
2016,LINCOLN,MKZ,MID-SIZE,2,4,AS6,X,10.5,7,8.9,32,210,6,NA,5,8
2016,CHEVROLET,CRUZE LIMITED,MID-SIZE,1.8,4,AS6,X,10.5,6.8,8.8,32,207,6,NA,5,8
2016,LEXUS,IS 300 AWD,COMPACT,3.5,6,AS6,Z,12.6,9.2,11.1,25,258,5,NA,3,7
2016,FIAT,500 ABARTH HATCHBACK,MINICOMPACT,1.4,4,M5,X,8.5,6.9,7.8,36,183,7,NA,6,8
2016,KIA,SPORTAGE,SUV - SMALL,2.4,4,M6,X,12.9,9.2,11.3,25,261,5,NA,3,7
2016,BMW,M235i CABRIOLET,SUBCOMPACT,3,6,M6,Z,12.1,8.4,10.5,27,246,5,NA,4,7
2016,GMC,ACADIA AWD,SUV - STANDARD,3.6,6,A6,X,16.1,10.8,13.7,21,323,3,NA,1,6
2016,JAGUAR,F-TYPE S CONVERTIBLE,TWO-SEATER,3,6,AS8,Z,12.5,8.7,10.8,26,254,5,NA,3,7
2016,JEEP,RENEGADE FFV,SUV - SMALL,2.4,4,A9,E,14.2,9.9,12.2,23,201,6,NA,5,7
2016,MERCEDES-BENZ,AMG GLE 63 S 4MATIC,SUV - STANDARD,5.5,8,AS7,Z,17.3,13.5,15.6,18,366,2,NA,1,5
2016,AUDI,A8 QUATTRO,MID-SIZE,4,8,AS8,Z,12.9,8,10.7,26,249,5,NA,4,7
2016,PORSCHE,911 CARRERA S CABRIOLET,MINICOMPACT,3.8,6,M7,Z,12.5,8.9,10.9,26,255,5,NA,3,7
NA,NA,NA,NA,NA,NA,NA,NA,NA,NA,NA,NA,NA,NA,NA,NA,NA
2016,CHEVROLET,MALIBU LIMITED,MID-SIZE,2.5,4,AS6,X,10,7,8.6,33,202,6,NA,5,8
2016,KIA,FORTE,MID-SIZE,2,4,AS6,X,9.7,6.7,8.3,34,196,7,NA,6,8
2016,DODGE,CHALLENGER (MDS),MID-SIZE,5.7,8,A8,X,14.8,9.3,12.3,23,289,4,NA,2,7
2016,MAZDA,MAZDA5,MINIVAN,2.5,4,M6,X,11.1,8.3,9.8,29,229,5,NA,4,7
Fuel Type,X = Regular gasoline,NA,NA,NA,NA,NA,NA,NA,NA,NA,NA,NA,NA,NA,NA,NA
2016,NISSAN,ALTIMA 3.5,MID-SIZE,3.5,6,AV7,X,10.3,7.4,9,31,212,6,NA,5,8
2016,JEEP,GRAND CHEROKEE SRT 4X4 (MDS),SUV - STANDARD,6.4,8,A8,Z,18.5,12.6,15.8,18,370,2,NA,1,5
2016,BMW,640i xDRIVE CABRIOLET,SUBCOMPACT,3,6,AS8,Z,11.9,8.1,10.2,28,238,5,NA,4,7
2016,FORD,F-150 FFV (Payload Pkg),PICKUP TRUCK - STANDARD,5,8,AS6,X,16.8,11.8,14.5,19,341,3,NA,1,6
CO2 Emissions,the tailpipe emissions of carbon dioxide (in grams per kilometre) for combined city and highway driving.,NA,NA,NA,NA,NA,NA,NA,NA,NA,NA,NA,NA,NA,NA,NA
2016,CADILLAC,ATS-V,COMPACT,3.6,6,M6,Z,14.2,10.2,12.4,23,289,4,NA,2,6
2016,CHEVROLET,TAHOE 4WD,SUV - STANDARD,5.3,8,A6,X,15.2,10.8,13.2,21,310,4,NA,1,6
2016,MERCEDES-BENZ,AMG GLE 63 S COUPE 4MATIC,SUV - STANDARD,5.5,8,AS7,Z,17.2,12.8,15.2,19,363,2,NA,1,5
2016,CHEVROLET,MALIBU HYBRID,MID-SIZE,1.8,4,AV,X,5,5.1,5.1,55,122,9,NA,9,9
2016,NISSAN,JUKE NISMO RS AWD,STATION WAGON - SMALL,1.6,4,AV8,Z,9.4,8.1,8.8,32,208,6,NA,5,7
2016,LAND ROVER,RANGE ROVER SUPERCHARGED LWB,SUV - STANDARD,5,8,AS8,Z,17.2,12.5,15.1,19,356,3,NA,1,5
2016,INFINITI,Q50S RED SPORT,MID-SIZE,3,6,AS7,Z,11.8,8.8,10.5,27,247,5,NA,4,7
2016,RAM,1500 FFV,PICKUP TRUCK - STANDARD,3.6,6,A8,E,19.4,13.6,16.8,17,279,4,NA,2,5
2016,AUDI,A8 QUATTRO TDI (modified),MID-SIZE,3,6,AS8,D,9.8,6.5,8.4,34,224,6,NA,5,8
2016,VOLKSWAGEN,BEETLE CONVERTIBLE,SUBCOMPACT,1.8,4,AS6,X,9.6,7,8.4,34,196,7,NA,6,8
2016,INFINITI,QX50 AWD,STATION WAGON - SMALL,3.7,6,AS7,Z,13.7,9.7,11.9,24,279,4,NA,2,7
2016,DODGE,CHALLENGER,MID-SIZE,6.4,8,M6,Z,16.8,10.4,13.9,20,326,3,NA,1,6
2016,ASTON MARTIN,V12 VANTAGE S,TWO-SEATER,6,12,AM7,Z,19.5,12.8,16.5,17,390,2,NA,1,5
2016,VOLVO,XC90 T5,SUV - STANDARD,2,4,AS8,Z,10.6,9.1,10,28,232,5,NA,4,7
2016,FORD,EXPLORER FFV AWD,SUV - STANDARD,3.5,6,AS6,X,14.4,10.4,12.6,22,295,4,NA,2,6
2016,HYUNDAI,TUCSON AWD,SUV - SMALL,2,4,AS6,X,11,9,10.1,28,240,5,NA,4,7
2016,JEEP,PATRIOT,SUV - SMALL,2.4,4,A6,X,11.2,8.6,10,28,235,5,NA,4,7
2016,CHEVROLET,SILVERADO FFV,PICKUP TRUCK - STANDARD,4.3,6,A6,X,13.5,10,11.9,24,280,4,NA,2,6
2016,SUBARU,OUTBACK AWD,SUV - SMALL,3.6,6,AV6,X,12,8.6,10.5,27,246,5,NA,4,7
2016,CADILLAC,CTS Vsport,MID-SIZE,3.6,6,AS8,Z,14.7,9.8,12.5,23,293,4,NA,2,7
2016,MERCEDES-BENZ,AMG GLA 45,SUV - SMALL,2,4,AS7,Z,10.3,8.1,9.3,30,216,6,NA,5,7
2016,FORD,F-150 4X4 (Payload Pkg),PICKUP TRUCK - STANDARD,3.5,6,AS6,X,15.6,11.7,13.8,20,324,3,NA,1,6
2016,BMW,X3 xDRIVE35i,SUV - SMALL,3,6,AS8,Z,12.7,8.8,10.9,26,257,5,NA,3,7
2016,CHRYSLER,TOWN & COUNTRY FFV,MINIVAN,3.6,6,A6,X,14.1,9.5,12,24,282,4,NA,2,7
2016,FORD,EXPEDITION 4X4,SUV - STANDARD,3.5,6,AS6,X,16.2,11.9,14.3,20,334,3,NA,1,6
2016,LAMBORGHINI,AVENTADOR COUPE,TWO-SEATER,6.5,12,AM7,Z,22.2,12.7,17.9,16,420,1,NA,1,5
2016,CADILLAC,CTS-V,MID-SIZE,6.2,8,AS8,Z,16.6,11.1,14.1,20,332,3,NA,1,6
2016,DODGE,CHARGER,FULL-SIZE,3.6,6,A8,X,12.4,7.7,10.3,27,240,5,NA,4,8
2016,MINI,JOHN COOPER WORKS,SUBCOMPACT,2,4,M6,Z,10.4,7.7,9.2,31,214,6,NA,5,8
2016,FORD,FUSION (Start/Stop),MID-SIZE,1.5,4,AS6,X,9.4,6.3,8,35,188,7,NA,6,9
2016,INFINITI,QX60 HYBRID AWD,SUV - STANDARD,2.5,4,AV7,X,8.9,8.4,8.7,32,204,6,NA,5,7
2016,FORD,F-150 (Payload Pkg),PICKUP TRUCK - STANDARD,2.7,6,AS6,X,13.1,9.8,11.2,25,263,5,NA,3,7
2016,AUDI,A8L QUATTRO,FULL-SIZE,4,8,AS8,Z,13.1,8.3,10.9,26,255,5,NA,3,7
2016,TOYOTA,CAMRY HYBRID XLE/SE,MID-SIZE,2.5,4,AV,X,5.7,6,5.9,48,137,9,NA,8,9
2016,DODGE,CHARGER AWD,FULL-SIZE,3.6,6,A8,X,12.8,8.6,10.9,26,257,5,NA,3,7
2016,VOLKSWAGEN,TOUAREG TDI (modified),SUV - STANDARD,3,6,AS8,D,11.2,8.4,9.8,29,270,5,NA,3,7
2016,KIA,K900,FULL-SIZE,3.8,6,AS8,X,13.9,9.2,11.8,24,278,4,NA,2,7
2016,BMW,M235i xDRIVE,SUBCOMPACT,3,6,AS8,Z,12,7.9,10.2,28,238,5,NA,4,8
2016,MERCEDES-BENZ,AMG C 63 S,COMPACT,4,8,AS7,Z,13.4,9.6,11.7,24,268,5,NA,3,7
2016,HYUNDAI,GENESIS AWD,FULL-SIZE,5,8,AS8,Z,17.3,10.5,14.2,20,332,3,NA,1,6
2016,FORD,TRANSIT CONNECT VAN,SPECIAL PURPOSE VEHICLE,1.6,4,AS6,X,10.8,8,9.5,30,223,6,NA,5,7
2016,CHEVROLET,CAMARO,COMPACT,3.6,6,M6,X,13.2,8.7,11.2,25,261,5,NA,3,7
2016,HONDA,ACCORD SEDAN,MID-SIZE,3.5,6,A6,X,11.3,7,9.4,30,219,6,NA,5,8
2016,JEEP,CHEROKEE 4X4 ACTIVE DRIVE II,SUV - SMALL,3.2,6,A9,X,12.5,8.9,10.9,26,256,5,NA,3,7
2016,VOLVO,XC60 T5 AWD,SUV - SMALL,2.5,5,AS6,X,12.5,9.2,11,26,254,5,NA,3,7
2016,MERCEDES-BENZ,AMG E 63 S 4MATIC,MID-SIZE,5.5,8,AS7,Z,15.3,10.8,13.3,21,310,4,NA,1,6
2016,BMW,340i,COMPACT,3,6,M6,Z,11.6,7.8,9.9,29,231,5,NA,4,8
2016,VOLVO,V60 3.0T AWD,STATION WAGON - SMALL,3,6,AS6,X,13,9,11.2,25,259,5,NA,3,7
2016,PORSCHE,911 CARRERA GTS,MINICOMPACT,3.8,6,AM7,Z,12.7,9,11,26,259,5,NA,3,7
2016,VOLKSWAGEN,BEETLE,COMPACT,1.8,4,M5,X,9.5,6.9,8.4,34,196,7,NA,6,8
2016,ACURA,RLX HYBRID,MID-SIZE,3.5,6,AM7,Z,8,7.5,7.7,37,180,7,NA,6,8
2016,BMW,M5,MID-SIZE,4.4,8,AM7,Z,17.3,11.5,14.7,19,344,3,NA,1,6
2016,AUDI,S4 QUATTRO,COMPACT,3,6,M6,Z,13.8,9,11.7,24,273,4,NA,3,7
2016,GMC,TERRAIN,SUV - SMALL,3.6,6,A6,X,14.2,9.5,12.1,23,285,4,NA,2,7
2016,CHEVROLET,MALIBU,MID-SIZE,2,4,AS8,Z,10.6,7.1,9,31,211,6,NA,5,8
2016,DODGE,JOURNEY FFV,SUV - SMALL,3.6,6,A6,E,18.9,12.9,16.2,17,270,5,NA,3,5
2016,CADILLAC,XTS,FULL-SIZE,3.6,6,AS6,X,13.6,8.6,11.3,25,263,5,NA,3,7
2016,TOYOTA,PRIUS c,COMPACT,1.5,4,AV,X,4.5,5.1,4.7,60,111,10,NA,9,10
2016,LEXUS,LS 460,MID-SIZE,4.6,8,AS8,Z,14.4,9.6,12.3,23,286,4,NA,2,7
2016,MERCEDES-BENZ,GLE 450 AMG SPORT 4MATIC COUPE,SUV - STANDARD,3,6,A9,Z,13.6,10.2,12,24,281,4,NA,2,6
2016,CADILLAC,ESCALADE 4WD,SUV - STANDARD,6.2,8,A8,Z,16,11.2,13.9,20,325,3,NA,1,6
2016,JEEP,RENEGADE 4X4,SUV - SMALL,2.4,4,A9,X,11.2,8,9.8,29,229,5,NA,4,7
2016,CADILLAC,SRX,SUV - STANDARD,3.6,6,AS6,X,14.2,9.8,12.3,23,287,4,NA,2,7
2016,FORD,TRANSIT CONNECT WAGON FFV,SPECIAL PURPOSE VEHICLE,2.5,4,AS6,X,12.4,8.7,10.7,26,252,5,NA,3,7
2016,LINCOLN,NAVIGATOR 4X4,SUV - STANDARD,3.5,6,AS6,X,16.2,11.9,14.3,20,334,3,NA,1,6
2016,RAM,1500 ECODIESEL HFE,PICKUP TRUCK - STANDARD,3,6,A8,D,11.3,8,9.8,29,264,5,NA,3,7
2016,RAM,1500 ECODIESEL,PICKUP TRUCK - STANDARD,3,6,A8,D,11.6,8.4,10.2,28,272,4,NA,3,7
2016,KIA,OPTIMA,FULL-SIZE,2,4,AS6,X,10.9,7.4,9.3,30,222,6,NA,5,8
2016,AUDI,TTS COUPE QUATTRO,SUBCOMPACT,2,4,AM6,Z,10.3,8.6,9.5,30,222,6,NA,5,7
2016,BENTLEY,CONTINENTAL GT,COMPACT,6,12,AS8,Z,18.9,11.2,15.4,18,360,2,NA,1,6
2016,LINCOLN,MKC AWD,SUV - SMALL,2.3,4,AS6,X,12.8,9.1,11.1,25,261,5,NA,3,7
2016,MAZDA,MAZDA3 4-DOOR (SIL),COMPACT,2,4,M6,X,8,5.8,7,40,165,8,NA,7,9
2016,MINI,JOHN COOPER WORKS PACEMAN ALL4,COMPACT,1.6,4,AS6,Z,10.1,7.7,9,31,212,6,NA,5,8
2016,LEXUS,RC 300 AWD,SUBCOMPACT,3.5,6,AS6,Z,12.6,9.2,11.1,25,258,5,NA,3,7
2016,HYUNDAI,GENESIS COUPE,SUBCOMPACT,3.8,6,M6,Z,14.1,9.6,12.1,23,283,4,NA,2,7
2016,MITSUBISHI,LANCER SPORTBACK,STATION WAGON - SMALL,2,4,AV6,X,9.2,7.1,8.3,34,191,7,NA,6,8
2016,JEEP,CHEROKEE TRAILHAWK 4X4,SUV - SMALL,2.4,4,A9,X,12.1,9.4,10.9,26,255,5,NA,3,7
2016,RAM,1500 4X4 FFV,PICKUP TRUCK - STANDARD,3.6,6,A8,X,14.6,10.1,12.6,22,294,4,NA,2,6
2016,CHEVROLET,COLORADO,PICKUP TRUCK - SMALL,2.5,4,A6,X,11.9,8.9,10.5,27,247,5,NA,4,7
2016,CHEVROLET,SILVERADO FFV,PICKUP TRUCK - STANDARD,5.3,8,A6,X,14.6,10.4,12.7,22,298,4,NA,2,6
2016,FORD,TAURUS FFV AWD,FULL-SIZE,3.5,6,AS6,E,18.7,13.3,16.3,17,271,4,NA,3,5
2016,CHEVROLET,SILVERADO 4WD FFV,PICKUP TRUCK - STANDARD,4.3,6,A6,E,20.3,15.3,18.1,16,301,4,NA,1,4
2016,MITSUBISHI,MIRAGE,COMPACT,1.2,3,M5,X,7,5.6,6.3,45,147,9,NA,8,9
2016,SUBARU,FORESTER AWD,SUV - SMALL,2.5,4,AV6,X,9.6,7.5,8.7,32,204,6,NA,5,8
2016,BUICK,LACROSSE FFV,MID-SIZE,3.6,6,AS6,E,18.7,12.4,15.8,18,260,5,NA,3,5
2016,DODGE,CHARGER AWD (MDS),FULL-SIZE,5.7,8,A5,X,16.1,10,13.4,21,313,4,NA,1,6
2016,JAGUAR,F-TYPE PROJECT 7 CONVERTIBLE,TWO-SEATER,5,8,AS8,Z,15,10.2,12.8,22,302,4,NA,1,6
2016,BUICK,REGAL eASSIST,MID-SIZE,2.4,4,AS6,X,9.6,6.5,8.2,34,193,7,NA,6,8
2016,FORD,TRANSIT CONNECT VAN,SPECIAL PURPOSE VEHICLE,2.5,4,AS6,X,11.9,8.6,10.4,27,243,5,NA,4,7
2016,BMW,328i xDRIVE TOURING,STATION WAGON - SMALL,2,4,AS8,Z,10.5,6.9,8.9,32,209,6,NA,5,8
2016,GMC,YUKON XL 4WD FFV,SUV - STANDARD,5.3,8,A6,X,15.4,10.8,13.3,21,312,4,NA,1,6
2016,KIA,SPORTAGE AWD,SUV - SMALL,2.4,4,AS6,X,12,9.3,10.8,26,251,5,NA,3,7
2016,KIA,SORENTO AWD,SUV - SMALL,3.3,6,AS6,X,13.4,9.4,11.6,24,275,4,NA,3,7
2016,NISSAN,FRONTIER,PICKUP TRUCK - SMALL,2.5,4,M5,X,12.2,10.2,11.3,25,266,5,NA,3,6
2016,BMW,435i xDRIVE CABRIOLET,SUBCOMPACT,3,6,AS8,Z,11.9,8.1,10.2,28,238,5,NA,4,7
2016,LEXUS,GS 350 AWD,MID-SIZE,3.5,6,AS6,Z,12.4,9,10.9,26,254,5,NA,3,7
2016,FORD,EXPLORER FFV AWD,SUV - STANDARD,3.5,6,AS6,E,19.7,14.1,17.2,16,282,4,NA,2,4
2016,DODGE,VIPER SRT,TWO-SEATER,8.4,10,M6,Z,19.2,11.3,15.6,18,364,2,NA,1,6
2016,CHEVROLET,CRUZE LIMITED ECO,MID-SIZE,1.4,4,A6,X,9,6.1,7.7,37,181,7,NA,6,9
2016,BUICK,LACROSSE FFV,MID-SIZE,3.6,6,AS6,X,13.7,8.6,11.4,25,268,5,NA,3,7
2016,FORD,TRANSIT CONNECT WAGON LWB,SPECIAL PURPOSE VEHICLE,2.5,4,AS6,X,12.4,8.7,10.7,26,252,5,NA,3,7
2016,CHEVROLET,SILVERADO,PICKUP TRUCK - STANDARD,5.3,8,A6,X,14.6,10.4,12.7,22,298,4,NA,2,6
2016,HYUNDAI,SANTA FE,SUV - SMALL,3.3,6,AS6,X,12.9,9.4,11.3,25,265,5,NA,3,7
2016,FORD,FOCUS,COMPACT,1,3,AS6,X,8.5,5.9,7.3,39,171,8,NA,7,9
2016,CHEVROLET,EQUINOX AWD FFV,SUV - SMALL,2.4,4,A6,X,11.5,8.2,10,28,235,5,NA,4,7
2016,CHEVROLET,EQUINOX,SUV - SMALL,3.6,6,A6,X,14.2,9.5,12.1,23,285,4,NA,2,7
2016,GMC,SIERRA eASSIST 4WD,PICKUP TRUCK - STANDARD,5.3,8,A8,X,14.4,11.2,13,22,304,4,NA,1,6
2016,LEXUS,ES 300h,MID-SIZE,2.5,4,AV6,X,5.8,6.1,5.9,48,139,9,NA,8,9
2016,BUICK,VERANO,COMPACT,2,4,M6,Z,11.6,7.6,9.8,29,230,5,NA,4,8
2016,AUDI,A4,COMPACT,2,4,AV8,Z,9.9,7.6,8.9,32,212,6,NA,5,8
2016,PORSCHE,CAYENNE S,SUV - STANDARD,3.6,6,A8,Z,14.3,9.6,12.2,23,286,4,NA,2,7
2016,GMC,YUKON 4WD,SUV - STANDARD,5.3,8,A6,X,15.2,10.8,13.2,21,310,4,NA,1,6
2016,PORSCHE,911 CARRERA,MINICOMPACT,3.4,6,AM7,Z,11.6,8.4,10.1,28,238,5,NA,4,7
2016,BMW,335i xDRIVE GRAN TURISMO,FULL-SIZE,3,6,AS8,Z,12,7.9,10.2,28,238,5,NA,4,8
2016,HONDA,FIT,STATION WAGON - SMALL,1.5,4,AV,X,7,5.7,6.4,44,150,8,NA,8,9
2016,HONDA,CR-V,SUV - SMALL,2.4,4,AV,X,8.8,6.9,7.9,36,186,7,NA,6,8
2016,TOYOTA,HIGHLANDER,SUV - SMALL,3.5,6,AS6,X,12.5,9.3,11.1,25,260,5,NA,3,7
2016,MINI,COOPER S CONVERTIBLE,MINICOMPACT,2,4,M6,Z,10,7,8.7,32,203,6,NA,5,8
2016,VOLKSWAGEN,GOLF,COMPACT,1.8,4,AS6,X,9.3,6.5,8.1,35,189,7,NA,6,8
2016,KIA,FORTE KOUP,COMPACT,2,4,AS6,X,9.7,7.1,8.6,33,200,7,NA,6,8
2016,JEEP,RENEGADE,SUV - SMALL,1.4,4,M6,X,9.9,7.5,8.8,32,207,6,NA,5,8
2016,MAZDA,MAZDA3 5-DOOR (SIL),MID-SIZE,2,4,M6,X,8.2,5.9,7.1,40,167,8,NA,7,9
2016,MERCEDES-BENZ,S 550 4MATIC COUPE,COMPACT,4.7,8,AS7,Z,14.4,9.8,12.3,23,289,4,NA,2,7
2016,NISSAN,GT-R,SUBCOMPACT,3.8,6,AM6,Z,14.3,10.5,12.6,22,294,4,NA,2,6
2016,VOLVO,S80 T5,MID-SIZE,2,4,AS8,X,9.6,6.7,8.3,34,193,7,NA,6,8
2016,PORSCHE,CAYENNE TURBO,SUV - STANDARD,4.8,8,A8,Z,16.7,11.2,14.2,20,334,3,NA,1,6
2016,MITSUBISHI,MIRAGE,COMPACT,1.2,3,AV,X,6.4,5.3,5.9,48,139,9,NA,8,9
2016,CHEVROLET,EXPRESS 3500 PASSENGER,VAN - PASSENGER,6,8,A6,X,23,16,19.8,14,465,1,NA,1,3
2016,DODGE,DURANGO AWD,SUV - STANDARD,3.6,6,A8,X,12.8,9.5,11.3,25,265,5,NA,3,7
2016,NISSAN,ROGUE AWD,SUV - SMALL,2.5,4,AV,X,9.5,7.4,8.6,33,201,7,NA,5,8
2016,JAGUAR,XJ R-SPORT 3.0 AWD,FULL-SIZE,3,6,AS8,Z,14,8.9,11.7,24,275,4,NA,3,7
2016,CHEVROLET,SONIC 5,STATION WAGON - SMALL,1.8,4,M5,X,9,6.8,8,35,187,7,NA,6,8
2016,CHEVROLET,CAMARO SS,COMPACT,6.2,8,M6,Z,14.3,9.4,12.1,23,284,4,NA,2,7
2016,TOYOTA,COROLLA LE ECO (2-mode),MID-SIZE,1.8,4,AV,X,7.7,6,6.9,41,162,8,NA,7,9
2016,PORSCHE,911 CARRERA 4 GTS,MINICOMPACT,3.8,6,AM7,Z,12.7,9.2,11.1,25,260,5,NA,3,7
2016,VOLKSWAGEN,GOLF SPORTWAGON,STATION WAGON - SMALL,1.8,4,AS6,X,9.4,6.8,8.2,34,193,7,NA,6,8
2016,PORSCHE,CAYMAN S,TWO-SEATER,3.4,6,M6,Z,11.9,8.6,10.4,27,245,5,NA,4,7
2016,MERCEDES-BENZ,GLE 550 4MATIC,SUV - STANDARD,4.7,8,AS7,Z,16.2,11.8,14.2,20,335,3,NA,1,6
2016,AUDI,A3,SUBCOMPACT,1.8,4,AM6,X,10,7.1,8.7,32,204,6,NA,5,8
2016,CHEVROLET,COLORADO,PICKUP TRUCK - SMALL,3.6,6,A6,X,13,9.2,11.3,25,265,5,NA,3,7
2016,BMW,M4 CABRIOLET,SUBCOMPACT,3,6,AM7,Z,14.2,9.6,12.1,23,282,4,NA,2,7
