Year,Make,Model,Vehicle Class,Engine Size (L),Cylinders,Transmission,Fuel Type,Fuel Consumption (City) (L/100 km),Fuel Consumption (Hwy) (L/100 km),Fuel Consumption (Comb) (L/100 km),Fuel Consumption (Comb) (mpg),CO2 Emissions (g/km),CO2 Rating,Smog Rating,CO2_Rating,Smog_Rating
2018,Acura,RDX AWD,SUV: Small,3.5,6,AS6,Z,12.4,8.7,10.7,26,250,4,3,4,7
2018,Jeep,Cherokee FFV,SUV: Small,2.4,4,A9,X,11,7.8,9.6,29,225,5,3,5,8
2018,Ram,1500 FFV,Pickup truck: Standard,3.6,6,A8,E,19.7,13.8,17,17,283,4,3,2,5
2018,Kia,Soul,Station wagon: Small,1.6,4,AM7,X,9.1,7.7,8.5,33,199,6,3,6,8
2018,Lincoln,MKZ AWD,Mid-size,2,4,AS6,X,11.8,8.4,10.3,27,242,5,5,4,7
2018,BMW,X4 xDrive28i,SUV: Small,2,4,AS8,Z,11.8,8.6,10.3,27,240,5,3,4,7
2018,Ford,F-150,Pickup truck: Standard,3,6,AS10,D,10.8,8,9.5,30,256,4,1,3,7
2018,BMW,M4 Cabriolet,Subcompact,3,6,M6,Z,13.8,9.4,11.9,24,280,4,3,2,7
2018,Ford,F-150 FFV,Pickup truck: Standard,5,8,AS10,X,13.9,10.2,12.2,23,286,3,3,2,6
2018,Land Rover,Range Rover Evoque Convertible,SUV: Small,2,4,AS9,Z,11.2,8.2,9.8,29,231,5,7,4,7
2018,BMW,640i xDrive Cabriolet,Subcompact,3,6,AS8,Z,12.3,8.4,10.5,27,248,4,3,4,7
2018,Chevrolet,Cruze Hatchback Premier,Mid-size,1.4,4,AS6,X,8.4,6.4,7.5,38,176,7,6,6,9
2018,Honda,Civic Coupe,Compact,1.5,4,M6,X,7.7,5.7,6.8,42,158,8,3,7,9
2018,Ford,Focus,Compact,1,3,M6,X,7.9,5.9,7,40,164,8,3,7,9
2018,Mercedes-Benz,AMG GLA 45 4MATIC,Station wagon: Mid-size,2,4,AM7,Z,10.7,8.3,9.6,29,225,5,3,5,7
2018,GMC,Sierra 4WD,Pickup truck: Standard,5.3,8,A8,X,15.6,11.6,13.8,20,324,3,3,1,6
2018,GMC,Terrain,SUV: Small,1.5,4,A9,X,9.2,7.9,8.6,33,201,6,5,5,8
2018,Nissan,Sentra (Turbo),Mid-size,1.6,4,AV7,Z,8.9,7.3,8.2,34,193,6,3,6,8
2018,Volvo,S90 T5 AWD,Mid-size,2,4,AS8,Z,10.1,7.4,8.8,32,206,6,5,5,8
2018,Dodge,Journey AWD,SUV: Small,3.6,6,A6,X,14.5,10,12.4,23,292,3,3,2,6
2018,Audi,A5 quattro,Subcompact,2,4,AM7,Z,10,7,8.7,32,203,6,5,5,8
2018,BMW,340i xDrive Gran Turismo,Full-size,3,6,AS8,Z,11.8,7.9,10,28,235,5,3,4,8
2018,Mercedes-Benz,E 400 4MATIC,Mid-size,3,6,A9,Z,11.8,8.7,10.4,27,246,4,5,4,7
2018,Jeep,Cherokee 4X4 Active Drive II,SUV: Small,2.4,4,A9,X,11.4,8.7,10.2,28,239,5,1,4,7
2018,Mercedes-Benz,C 300 4MATIC Cabriolet,Subcompact,2,4,A9,Z,10.8,8,9.6,29,224,5,5,5,7
2018,GMC,Yukon XL FFV,SUV: Standard,5.3,8,A6,X,15.1,10.4,13,22,305,3,3,1,6
2018,Chevrolet,Trax,SUV: Small,1.4,4,M6,X,9.2,7.1,8.2,34,194,6,3,6,8
NA,FFV = Flexible-fuel vehicle,NA,NA,NA,NA,NA,NA,NA,NA,NA,NA,NA,NA,NA,NA,NA
2018,Hyundai,Santa Fe Sport Ultimate AWD,SUV: Small,2,4,AS6,X,12.5,9.6,11.2,25,264,4,3,3,7
2018,Porsche,911 Carrera GTS Cabriolet,Minicompact,3,6,M7,Z,12.7,9,11,26,258,4,1,3,7
2018,Ford,EcoSport AWD,SUV: Small,2,4,AS6,X,10.2,8,9.3,30,217,5,5,5,7
2018,Ford,F-150 FFV,Pickup truck: Standard,3.3,6,AS6,X,12.3,9.3,10.9,26,257,4,5,3,7
2018,Jaguar,F-TYPE Convertible R-Dynamic,Two-seater,3,6,M6,Z,15.3,10,12.9,22,302,3,7,1,6
2018,Nissan,Rogue,SUV: Small,2.5,4,AV,X,9.2,7,8.2,34,192,6,5,6,8
2018,BMW,M6 Coupe,Subcompact,4.4,8,AM7,Z,17.3,11.6,14.7,19,344,2,3,1,6
NA,AV = Continuously variable,NA,NA,NA,NA,NA,NA,NA,NA,NA,NA,NA,NA,NA,NA,NA
2018,Porsche,Cayenne Turbo,SUV: Standard,4.8,8,A8,Z,16.7,11.2,14.3,20,334,3,1,1,6
2018,Kia,Sorento AWD,SUV: Small,2.4,4,AS6,X,11.5,9.3,10.5,27,246,4,5,4,7
2018,Ford,Focus,Compact,1,3,AS6,X,8.5,6.2,7.5,38,176,7,3,6,9
2018,Ford,F-150 FFV 4X4 (Payload Pkg),Pickup truck: Standard,5,8,AS10,E,21.4,17.2,19.5,14,325,3,3,1,3
2018,Ford,T-150 Wagon,Van: Passenger,3.7,6,AS6,X,16.8,13.1,15.1,19,354,2,1,1,5
2018,Alfa Romeo,Giulia Quadrifoglio,Mid-size,2.9,6,A8,Z,13.8,9.6,11.9,24,280,4,3,2,7
2018,Dodge,Challenger GT AWD,Mid-size,3.6,6,A8,X,12.8,8.7,11,26,258,4,3,3,7
2018,Acura,NSX,Two-seater,3.5,6,AM9,Z,11.1,10.8,11,26,261,4,3,3,6
2018,Lincoln,MKT Livery AWD,Special purpose vehicle,3.7,6,A6,X,14.7,10.2,12.7,22,298,3,3,2,6
2018,Dodge,Durango AWD SRT,SUV: Standard,6.4,8,A8,Z,18.3,12.2,15.6,18,363,2,1,1,5
2018,Porsche,Panamera 4 ST,Full-size,3,6,AM8,Z,11.5,9,10.4,27,242,5,1,4,7
2018,Porsche,911 Carrera 4,Minicompact,3,6,M7,Z,12.1,8.3,10.4,27,242,5,1,4,7
2018,Volvo,V90 CC T5 AWD,Station wagon: Mid-size,2,4,AS8,Z,10.4,7.7,9.2,31,214,5,5,5,8
2018,MINI,Cooper S Convertible,Minicompact,2,4,M6,Z,10.3,7.4,9,31,210,5,7,5,8
2018,Chevrolet,Silverado 4WD,Pickup truck: Standard,6.2,8,A8,Z,16,11.7,14.1,20,331,3,3,1,6
2018,Mercedes-Benz,AMG SL 63,Two-seater,5.5,8,A7,Z,14.7,9.5,12.4,23,291,3,1,2,7
2018,Honda,Accord,Full-size,1.5,4,AV7,X,8.2,6.8,7.6,37,177,7,7,6,8
2018,MINI,Cooper Clubman ALL4,Mid-size,1.5,3,AS8,Z,10.2,7.6,9,31,212,5,3,5,8
2018,FIAT,124 Spider,Two-seater,1.4,4,A6,X,9.3,6.5,8,35,187,6,3,6,8
2018,GMC,Sierra 4WD FFV,Pickup truck: Standard,4.3,6,A6,E,20.2,15.2,18,16,296,3,5,2,4
2018,Subaru,Legacy AWD,Mid-size,2.5,4,AV7,X,9.3,7,8.3,34,193,6,5,6,8
2018,Nissan,Titan 4WD Pro-4X,Pickup truck: Standard,5.6,8,AS7,X,15.9,11.9,14.1,20,331,3,3,1,6
2018,Chevrolet,Spark,Subcompact,1.4,4,AV,X,7.8,6.2,7.1,40,167,8,5,7,9
2018,Jaguar,F-PACE 20d,SUV: Small,2,4,AS8,D,8.9,7.2,8.1,35,218,5,1,5,8
2018,Maserati,Ghibli SQ4,Mid-size,3,6,AS8,Z,14.7,9.9,12.6,22,295,3,1,2,7
2018,Ford,Fusion Hybrid,Mid-size,2,4,AV,X,5.5,5.6,5.6,50,131,9,7,8,9
2018,Chevrolet,Traverse,SUV: Standard,3.6,6,AS9,X,12.9,8.7,11,26,258,4,5,3,7
2018,Audi,A3,Subcompact,2,4,AM7,X,9.1,6.8,8,35,188,6,7,6,8
2018,Chevrolet,Colorado,Pickup truck: Small,2.5,4,M6,X,11.9,9.2,10.7,26,251,4,5,3,7
2018,Ford,Mustang Convertible,Subcompact,2.3,4,M6,X,11.8,8.4,10.3,27,240,5,5,4,7
2018,Mercedes-Benz,S 560 4MATIC,Full-size,4,8,A9,Z,13.5,8.6,11.3,25,265,4,5,3,7
2018,Mitsubishi,Eclipse Cross,SUV: Small,1.5,4,AV8,X,9.4,8.4,8.9,32,208,6,5,5,7
2018,Volkswagen,Atlas,SUV: Small,2,4,AS8,X,10.8,8.9,10,28,233,5,3,4,7
2018,Dodge,Charger FFV,Full-size,3.6,6,A8,E,17.1,10.6,14.2,20,234,5,3,4,6
2018,Ford,F-150 FFV 4X4,Pickup truck: Standard,3.3,6,AS6,X,12.9,10.2,11.7,24,273,4,5,3,6
2018,Mercedes-Benz,AMG GLS 63 4MATIC,SUV: Standard,5.5,8,A7,Z,17.6,13.3,15.7,18,367,2,3,1,5
2018,Buick,Regal,Full-size,2,4,AS9,Z,10.7,7.4,9.2,31,217,5,5,5,8
2018,Mazda,CX-9 4WD,SUV: Small,2.5,4,AS6,X,11.5,8.9,10.4,27,242,5,3,4,7
2018,Porsche,Cayenne S,SUV: Standard,3.6,6,A8,Z,13.9,9.6,12,24,281,4,1,2,7
2018,Ford,Flex AWD GTDI,SUV: Standard,3.5,6,AS6,X,15.7,11.2,13.7,21,322,3,3,1,6
2018,Mercedes-Benz,AMG C 43 4MATIC,Compact,3,6,A9,Z,11.8,8.8,10.4,27,244,5,5,4,7
2018,Mercedes-Benz,GLA 250 4MATIC,SUV: Small,2,4,AM7,Z,10.1,7.6,9,31,209,5,5,5,8
2018,Audi,S4,Compact,3,6,AM8,Z,11.5,8,9.9,29,232,5,5,4,7
2018,Chevrolet,Suburban 4WD FFV,SUV: Standard,5.3,8,A6,E,22.3,15.7,19.3,15,321,3,3,1,4
2018,BMW,M4 Coupe,Compact,3,6,M6,Z,13.5,9.3,11.6,24,273,4,3,3,7
2018,Infiniti,Q50 AWD,Mid-size,3,6,AS7,Z,12.4,8.7,10.8,26,253,4,3,3,7
2018,Chevrolet,Sonic,Compact,1.4,4,AS6,X,8.8,6.6,7.8,36,184,7,3,6,8
2018,GMC,Yukon 4WD,SUV: Standard,6.2,8,A10,Z,16.4,10.7,13.8,20,325,3,3,1,6
2018,Cadillac,CTS Vsport,Mid-size,3.6,6,AS8,Z,15,9.9,12.7,22,311,3,3,1,7
2018,FIAT,500X AWD,SUV: Small,2.4,4,A9,X,11,8,9.7,29,226,5,7,4,7
2018,Bentley,Bentayga,SUV: Standard,6,12,AS8,Z,18.8,12.2,15.9,18,370,2,3,1,5
2018,GMC,Terrain AWD,SUV: Small,1.5,4,A9,X,9.6,8.3,9,31,210,5,5,5,7
2018,Ford,Escape FFV,SUV: Small,2.5,4,AS6,E,15.2,10.9,13.3,21,219,5,3,5,6
2018,MINI,Cooper S Countryman ALL4,Mid-size,2,4,AS8,Z,10.5,7.6,9.2,31,215,5,7,5,8
2018,Chevrolet,Tahoe FFV,SUV: Standard,5.3,8,A6,X,15.1,10.4,13,22,305,3,3,1,6
2018,GMC,Sierra FFV,Pickup truck: Standard,5.3,8,A6,E,19.7,13.9,17,17,283,4,3,2,5
2018,Toyota,Highlander Hybrid AWD,SUV: Standard,3.5,6,AV6,X,8.1,8.5,8.3,34,193,6,7,6,7
2018,Chrysler,300 FFV,Full-size,3.6,6,A8,X,12.4,7.8,10.3,27,242,5,3,4,8
2018,MINI,Cooper S 3 Door,Subcompact,2,4,AS6,Z,9.3,7.3,8.4,34,197,6,7,6,8
2018,MINI,Cooper Convertible,Minicompact,1.5,3,AS6,Z,8.7,6.8,7.9,36,184,7,7,6,8
2018,Subaru,Impreza 5-Door AWD,Station wagon: Small,2,4,AV7,X,8.4,6.5,7.5,38,176,7,6,6,8
2018,Jeep,Compass,SUV: Small,2.4,4,M6,X,10.4,7.3,9,31,211,5,3,5,8
2018,Toyota,Corolla iM,Mid-size,1.8,4,M6,X,8.8,6.8,7.9,36,185,7,5,6,8
2018,BMW,M240i Cabriolet,Subcompact,3,6,AS8,Z,10.9,7.7,9.5,30,222,5,3,5,8
2018,Ford,F-150 4X4 (LT Tire Pkg),Pickup truck: Standard,5,8,AS10,X,14.7,11.8,13.8,20,324,3,3,1,6
2018,Mercedes-Benz,GLC 300 4MATIC,SUV: Small,2,4,A9,Z,11.1,8.6,10,28,240,5,5,4,7
2018,BMW,X5 xDrive50i,SUV: Standard,4.4,8,AS8,Z,15.4,11.2,13.5,21,317,3,3,1,6
2018,Kia,Forte 5,Full-size,2,4,AS6,X,9.4,7,8.3,34,197,6,3,6,8
2018,Mercedes-Benz,CLA 250,Compact,2,4,AM7,Z,9.6,6.6,8.2,34,193,6,5,6,8
2018,Toyota,Tundra,Pickup truck: Standard,5.7,8,AS6,X,17.7,13.6,15.9,18,371,2,5,1,5
2018,Audi,S5 Cabriolet,Subcompact,3,6,AM8,Z,11.9,8.1,10.2,28,239,5,5,4,7
2018,Porsche,Boxster,Two-seater,2,4,M6,Z,11,8.3,9.8,29,229,5,1,4,7
2018,Honda,Civic Sedan,Mid-size,2,4,AV,X,7.8,6,7,40,163,8,3,7,9
2018,Ram,1500 4X4 EcoDiesel,Pickup truck: Standard,3,6,A8,D,12.3,8.8,10.8,26,289,3,1,2,7
2018,Chevrolet,Silverado eAssist,Pickup truck: Standard,5.3,8,A8,X,13.4,10,11.8,24,278,4,3,2,6
2018,Dodge,Journey,SUV: Small,2.4,4,A4,X,12.7,9.2,11.1,25,261,4,3,3,7
2018,Lincoln,Navigator 4X4,SUV: Standard,3.5,6,AS10,X,14.9,11.3,13.3,21,310,3,5,1,6
2018,Jeep,Compass 4X4,SUV: Small,2.4,4,A9,X,10.8,7.8,9.5,30,222,5,7,5,8
2018,Lexus,LS 500 AWD,Mid-size,3.4,6,AS10,Z,13,8.7,11,26,259,4,3,3,7
2018,Lexus,RC 350 AWD,Subcompact,3.5,6,AS6,Z,13.1,9.8,11.2,25,262,4,5,3,7
2018,GMC,Canyon,Pickup truck: Small,2.5,4,M6,X,11.9,9.2,10.7,26,251,4,5,3,7
2018,Lincoln,MKC AWD,SUV: Small,2,4,AS6,X,12.3,9.3,10.9,26,256,4,5,3,7
2018,Infiniti,Q70 AWD,Mid-size,3.7,6,AS7,Z,13.2,9.8,11.7,24,274,4,3,3,7
2018,Ford,F-150 (LT Tire Pkg),Pickup truck: Standard,3,6,AS10,D,10.8,8.4,9.7,29,260,4,1,3,7
2018,Ford,F-150 FFV 4X4 (Payload Pkg),Pickup truck: Standard,5,8,AS10,X,16.1,12.4,14.5,19,339,2,3,1,5
2018,Chevrolet,Tahoe,SUV: Standard,5.3,8,A6,X,15.1,10.4,13,22,305,3,3,1,6
2018,Rolls-Royce,Phantom EWB,Full-size,6.7,12,AS8,Z,20,12.4,16.6,17,387,1,3,1,5
2018,Subaru,Impreza 5-Door AWD,Station wagon: Small,2,4,M5,X,10.1,7.7,9,31,211,5,6,5,8
2018,Mazda,Mazda6,Mid-size,2.5,4,AS6,X,9.1,6.7,8,35,187,7,7,6,8
2018,Jaguar,F-TYPE Coupe R-Dynamic,Two-seater,3,6,M6,Z,15.3,10,12.9,22,302,3,7,1,6
NA,3 � 10 = Number of gears,NA,NA,NA,NA,NA,NA,NA,NA,NA,NA,NA,NA,NA,NA,NA
2018,Volvo,V60 CC T5 AWD,Station wagon: Small,2,4,AS8,X,10.8,7.8,9.4,30,220,5,3,5,8
2018,Mercedes-Benz,B 250,Mid-size,2,4,AM7,Z,9.8,6.8,8.4,34,196,6,5,6,8
2018,Mazda,CX-9,SUV: Small,2.5,4,AS6,X,10.6,8.4,9.6,29,225,5,3,5,7
2018,Ford,Fusion,Mid-size,1.5,4,AS6,X,10,7,8.7,32,203,6,7,5,8
2018,Ford,Focus RS AWD,Mid-size,2.3,4,M6,Z,12.2,9,10.8,26,252,4,3,3,7
2018,Ford,F-150,Pickup truck: Standard,3.3,6,AS6,X,12.3,9.4,11,26,259,4,5,3,7
2018,Toyota,Corolla LE Eco (2-Mode),Mid-size,1.8,4,AV,X,8,6.3,7.2,39,168,8,5,7,9
2018,MINI,Cooper Countryman ALL4,Station wagon: Small,1.5,3,M6,Z,10.5,7.4,9.1,31,214,5,3,5,8
2018,Jaguar,F-TYPE Coupe,Two-seater,2,4,AS8,Z,10.2,7.8,9.2,31,215,5,7,5,8
2018,Mazda,CX-3 4WD,Compact,2,4,AS6,X,8.8,7.5,8.2,34,192,6,3,6,8
2018,Jeep,Grand Cherokee 4X4,SUV: Standard,3.6,6,A8,X,12.7,9.6,11.3,25,265,4,5,3,7
2018,MINI,Cooper S Countryman ALL4,Mid-size,2,4,M6,Z,11.3,7.7,9.7,29,227,5,7,4,8
2018,Lexus,LC 500h,Subcompact,3.5,6,AV10,Z,8.9,7,8,35,187,6,7,6,8
2018,Subaru,Impreza 4-Door AWD,Mid-size,2,4,AV7,X,8.3,6.4,7.5,38,174,7,6,7,9
2018,GMC,Sierra 4WD FFV,Pickup truck: Standard,4.3,6,A6,X,14.1,10.6,12.5,23,294,3,5,2,6
2018,Jeep,Compass,SUV: Small,2.4,4,A6,X,10.6,7.6,9.3,30,218,5,7,5,8
2018,Buick,Lacrosse,Mid-size,3.6,6,AS9,X,11.3,7.9,9.7,29,228,5,5,4,8
2018,BMW,540i xDrive,Mid-size,3,6,AS8,Z,11.6,8.1,10,28,236,5,5,4,7
2018,Kia,Soul,Station wagon: Small,2,4,AS6,X,9.5,7.8,8.7,32,206,6,5,5,8
2018,GMC,Sierra 4WD FFV,Pickup truck: Standard,5.3,8,A6,X,15,10.7,13.1,22,307,3,3,1,6
2018,Lexus,GS F,Compact,5,8,AS8,Z,14.9,9.7,12.5,23,293,3,5,2,7
2018,Chevrolet,Sonic,Compact,1.8,4,AS6,X,9.3,7,8.3,34,193,6,5,6,8
2018,Hyundai,Sonata,Full-size,2.4,4,AS6,X,9.8,6.9,8.5,33,202,6,5,5,8
2018,Nissan,370Z Roadster,Two-seater,3.7,6,M6,Z,13.6,9.7,11.8,24,278,4,3,2,7
2018,Kia,Soul,Station wagon: Small,1.6,4,AS6,X,9.4,7.8,8.7,32,205,6,3,5,8
2018,Chevrolet,Colorado ZR2 4WD,Pickup truck: Small,3.6,6,A8,X,15,13,14.1,20,331,3,5,1,5
2018,Nissan,370Z,Two-seater,3.7,6,AS7,Z,12.6,9.3,11.1,25,261,4,3,3,7
2018,Chevrolet,Malibu,Mid-size,2,4,A9,Z,10.5,7.4,9.1,31,213,5,5,5,8
2018,Ram,1500 4X4,Pickup truck: Standard,5.7,8,A8,X,16.1,11.5,14,20,328,3,3,1,6
2018,Nissan,Qashqai AWD,Station wagon: Small,2,4,AV,X,9,7.5,8.4,34,196,6,5,6,8
2018,Maserati,Levante,SUV: Standard,3,6,AS8,Z,16.4,11.9,14.4,20,340,2,1,1,6
2018,Chevrolet,Corvette,Two-seater,6.2,8,M7,Z,14.2,9,11.9,24,278,4,1,2,7
2018,GMC,Canyon 4WD,Pickup truck: Small,3.6,6,A8,X,14.1,10,12.2,23,288,3,5,2,6
2018,Subaru,Forester AWD,SUV: Small,2.5,4,AV6,X,9.2,7.4,8.4,34,196,6,5,6,8
2018,Ford,F-150 FFV 4X4,Pickup truck: Standard,3.3,6,AS6,E,17.6,13.7,15.8,18,263,4,5,3,5
2018,Ford,F-150 4X4 XL/XLT,Pickup truck: Standard,3,6,AS10,D,11.2,8.4,9.9,29,266,4,1,3,7
2018,Rolls-Royce,Phantom,Full-size,6.7,12,AS8,Z,20,12.4,16.6,17,387,1,3,1,5
2018,Dodge,Charger (MDS),Full-size,5.7,8,A5,X,15.6,9.7,12.9,22,302,3,3,1,7
2018,Land Rover,Range Rover Evoque,SUV: Small,2,4,AS9,Z,10.9,8,9.6,29,225,5,7,5,7
2018,Chevrolet,Cruze,Compact,1.4,4,M6,X,8.6,5.8,7.4,38,172,7,6,7,9
2018,Dodge,Challenger SRT (MDS),Mid-size,6.4,8,A8,Z,15.6,9.6,12.9,22,302,3,1,1,7
2018,BMW,M760i xDrive,Full-size,6.6,12,AS8,Z,17.7,11.9,15.1,19,355,2,3,1,6
2018,BMW,M240i xDrive Cabriolet,Subcompact,3,6,AS8,Z,11.2,7.8,9.7,29,227,5,3,4,8
2018,Buick,Enclave AWD,SUV: Standard,3.6,6,AS9,X,13.8,9.4,11.8,24,277,4,5,2,7
2018,Mercedes-Benz,AMG GT R Coupe,Two-seater,4,8,AM7,Z,15.6,11.9,13.9,20,324,3,5,1,6
2018,MINI,Cooper Countryman ALL4,Station wagon: Small,1.5,3,AS8,Z,10.3,7.9,9.2,31,215,5,3,5,8
2018,Mitsubishi,RVR,SUV: Small,2,4,M5,X,10.3,8.2,9.3,30,216,5,5,5,7
2018,Mitsubishi,Eclipse Cross 4WD,SUV: Small,1.5,4,AV8,X,9.6,8.9,9.3,30,216,5,5,5,7
2018,Ford,F-150 FFV 4X4 (LT Tire Pkg),Pickup truck: Standard,3.3,6,AS6,E,17.5,13.7,15.8,18,262,4,5,3,5
2018,Mazda,CX-5 4WD (Cylinder Deactivation),SUV: Small,2.5,4,AS6,X,9.8,7.9,9,31,209,5,7,5,8
2018,Nissan,Qashqai,Station wagon: Small,2,4,M6,X,10,8.1,9.2,31,216,5,5,5,7
2018,Lexus,IS 300 AWD,Compact,3.5,6,AS6,Z,12.3,9.1,10.9,26,254,4,5,3,7
2018,Chevrolet,Cruze Premier,Compact,1.4,4,AS6,X,8.1,6,7.2,39,169,8,6,7,9
2018,Hyundai,Accent,Compact,1.6,4,AS6,X,8.3,6.2,7.4,38,173,7,3,7,9
2018,Volkswagen,Beetle Convertible,Subcompact,2,4,AS6,X,9,7.2,8.2,34,191,6,7,6,8
2018,Porsche,911 Targa 4 GTS,Minicompact,3,6,M7,Z,13.2,9.2,11.4,25,266,4,1,3,7
2018,Mazda,Mazda3 5-Door (SIL),Mid-size,2,4,M6,X,8.6,6.4,7.6,37,178,7,7,6,9
2018,Jaguar,F-TYPE Convertible,Two-seater,3,6,AS8,Z,11.9,8.5,10.4,27,242,5,7,4,7
2018,Volvo,XC90 T5 AWD,SUV: Standard,2,4,AS8,Z,10.9,8.3,9.7,29,227,5,5,4,7
2018,Kia,Forte 5,Full-size,1.6,4,AM7,X,9.4,7.9,8.7,32,207,6,3,5,8
2018,Hyundai,Elantra GT,Full-size,1.6,4,M6,X,10.7,8.1,9.6,29,226,5,3,4,7
2018,Jeep,Cherokee 4X4 Active Drive I,SUV: Small,2.4,4,A9,X,11.3,8.4,10,28,235,5,3,4,7
2018,Mercedes-Benz,GLS 450 4MATIC,SUV: Standard,3,6,A9,Z,14.3,11.4,13,22,305,3,3,1,6
2018,Chevrolet,Silverado FFV,Pickup truck: Standard,5.3,8,A6,X,14.6,10.3,12.7,22,298,3,3,2,6
2018,Mitsubishi,Mirage G4,Compact,1.2,3,M5,X,7.2,5.9,6.6,43,155,8,5,7,9
2018,GMC,Sierra 4WD,Pickup truck: Standard,5.3,8,A6,X,15,10.7,13.1,22,307,3,3,1,6
2018,Mitsubishi,Mirage G4,Compact,1.2,3,AV,X,6.9,5.7,6.4,44,149,8,5,8,9
2018,MINI,John Cooper Works Countryman ALL4,Mid-size,2,4,M6,Z,11.5,8,9.9,29,232,5,3,4,7
2018,Porsche,Macan S,SUV: Small,3,6,A7,Z,13.7,10.3,12.2,23,285,3,1,2,6
2018,Bentley,Flying Spur,Mid-size,4,8,AS8,Z,18.8,10.7,15.1,19,353,2,3,1,6
2018,Porsche,911 Carrera 4S Cabriolet,Minicompact,3,6,AM7,Z,10.9,8.5,9.9,29,231,5,1,4,7
2018,Chevrolet,Cruze Hatchback,Mid-size,1.4,4,M6,X,8.6,6.2,7.5,38,175,7,6,7,9
2018,Audi,A8L,Full-size,4,8,AS8,Z,15.1,9.1,12.4,23,290,3,3,2,7
2018,Maserati,Quattroporte S,Full-size,3,6,AS8,Z,14.9,10.3,12.8,22,300,3,1,2,6
2018,Toyota,Highlander,SUV: Small,3.5,6,AS8,X,11.8,8.7,10.3,27,243,5,5,4,7
2018,Ford,F-150 Raptor 4X4,Pickup truck: Standard,3.5,6,AS10,X,15.6,13.2,14.5,19,339,2,3,1,5
2018,Mercedes-Benz,AMG GLE 43 4MATIC Coupe,SUV: Standard,3,6,A9,Z,13.5,10.6,12.2,23,285,3,3,2,6
2018,Mercedes-Benz,GLE 550 4MATIC,SUV: Standard,4.7,8,A9,Z,15.2,11.4,13.5,21,317,3,3,1,6
2018,Hyundai,Elantra GT,Full-size,2,4,M6,X,9.8,7.3,8.7,32,205,6,3,5,8
NA,N = Natural gas,NA,NA,NA,NA,NA,NA,NA,NA,NA,NA,NA,NA,NA,NA,NA
2018,Ford,Focus ST,Mid-size,2,4,M6,X,10.5,7.8,9.3,30,219,5,3,5,8
2018,Cadillac,Escalade 4WD,SUV: Standard,6.2,8,A10,Z,16.6,10.9,14,20,329,3,3,1,6
2018,MINI,John Cooper Works,Subcompact,2,4,M6,Z,10.3,7.4,9,31,210,5,3,5,8
2018,Chevrolet,Traverse,SUV: Standard,2,4,A9,Z,11.7,9,10.5,27,246,4,5,4,7
2018,Mercedes-Benz,AMG GT Coupe,Two-seater,4,8,AM7,Z,14.5,10.8,12.8,22,302,3,5,1,6
2018,Porsche,911 Carrera,Minicompact,3,6,AM7,Z,10.6,8,9.4,30,221,5,1,5,7
2018,Ford,Explorer FFV AWD,SUV: Standard,3.5,6,AS6,E,19.7,14.3,17.3,16,288,3,3,2,4
2018,Mercedes-Benz,GLE 400 4MATIC,SUV: Standard,3,6,A9,Z,13.5,10.3,12.1,23,282,4,3,2,6
2018,GMC,Canyon 4WD,Pickup truck: Small,2.8,4,A6,D,12.1,8.3,10.4,27,279,4,3,2,7
NA,EWB = Extended wheelbase,NA,NA,NA,NA,NA,NA,NA,NA,NA,NA,NA,NA,NA,NA,NA
2018,Ford,Focus,Compact,2,4,M5,X,9.5,6.9,8.3,34,196,6,7,6,8
2018,Hyundai,Santa Fe,SUV: Small,3.3,6,AS6,X,12.9,9.4,11.3,25,265,4,3,3,7
2018,Subaru,WRX AWD,Compact,2,4,M6,Z,11.3,8.5,10,28,235,5,1,4,7
2018,Volkswagen,Tiguan,SUV: Small,2,4,AS8,X,10.6,8.7,9.8,29,229,5,7,4,7
2018,Toyota,Highlander AWD LE,SUV: Standard,3.5,6,AS8,X,11.7,8.8,10.4,27,242,5,5,4,7
2018,Jaguar,XF 25t AWD,Mid-size,2,4,AS8,Z,10.1,7.2,8.8,32,207,6,7,5,8
2018,Audi,S5 Sportback,Mid-size,3,6,AM8,Z,11.5,8,9.9,29,232,5,5,4,7
2018,Land Rover,Range Rover Velar,SUV: Small,3,6,AS8,Z,13,10,11.6,24,273,4,7,3,6
2018,GMC,Sierra 4WD,Pickup truck: Standard,6.2,8,A8,Z,16,11.7,14.1,20,331,3,3,1,6
2018,Hyundai,Elantra,Mid-size,1.6,4,M6,X,10.7,7.8,9.4,30,221,5,3,5,8
2018,Porsche,Macan Turbo Kit,SUV: Small,3.6,6,A7,Z,14.1,10.1,12.3,23,286,3,1,2,6
2018,Mercedes-Benz,S 560 4MATIC Coupe,Compact,4,8,A9,Z,13.6,8.8,11.4,25,269,4,5,3,7
2018,GMC,Terrain,SUV: Small,1.6,4,A6,D,8.5,6,7.4,38,198,6,3,6,9
2018,Ford,F-150 FFV (Payload Pkg),Pickup truck: Standard,5,8,AS10,X,14.7,11.8,13.8,20,323,3,3,1,6
2018,Ford,Fiesta ST,Subcompact,1.6,4,M6,X,9,7.1,8.2,34,192,6,3,6,8
2018,Audi,RS 5,Subcompact,2.9,6,AM8,Z,12.9,8.9,11.1,25,260,4,5,3,7
2018,Mercedes-Benz,AMG GT Roadster,Two-seater,4,8,AM7,Z,14.7,11,13,22,304,3,5,1,6
2018,Honda,Civic Hatchback Sport,Full-size,1.5,4,M6,Z,8,6.2,7.2,39,167,8,3,7,9
2018,Chevrolet,Equinox,SUV: Small,1.6,4,A6,D,8.5,6,7.4,38,198,6,3,6,9
2018,Mercedes-Benz,GLC 300 4MATIC Coupe,SUV: Small,2,4,A9,Z,11,8.7,10,28,235,5,5,4,7
2018,Infiniti,QX80 4WD,SUV: Standard,5.6,8,AS7,Z,17.4,12.2,15.1,19,354,2,3,1,5
2018,Honda,HR-V,Station wagon: Small,1.8,4,AV,X,8.3,6.9,7.7,37,180,7,3,6,8
2018,Chevrolet,Sonic,Compact,1.8,4,M5,X,9.2,6.8,8.1,35,190,6,5,6,8
2018,BMW,330i xDrive Touring,Station wagon: Small,2,4,AS8,Z,10.2,7.2,8.9,32,208,6,7,5,8
2018,Porsche,Panamera 4 Executive,Full-size,3,6,AM8,Z,11.3,8.6,10.1,28,235,5,1,4,7
2018,FIAT,500L,Station wagon: Small,1.4,4,A6,X,10.7,7.9,9.4,30,221,5,3,5,8
2018,Ford,F-150 4X4,Pickup truck: Standard,5,8,AS10,X,14.6,10.9,13,22,304,3,3,1,6
2018,BMW,440i xDrive Coupe,Compact,3,6,AS8,Z,11.1,7.5,9.5,30,223,5,3,5,8
2018,Honda,Accord,Full-size,1.5,4,AV,X,7.9,6.3,7.2,39,168,8,7,7,9
2018,Chevrolet,Sonic 5,Station wagon: Small,1.8,4,AS6,X,9.3,7,8.3,34,193,6,5,6,8
2018,Chrysler,300,Full-size,5.7,8,A8,X,14.7,9.4,12.3,23,289,3,3,2,7
2018,Audi,A6 quattro,Mid-size,2,4,AS8,Z,10.6,7.5,9.2,31,216,5,5,5,8
2018,BMW,230i Coupe,Subcompact,2,4,M6,Z,11.1,7.3,9.4,30,219,5,7,5,8
2018,Ford,Flex AWD,SUV: Standard,3.5,6,AS6,X,14.7,10.7,12.9,22,303,3,3,1,6
2018,Kia,Optima Hybrid,Mid-size,2,4,AM6,X,6,5.1,5.6,50,132,9,3,8,9
2018,Chevrolet,Cruze Hatchback,Mid-size,1.4,4,AS6,X,8.1,6.2,7.3,39,172,7,6,7,9
2018,Audi,SQ5,SUV: Small,3,6,AM8,Z,12.7,10,11.5,25,270,4,5,3,6
2018,Jaguar,XJR LWB,Full-size,5,8,AS8,Z,15.8,10.3,13.3,21,313,3,3,1,6
Smog Rating,the tailpipe emissions of smog-forming pollutants rated on a scale from 1 (worst) to 10 (best),NA,NA,NA,NA,NA,NA,NA,NA,NA,NA,NA,NA,NA,NA,NA
2018,Mercedes-Benz,AMG S 65,Full-size,6,12,A7,Z,18.6,10.9,15.1,19,356,2,3,1,6
2018,Porsche,Panamera 4,Full-size,3,6,AM8,Z,11.3,8.6,10.1,28,235,5,1,4,7
2018,Dodge,Challenger,Mid-size,6.4,8,M6,Z,16.7,10.4,13.9,20,325,3,1,1,6
2018,Ford,Fusion AWD,Mid-size,2,4,AS6,X,11.8,8.2,10.2,28,238,5,5,4,7
2018,Mercedes-Benz,Metris Cargo,Special purpose vehicle,2,4,A7,Z,11.5,9.8,10.7,26,251,4,5,3,7
2018,Aston Martin,DB11 V12,Minicompact,5.2,12,A8,Z,15.5,11.4,13.7,21,322,3,3,1,6
2018,Cadillac,CTS,Mid-size,3.6,6,AS8,X,11.6,8,10,28,234,5,5,4,7
2018,GMC,Yukon XL 4WD,SUV: Standard,5.3,8,A6,X,15.3,10.9,13.3,21,313,3,3,1,6
2018,Hyundai,Elantra,Mid-size,2,4,AS6,X,8.3,6.4,7.4,38,174,7,5,7,9
2018,Porsche,911 Carrera 4 Cabriolet,Minicompact,3,6,M7,Z,12.2,8.5,10.5,27,246,5,1,4,7
2018,Audi,S7,Mid-size,4,8,AM7,Z,15,10,12.8,22,298,3,3,2,6
2018,Kia,Sorento AWD,SUV: Small,3.3,6,AS6,X,14,10.1,12.2,23,289,3,3,2,6
2018,Chevrolet,Sonic 5,Station wagon: Small,1.8,4,M5,X,9.2,6.8,8.1,35,190,6,5,6,8
2018,Chevrolet,Sonic 5,Station wagon: Small,1.4,4,AS6,X,8.8,6.6,7.8,36,184,7,3,6,8
NA,LWB = Long wheelbase,NA,NA,NA,NA,NA,NA,NA,NA,NA,NA,NA,NA,NA,NA,NA
2018,Lexus,NX 300 AWD,SUV: Small,2,4,AS6,Z,10.6,8.5,9.7,29,226,5,3,4,7
2018,GMC,Canyon,Pickup truck: Small,2.5,4,A6,X,12.1,9.2,10.8,26,253,4,5,3,7
2018,Jaguar,F-TYPE R AWD Coupe,Two-seater,5,8,AS8,Z,15.6,10.4,13.3,21,311,3,3,1,6
2018,BMW,X2 xDrive28i,SUV: Small,2,4,AS8,Z,11,7.7,9.5,30,222,5,7,5,8
2018,BMW,340i xDrive,Compact,3,6,AS8,Z,11.1,7.5,9.5,30,223,5,3,5,8
