Year,Make,Model,Vehicle Class,Engine Size (L),Cylinders,Transmission,Fuel Type,Fuel Consumption (City) (L/100 km),Fuel Consumption (Hwy) (L/100 km),Fuel Consumption (Comb) (L/100 km),Fuel Consumption (Comb) (mpg),CO2 Emissions (g/km),CO2 Rating,Smog Rating,CO2_Rating,Smog_Rating
2017,MINI,JOHN COOPER WORKS 3 DOOR,SUBCOMPACT,2,4,M6,Z,10.2,7.3,8.9,32,210,6,6,5,8
2017,FORD,FOCUS FFV,COMPACT,2,4,M5,E,12.9,9.5,11.4,25,188,7,6,6,7
2017,LEXUS,GS F,COMPACT,5,8,AS8,Z,14.9,9.7,12.5,23,293,4,7,2,7
2017,CHEVROLET,TRAVERSE AWD,SUV - STANDARD,3.6,6,A6,X,16,10.9,13.7,21,322,3,5,1,6
2017,FORD,MUSTANG CONVERTIBLE,SUBCOMPACT,2.3,4,AS6,X,11.8,8.3,10.2,28,239,5,6,4,7
2017,MERCEDES-BENZ,E 400 CABRIOLET,SUBCOMPACT,3,6,AS7,Z,11.5,8.1,10,28,233,5,5,4,7
2017,BMW,640i xDRIVE CABRIOLET,SUBCOMPACT,3,6,AS8,Z,12.4,8.4,10.6,27,249,5,6,4,7
2017,VOLKSWAGEN,TIGUAN 4MOTION,SUV - SMALL,2,4,AS6,Z,12,10,11.1,25,263,4,6,3,6
2017,LEXUS,LS 460 AWD,MID-SIZE,4.6,8,AS8,Z,15.1,10.3,12.9,22,303,3,6,1,6
2017,MINI,COOPER 5 DOOR,SUBCOMPACT,1.5,3,AS6,Z,8.8,6.8,7.9,36,184,7,8,6,8
2017,CHEVROLET,TAHOE FFV,SUV - STANDARD,5.3,8,A6,X,15.1,10.4,13,22,305,3,5,1,6
2017,HONDA,CR-V,SUV - SMALL,1.5,4,AV,X,8.4,7,7.8,36,181,7,7,6,8
2017,HYUNDAI,SONATA HYBRID SE,MID-SIZE,2,4,AS6,X,6,5.3,5.7,50,137,9,6,8,9
2017,CHRYSLER,300 AWD,FULL-SIZE,3.6,6,A8,X,12.8,8.7,11,26,258,4,6,3,7
2017,KIA,OPTIMA FE,FULL-SIZE,2.4,4,AS6,X,9.3,6.6,8,35,190,7,7,6,8
NA,3 � 10 = Number of gears,NA,NA,NA,NA,NA,NA,NA,NA,NA,NA,NA,NA,NA,NA,NA
2017,FORD,ESCAPE,SUV - SMALL,1.5,4,AS6,X,10.2,7.8,9.1,31,214,6,6,5,8
2017,RAM,1500 FFV,PICKUP TRUCK - STANDARD,3.6,6,A8,E,19.7,13.8,17,17,283,4,6,2,5
2017,FIAT,500 HATCHBACK,MINICOMPACT,1.4,4,A6,X,8.7,7.1,8,35,186,7,6,6,8
2017,SUBARU,CROSSTREK AWD,SUV - SMALL,2,4,M5,X,10.3,7.8,9.2,31,216,6,7,5,8
2017,GMC,ACADIA AWD,SUV - STANDARD,3.6,6,A6,X,13.3,9.5,11.6,24,271,4,5,3,7
2017,TOYOTA,TACOMA,PICKUP TRUCK - SMALL,2.7,4,AS6,X,12.1,10.1,11.2,25,263,4,7,3,6
2017,JEEP,PATRIOT,SUV - SMALL,2,4,M5,X,10.3,7.9,9.3,30,216,6,5,5,8
2017,VOLVO,V90 T5,STATION WAGON - MID-SIZE,2,4,AS8,Z,10.1,7,8.7,32,204,6,6,5,8
2017,CHEVROLET,CAMARO SS,SUBCOMPACT,6.2,8,AS8,Z,14.2,8.7,11.7,24,273,4,5,3,7
2017,TOYOTA,TACOMA 4WD,PICKUP TRUCK - SMALL,3.5,6,AS6,X,13.2,10.7,12,24,283,4,7,2,6
2017,TOYOTA,TUNDRA 4WD,PICKUP TRUCK - STANDARD,4.6,8,AS6,X,16.8,12.6,14.9,19,349,2,5,1,5
2017,FORD,F-150 4X4 (LT Tire Pkg),PICKUP TRUCK - STANDARD,3.5,6,AS10,X,13.6,10.7,12.3,23,288,4,5,2,6
NA,LWB = Long wheelbase,NA,NA,NA,NA,NA,NA,NA,NA,NA,NA,NA,NA,NA,NA,NA
2017,TOYOTA,YARIS HATCHBACK,COMPACT,1.5,4,A4,X,7.9,6.8,7.4,38,173,7,6,7,8
2017,CHEVROLET,SPARK,SUBCOMPACT,1.4,4,AV,X,7.8,6.2,7.1,40,167,8,7,7,9
2017,GMC,YUKON FFV,SUV - STANDARD,5.3,8,A6,E,20,13.5,17.1,17,284,4,5,2,5
2017,HONDA,ACCORD COUPE,MID-SIZE,3.5,6,AS6,X,11.4,7.4,9.6,29,225,5,6,5,8
2017,NISSAN,VERSA,MID-SIZE,1.6,4,AV,X,7.6,6.2,7,40,164,8,6,7,9
2017,PORSCHE,MACAN GTS,SUV - SMALL,3,6,A7,Z,13.8,10.3,12.3,23,287,4,5,2,6
2017,ROLLS-ROYCE,GHOST EWB,FULL-SIZE,6.6,12,AS8,Z,20,12.6,16.7,17,390,1,6,1,5
2017,CHEVROLET,COLORADO 4WD,PICKUP TRUCK - SMALL,3.6,6,A8,X,14,9.9,12.2,23,286,4,7,2,7
2017,AUDI,A6 QUATTRO,MID-SIZE,2,4,AS8,Z,10.9,7.5,9.4,30,220,5,7,5,8
2017,GMC,YUKON XL FFV,SUV - STANDARD,5.3,8,A6,X,15.1,10.4,13,22,305,3,5,1,6
2017,BENTLEY,CONTINENTAL GT CONVERTIBLE,SUBCOMPACT,4,8,AS8,Z,17.7,10.3,14.4,20,337,2,6,1,6
2017,GMC,SIERRA FFV,PICKUP TRUCK - STANDARD,5.3,8,A6,E,19.7,13.9,17.1,17,284,4,5,2,5
2017,LEXUS,ES 350,MID-SIZE,3.5,6,AS6,X,11.4,7.7,9.7,29,226,5,6,4,8
2017,MAZDA,CX-3,COMPACT,2,4,AS6,X,8.2,6.9,7.6,37,179,7,6,6,8
2017,AUDI,A6 QUATTRO,MID-SIZE,3,6,AS8,Z,11.5,8.2,10,28,238,5,6,4,7
CO2 Rating,the tailpipe emissions of carbon dioxide rated on a scale from 1 (worst) to 10 (best).,NA,NA,NA,NA,NA,NA,NA,NA,NA,NA,NA,NA,NA,NA,NA
2017,SUBARU,OUTBACK AWD,SUV - SMALL,2.5,4,AV6,X,9.4,7.3,8.4,34,198,6,5,6,8
2017,AUDI,Q3 QUATTRO,COMPACT,2,4,AS6,Z,11.9,8.4,10.3,27,241,5,6,4,7
2017,SUBARU,IMPREZA 5-DOOR AWD,STATION WAGON - SMALL,2,4,AV7,X,8.4,6.5,7.5,38,176,7,7,6,8
2017,BMW,328d xDRIVE TOURING,STATION WAGON - SMALL,2,4,AS8,D,7.9,5.9,7,40,189,7,6,6,9
2017,LEXUS,GS 350 AWD,MID-SIZE,3.5,6,AS6,Z,12.4,9.2,11,26,257,5,7,3,7
2017,MERCEDES-BENZ,G 550,SUV - STANDARD,4,8,AS7,Z,19,16.6,17.9,16,401,1,5,1,3
2017,TOYOTA,TUNDRA,PICKUP TRUCK - STANDARD,4.6,8,AS6,X,15.8,12.3,14.2,20,334,3,5,1,5
2017,MERCEDES-BENZ,CLS 550 4MATIC,COMPACT,4.7,8,A9,Z,13.6,9.4,11.7,24,275,4,5,3,7
2017,CHEVROLET,SONIC 5,STATION WAGON - SMALL,1.8,4,M5,X,9.2,7.1,8.3,34,194,7,6,6,8
2017,MAZDA,MAZDA3 4-DOOR,COMPACT,2,4,M6,X,8.5,6.2,7.5,38,175,7,8,7,9
2017,FORD,EXPLORER FFV AWD,SUV - STANDARD,3.5,6,AS6,X,14.4,10.5,12.6,22,296,4,5,2,6
2017,PORSCHE,911 CARRERA S,MINICOMPACT,3,6,AM7,Z,10.8,8.3,9.7,29,226,5,5,4,7
2017,VOLKSWAGEN,BEETLE DUNE,COMPACT,1.8,4,AS6,X,9.6,7.5,8.6,33,201,6,8,5,8
2017,GMC,SIERRA 4WD FFV,PICKUP TRUCK - STANDARD,5.3,8,A6,X,15,10.7,13.1,22,307,3,5,1,6
2017,PORSCHE,911 CARRERA 4,MINICOMPACT,3,6,AM7,Z,10.7,8.3,9.6,29,225,5,5,5,7
2017,FORD,GT,TWO-SEATER,3.5,6,AM7,Z,20.6,13.2,17.3,16,406,1,6,1,5
2017,MAZDA,CX-9 4WD,SUV - SMALL,2.5,4,AS6,X,11.5,8.9,10.4,27,242,5,6,4,7
2017,FORD,TAURUS,FULL-SIZE,2,4,AS6,X,11.8,8.1,10.1,28,238,5,6,4,7
2017,BMW,M6 GRAN COUPE,COMPACT,4.4,8,AM7,Z,17.2,11.6,14.7,19,343,2,6,1,6
2017,CADILLAC,CT6 AWD,FULL-SIZE,3.6,6,AS8,X,12.8,8.8,11,26,259,4,6,3,7
2017,GMC,CANYON,PICKUP TRUCK - SMALL,2.5,4,M6,X,12.2,9.2,10.9,26,254,5,6,3,7
2017,FIAT,500 ABARTH CABRIO,MINICOMPACT,1.4,4,A6,X,9.7,7.4,8.7,32,202,6,6,5,8
2017,MITSUBISHI,LANCER SPORTBACK,STATION WAGON - SMALL,2,4,M5,X,9.9,7.3,8.7,32,205,6,5,5,8
2017,PORSCHE,911 TARGA 4S,MINICOMPACT,3,6,AM7,Z,11.1,8.6,10,28,233,5,5,4,7
2017,MITSUBISHI,MIRAGE G4,COMPACT,1.2,3,M5,X,7.2,5.9,6.6,43,155,8,7,7,9
2017,DODGE,CHARGER AWD FFV,FULL-SIZE,3.6,6,A8,X,12.8,8.7,11,26,258,4,6,3,7
2017,FORD,FLEX AWD,SUV - STANDARD,3.5,6,AS6,X,14.7,10.7,12.9,22,303,3,6,1,6
2017,BMW,M3,COMPACT,3,6,M6,Z,13.7,9.1,11.7,24,273,4,6,3,7
2017,CHEVROLET,SONIC,COMPACT,1.4,4,M6,X,8.4,6.3,7.4,38,174,7,6,7,9
2017,HONDA,CIVIC SEDAN,MID-SIZE,2,4,AV,X,7.8,6,7,40,163,8,6,7,9
2017,NISSAN,TITAN,PICKUP TRUCK - STANDARD,5.6,8,AS7,X,15,11.2,13.3,21,312,3,6,1,6
2017,SUBARU,BRZ,MINICOMPACT,2,4,AS6,Z,9.7,7.2,8.6,33,200,6,5,6,8
2017,MINI,JOHN COOPER WORKS CLUBMAN ALL4,MID-SIZE,2,4,M6,Z,11.4,7.8,9.7,29,227,5,6,4,8
2017,BMW,430i xDRIVE GRAN COUPE,COMPACT,2,4,AS8,Z,10.5,7.4,9.1,31,213,6,8,5,8
2017,BMW,430i xDRIVE CABRIOLET,SUBCOMPACT,2,4,AS8,Z,10.6,7.3,9.1,31,211,6,8,5,8
2017,JAGUAR,F-TYPE R CONVERTIBLE AWD,TWO-SEATER,5,8,AS8,Z,15.6,10.4,13.3,21,311,3,6,1,6
2017,GENESIS,G90 AWD,FULL-SIZE,3.3,6,AS8,Z,13.7,9.7,11.9,24,279,4,6,2,7
2017,GMC,SIERRA 4WD,PICKUP TRUCK - STANDARD,6.2,8,A8,Z,16,11.7,14.1,20,330,3,5,1,6
2017,AUDI,Q7,SUV - STANDARD,2,4,AS8,Z,11.9,9.6,10.8,26,253,5,6,3,7
2017,PORSCHE,CAYENNE PLATINUM,SUV - STANDARD,3.6,6,A8,Z,13.6,10.2,12.1,23,281,4,5,2,6
2017,FORD,MUSTANG (Performance Pkg),SUBCOMPACT,2.3,4,AS6,X,11.8,8.3,10.2,28,239,5,6,4,7
2017,MASERATI,QUATTROPORTE GTS,FULL-SIZE,3.8,8,AS8,Z,16.1,10.8,13.8,20,321,3,5,1,6
2017,FORD,FOCUS FFV,COMPACT,2,4,AM6,X,9.1,6.4,7.9,36,185,7,6,6,9
2017,FORD,F-150 FFV,PICKUP TRUCK - STANDARD,5,8,AS6,X,15.4,10.6,13.2,21,310,3,6,1,6
2017,CHEVROLET,TRAX,SUV - SMALL,1.4,4,AS6,X,9.3,7.2,8.3,34,194,7,6,6,8
2017,MASERATI,QUATTROPORTE SQ4,FULL-SIZE,3,6,AS8,Z,15,10.3,13.1,22,301,3,5,1,6
2017,CHEVROLET,SUBURBAN 4WD FFV,SUV - STANDARD,5.3,8,A6,E,22.1,15.4,19.1,15,317,3,5,1,4
2017,CHEVROLET,MALIBU HYBRID,MID-SIZE,1.8,4,AV,X,4.8,5.5,5.1,55,121,10,6,9,10
2017,NISSAN,SENTRA (Turbo),MID-SIZE,1.6,4,M6,Z,9.1,7.3,8.3,34,195,6,6,6,8
2017,MAZDA,MAZDA3 4-DOOR,COMPACT,2,4,AS6,X,8.4,6.4,7.5,38,176,7,8,6,9
2017,BMW,750i xDRIVE,FULL-SIZE,4.4,8,AS8,Z,13.8,9.1,11.7,24,273,4,6,3,7
2017,DODGE,VIPER,TWO-SEATER,8.4,10,M6,Z,19.9,12.6,16.6,17,387,1,5,1,5
2017,KIA,SORENTO AWD,SUV - SMALL,3.3,6,AS6,X,14,10.1,12.2,23,289,4,6,2,6
2017,JEEP,PATRIOT 4X4,SUV - SMALL,2.4,4,M5,X,10.6,8.7,9.8,29,230,5,5,4,7
2017,LAMBORGHINI,AVENTADOR COUPE,TWO-SEATER,6.5,12,AM7,Z,22.2,12.7,17.9,16,428,1,5,1,5
NA,AWD = All-wheel drive,NA,NA,NA,NA,NA,NA,NA,NA,NA,NA,NA,NA,NA,NA,NA
2017,MERCEDES-BENZ,AMG S 63 COUPE,COMPACT,5.5,8,AS7,Z,15.3,10.2,13,22,305,3,5,1,6
2017,CADILLAC,XTS,FULL-SIZE,3.6,6,AS6,X,13.2,8.5,11.1,25,260,4,6,3,7
2017,FORD,FUSION AWD,MID-SIZE,2.7,6,AS6,X,13.5,9,11.5,25,270,4,7,3,7
2017,CHRYSLER,200 FFV,MID-SIZE,3.6,6,A9,E,16.8,10.4,13.9,20,230,5,6,4,6
2017,FIAT,500 HATCHBACK,MINICOMPACT,1.4,4,M5,X,7.7,6.1,7,40,163,8,6,7,9
2017,VOLVO,S60 INSCRIPTION T5,COMPACT,2,4,AS8,X,9.6,7,8.4,34,198,6,6,6,8
2017,VOLVO,S60 T6 AWD,COMPACT,2,4,AS8,Z,10.9,7.7,9.5,30,221,5,6,5,8
2017,RAM,1500 ECODIESEL,PICKUP TRUCK - STANDARD,3,6,A8,D,11.8,8.6,10.4,27,278,4,5,2,7
NA,FFV = Flexible-fuel vehicle,NA,NA,NA,NA,NA,NA,NA,NA,NA,NA,NA,NA,NA,NA,NA
2017,MINI,COOPER CONVERTIBLE,MINICOMPACT,1.5,3,AS6,Z,8.8,6.8,7.9,36,184,7,8,6,8
2017,VOLKSWAGEN,GOLF GTI,COMPACT,2,4,AM6,X,9.6,7.2,8.5,33,199,6,8,6,8
2017,ACURA,TLX,COMPACT,2.4,4,AM8,Z,9.6,6.6,8.3,34,197,6,6,6,8
2017,AUDI,A3,SUBCOMPACT,2,4,AM7,X,9.1,6.8,8,35,188,7,8,6,8
2017,FORD,TRANSIT CONNECT WAGON LWB FFV,SPECIAL PURPOSE VEHICLE,2.5,4,AS6,E,16.8,12.1,14.7,19,242,5,6,4,5
2017,MINI,COOPER 3 DOOR,SUBCOMPACT,1.5,3,AS6,Z,8.8,6.8,7.9,36,184,7,8,6,8
2017,NISSAN,SENTRA,MID-SIZE,1.8,4,AV,X,8.1,6.3,7.3,39,171,7,8,7,9
2017,VOLKSWAGEN,GOLF R,COMPACT,2,4,M6,Z,10.9,7.7,9.4,30,220,5,6,5,8
2017,ACURA,NSX,TWO-SEATER,3.5,6,AM9,Z,11.1,10.8,11,26,261,4,6,3,6
2017,CHEVROLET,CRUZE,COMPACT,1.4,4,AS6,X,7.9,5.9,7,40,165,8,6,7,9
2017,VOLKSWAGEN,JETTA,COMPACT,1.8,4,AM6,X,9.4,6.8,8.2,34,193,7,8,6,8
2017,JEEP,COMPASS,SUV - SMALL,2,4,M5,X,10.3,7.9,9.3,30,216,6,5,5,8
2017,LEXUS,GX 460,SUV - STANDARD,4.6,8,AS6,Z,16,12.9,14.6,19,341,2,6,1,5
2017,FORD,F-150 FFV 4X4,PICKUP TRUCK - STANDARD,5,8,AS6,E,21.5,15.1,18.6,15,305,3,6,1,4
NA,N = Natural gas,NA,NA,NA,NA,NA,NA,NA,NA,NA,NA,NA,NA,NA,NA,NA
2017,CADILLAC,CT6 AWD,FULL-SIZE,3,6,AS8,Z,13,9.1,11.2,25,263,4,6,3,7
2017,LEXUS,RC 350 AWD,SUBCOMPACT,3.5,6,AS6,Z,12.6,9.2,11,26,258,4,6,3,7
2017,MERCEDES-BENZ,AMG GT S COUPE,TWO-SEATER,4,8,AS7,Z,14.5,10.8,12.8,22,303,3,5,1,6
2017,CHEVROLET,COLORADO,PICKUP TRUCK - SMALL,3.6,6,A8,X,13.4,9.6,11.7,24,274,4,7,3,7
2017,GMC,YUKON 4WD FFV,SUV - STANDARD,5.3,8,A6,X,15.2,10.8,13.2,21,310,3,5,1,6
2017,FIAT,124 SPIDER,TWO-SEATER,1.4,4,M6,X,9,6.7,7.9,36,185,7,6,6,8
2017,FORD,F-150 4X4 (Payload Pkg),PICKUP TRUCK - STANDARD,3.5,6,AS10,X,14,11,12.7,22,298,4,5,2,6
2017,ALFA ROMEO,4C,TWO-SEATER,1.8,4,AM6,Z,9.7,6.9,8.4,34,197,6,5,6,8
2017,FORD,F-150 FFV,PICKUP TRUCK - STANDARD,3.5,6,A6,E,17.9,13.2,15.8,18,258,4,6,3,5
2017,LEXUS,RC 300 AWD,SUBCOMPACT,3.5,6,AS6,Z,12.6,9.2,11,26,258,4,6,3,7
2017,MERCEDES-BENZ,GLS 550 4MATIC,SUV - STANDARD,4.7,8,A9,Z,16.7,12.9,15,19,347,2,5,1,5
2017,KIA,FORTE KOUP,COMPACT,1.6,4,AM7,X,9.6,7.4,8.6,33,204,6,6,5,8
2017,NISSAN,JUKE AWD,STATION WAGON - SMALL,1.6,4,AV7,Z,9,7.8,8.4,34,199,6,6,6,8
2017,JEEP,RENEGADE 4X4,SUV - SMALL,1.4,4,M6,X,9.9,7.7,8.9,32,211,6,6,5,8
2017,FORD,F-150 FFV 4X4 (LT Tire Pkg),PICKUP TRUCK - STANDARD,5,8,AS6,E,21.5,15.1,18.6,15,306,3,6,1,4
2017,MAZDA,MAZDA3 5-DOOR (i-ELOOP),MID-SIZE,2.5,4,AS6,X,8.7,6.6,7.8,36,181,7,8,6,8
2017,PORSCHE,911 TURBO CABRIOLET,MINICOMPACT,3.8,6,AM7,Z,12.6,9.9,11.4,25,267,4,5,3,7
2017,GMC,TERRAIN AWD,SUV - SMALL,3.6,6,A6,X,15,10.4,13,22,304,3,6,1,6
2017,TOYOTA,PRIUS c,COMPACT,1.5,4,AV,X,4.9,5.5,5.1,55,120,10,8,9,10
2017,VOLKSWAGEN,GOLF ALLTRACK,STATION WAGON - SMALL,1.8,4,AM6,X,10.6,8,9.4,30,220,5,8,5,7
2017,AUDI,A8,MID-SIZE,3,6,AS8,Z,12.6,8,10.5,27,246,5,6,4,7
2017,CADILLAC,CTS,MID-SIZE,2,4,AS8,Z,11,7.8,9.5,30,223,5,6,5,8
2017,AUDI,Q5,SUV - SMALL,3,6,AS8,Z,13.2,9.2,11.4,25,267,4,6,3,7
2017,CHEVROLET,CAMARO,SUBCOMPACT,3.6,6,M6,X,14.4,8.4,11.7,24,274,4,6,3,7
2017,CHEVROLET,SILVERADO FFV,PICKUP TRUCK - STANDARD,5.3,8,A6,E,19.7,13.9,17.1,17,284,4,5,2,5
2017,DODGE,JOURNEY FFV,SUV - SMALL,3.6,6,A6,X,14.2,9.5,12.1,23,284,4,6,2,7
2017,FORD,MUSTANG,SUBCOMPACT,3.7,6,AS6,X,12.8,8.9,11.1,25,259,4,6,3,7
2017,JAGUAR,F-PACE 35t,SUV - SMALL,3,6,AS8,Z,13.3,10,11.8,24,277,4,8,2,6
2017,JEEP,RENEGADE,SUV - SMALL,1.4,4,M6,X,9.9,7.7,8.9,32,209,6,6,5,8
2017,MASERATI,GHIBLI SQ4,MID-SIZE,3,6,AS8,Z,14.7,9.9,12.6,22,295,4,5,2,7
2017,CHEVROLET,MALIBU,MID-SIZE,1.5,4,A6,X,8.8,6.5,7.8,36,182,7,6,6,8
2017,HONDA,ACCORD COUPE,MID-SIZE,3.5,6,M6,X,12.9,8.4,10.9,26,254,5,6,3,7
2017,MASERATI,GRANTURISMO,SUBCOMPACT,4.7,8,AS6,Z,18.2,11.4,15.1,19,355,2,5,1,6
2017,NISSAN,SENTRA NISMO,MID-SIZE,1.6,4,M6,Z,9.5,7.6,8.7,32,204,6,6,5,8
2017,CHEVROLET,CORVETTE Z06,TWO-SEATER,6.2,8,M7,Z,15.6,10.6,13.4,21,312,3,5,1,6
2017,AUDI,TTS COUPE QUATTRO,SUBCOMPACT,2,4,AM6,Z,10.3,8.6,9.5,30,222,5,6,5,7
2017,TOYOTA,HIGHLANDER AWD LE,SUV - STANDARD,3.5,6,AS8,X,11.7,8.8,10.4,27,242,5,7,4,7
2017,FORD,FLEX AWD GTDI,SUV - STANDARD,3.5,6,AS6,X,15.7,11.2,13.7,21,321,3,6,1,6
2017,JAGUAR,XJ R-SPORT 3.0 AWD,FULL-SIZE,3,6,AS8,Z,14,9,11.8,24,276,4,8,2,7
2017,VOLVO,V90 CC T6 AWD,STATION WAGON - MID-SIZE,2,4,AS8,Z,10.7,7.9,9.4,30,221,5,6,5,8
2017,GMC,SIERRA eASSIST 4WD,PICKUP TRUCK - STANDARD,5.3,8,A8,X,14.4,11.2,13,22,303,3,5,1,6
2017,RAM,PROMASTER CITY,SPECIAL PURPOSE VEHICLE,2.4,4,A9,X,11.2,8.3,9.9,29,232,5,6,4,7
2017,GMC,SIERRA FFV,PICKUP TRUCK - STANDARD,5.3,8,A6,X,14.6,10.3,12.7,22,298,4,5,2,6
NA,AS = Automatic with select shift,NA,NA,NA,NA,NA,NA,NA,NA,NA,NA,NA,NA,NA,NA,NA
2017,GMC,CANYON,PICKUP TRUCK - SMALL,3.6,6,A8,X,13.4,9.6,11.7,24,274,4,7,3,7
2017,GMC,SIERRA 4WD FFV,PICKUP TRUCK - STANDARD,4.3,6,A6,X,14.1,10.6,12.5,23,294,4,7,2,6
2017,BUICK,ENCORE (LE2 Engine),SUV - SMALL,1.4,4,AS6,X,8.6,7.1,7.9,36,185,7,6,6,8
2017,MINI,COOPER COUNTRYMAN,MID-SIZE,1.5,3,M6,Z,9.6,7,8.4,34,197,6,6,6,8
2017,MAZDA,CX-3 4WD,COMPACT,2,4,AS6,X,8.8,7.5,8.2,34,192,7,6,6,8
2017,NISSAN,FRONTIER,PICKUP TRUCK - SMALL,2.5,4,M5,X,12.2,10.4,11.4,25,268,4,6,3,6
2017,FORD,FUSION,MID-SIZE,2,4,AS6,X,11.2,7.6,9.6,29,225,5,7,5,8
2017,BMW,X4 M40i,SUV - SMALL,3,6,AS8,Z,12.7,9.1,11.1,25,260,4,6,3,7
2017,GMC,YUKON FFV,SUV - STANDARD,5.3,8,A6,X,15.1,10.4,13,22,305,3,5,1,6
2017,FORD,F-150 (LT Tire Pkg),PICKUP TRUCK - STANDARD,2.7,6,AS6,X,12.4,9.8,11.2,25,263,4,6,3,7
2017,SUBARU,FORESTER AWD,SUV - SMALL,2,4,AV8,Z,10.2,8.6,9.5,30,223,5,5,5,7
2017,HYUNDAI,SONATA,FULL-SIZE,2,4,AS6,X,10.5,7.6,9.2,31,216,6,6,5,8
2017,DODGE,CHARGER (MDS),FULL-SIZE,6.4,8,A8,Z,15.6,9.6,12.9,22,302,3,5,1,7
2017,FORD,FOCUS FFV,COMPACT,2,4,M5,X,9.5,7,8.3,34,195,6,6,6,8
2017,HONDA,CIVIC COUPE,COMPACT,1.5,4,M6,X,7.7,5.7,6.8,42,159,8,6,7,9
2017,AUDI,TT ROADSTER QUATTRO,TWO-SEATER,2,4,AM6,X,10.1,7.8,9.1,31,209,6,8,5,8
2017,DODGE,CHALLENGER SRT (MDS),MID-SIZE,6.4,8,A8,Z,15.6,9.6,12.9,22,302,3,5,1,7
2017,JAGUAR,F-TYPE S COUPE,TWO-SEATER,3,6,AS8,Z,12.4,8.8,10.8,26,253,5,8,3,7
2017,HYUNDAI,TUCSON AWD,SUV - SMALL,2,4,AS6,X,11,9.1,10.2,28,241,5,6,4,7
2017,CADILLAC,ATS AWD,COMPACT,2,4,AS8,Z,10.8,7.9,9.5,30,222,5,6,5,8
2017,GMC,YUKON,SUV - STANDARD,5.3,8,A6,X,15.1,10.4,13,22,305,3,5,1,6
2017,MASERATI,LEVANTE,SUV - STANDARD,3,6,AS8,Z,16.8,11.9,14.7,19,340,2,5,1,6
2017,NISSAN,NV200 CARGO VAN,SPECIAL PURPOSE VEHICLE,2,4,AV,X,9.8,9,9.4,30,220,5,6,5,7
2017,MINI,COOPER S 3 DOOR,SUBCOMPACT,2,4,M6,Z,10.2,7.3,8.9,32,210,6,8,5,8
2017,JAGUAR,F-TYPE S CONVERTIBLE,TWO-SEATER,3,6,M6,Z,15.3,10,12.9,22,302,3,8,1,6
2017,FIAT,500L,STATION WAGON - SMALL,1.4,4,A6,X,10.7,7.9,9.4,30,221,5,6,5,8
2017,AUDI,S5 CABRIOLET,SUBCOMPACT,3,6,AM7,Z,13.3,9.1,11.4,25,266,4,6,3,7
2017,PORSCHE,BOXSTER S,TWO-SEATER,2.5,4,AM7,Z,11,8.4,9.9,29,230,5,5,4,7
2017,HONDA,FIT,STATION WAGON - SMALL,1.5,4,M6,X,8.1,6.6,7.4,38,174,7,6,7,8
2017,FORD,MUSTANG CONVERTIBLE,SUBCOMPACT,5,8,AS6,X,15.5,10.3,13.2,21,309,3,6,1,6
NA,M = Manual,NA,NA,NA,NA,NA,NA,NA,NA,NA,NA,NA,NA,NA,NA,NA
2017,DODGE,CHALLENGER (MDS),MID-SIZE,5.7,8,A8,X,14.7,9.4,12.3,23,289,4,6,2,7
2017,VOLKSWAGEN,GOLF,COMPACT,1.8,4,M5,X,9.3,6.6,8.1,35,190,7,8,6,8
2017,CHEVROLET,MALIBU,MID-SIZE,2,4,A9,Z,10.7,7.1,9.1,31,212,6,6,5,8
2017,AUDI,SQ5,SUV - SMALL,3,6,AS8,Z,14.1,9.9,12.2,23,285,4,6,2,7
2017,FORD,MUSTANG CONVERTIBLE,SUBCOMPACT,2.3,4,M6,X,11.2,8.7,10.1,28,237,5,6,4,7
2017,HYUNDAI,VELOSTER,COMPACT,1.6,4,M6,X,8.9,6.9,8,35,188,7,6,6,8
2017,MERCEDES-BENZ,AMG GLA 45 4MATIC,SUV - SMALL,2,4,AS7,Z,11.3,8.5,10,28,233,5,5,4,7
2017,FORD,MUSTANG,SUBCOMPACT,3.7,6,M6,X,13.8,8.8,11.5,25,271,4,6,3,7
2017,AUDI,A4 QUATTRO,COMPACT,2,4,AM7,Z,9.8,7.7,8.8,32,205,6,6,5,8
2017,FORD,MUSTANG,SUBCOMPACT,5,8,AS6,X,15.6,9.6,12.9,22,303,3,6,1,7
2017,GMC,SIERRA 4WD FFV,PICKUP TRUCK - STANDARD,4.3,6,A6,E,20.3,15.2,18,16,294,4,7,2,4
2017,CHEVROLET,CRUZE DIESEL,COMPACT,1.6,4,M6,D,7.7,4.5,6.3,45,169,8,6,7,10
2017,ASTON MARTIN,RAPIDE S,SUBCOMPACT,6,12,A8,Z,16.7,10.9,14.1,20,331,3,6,1,6
2017,CADILLAC,ESCALADE 4WD,SUV - STANDARD,6.2,8,A8,Z,16.1,11.7,14.1,20,331,3,5,1,6
2017,CHEVROLET,CORVETTE,TWO-SEATER,6.2,8,M7,Z,14.2,9,11.9,24,278,4,5,2,7
2017,MERCEDES-BENZ,AMG GLE 43 4MATIC,SUV - STANDARD,3,6,A9,Z,13.6,10.1,12,24,281,4,5,2,6
2017,KIA,FORTE KOUP,COMPACT,2,4,AS6,X,9.6,7.3,8.6,33,203,6,6,5,8
2017,LINCOLN,MKZ AWD,MID-SIZE,2,4,AS6,X,11.8,8.4,10.2,28,239,5,7,4,7
2017,NISSAN,TITAN 4WD PRO-4X,PICKUP TRUCK - STANDARD,5.6,8,AS7,X,16,12,14.2,20,333,3,6,1,5
2017,CHEVROLET,SONIC,COMPACT,1.8,4,AS6,X,9.7,6.9,8.4,34,197,6,6,6,8
2017,MAZDA,MAZDA3 4-DOOR (SIL),COMPACT,2,4,M6,X,8.5,6.2,7.5,38,175,7,8,7,9
2017,JEEP,COMPASS,SUV - SMALL,2.4,4,M5,X,10.2,8.3,9.3,30,219,5,5,5,7
2017,CADILLAC,CTS,MID-SIZE,3.6,6,AS8,X,11.6,8,10,28,234,5,6,4,7
2017,MINI,COOPER S 3 DOOR,SUBCOMPACT,2,4,AS6,Z,9.3,7.2,8.3,34,196,6,8,6,8
2017,GMC,YUKON DENALI 4WD,SUV - STANDARD,6.2,8,A8,Z,16,11.7,14.1,20,330,3,5,1,6
2017,MAZDA,CX-5,SUV - SMALL,2.5,4,AS6,X,9.8,7.7,8.6,33,204,6,6,5,8
2017,BMW,X4 xDRIVE28i,SUV - SMALL,2,4,AS8,Z,11.8,8.6,10.3,27,240,5,6,4,7
2017,CHEVROLET,SONIC 5,STATION WAGON - SMALL,1.8,4,AS6,X,9.7,6.9,8.4,34,197,6,6,6,8
2017,PORSCHE,CAYENNE TURBO,SUV - STANDARD,4.8,8,A8,Z,16.7,11.2,14.2,20,334,3,5,1,6
2017,BMW,650i xDRIVE CABRIOLET,SUBCOMPACT,4.4,8,AS8,Z,14.7,9.7,12.5,23,292,4,6,2,7
2017,FORD,F-150 FFV (Payload Pkg),PICKUP TRUCK - STANDARD,5,8,AS6,E,20.5,14.3,17.7,16,291,4,6,2,4
2017,INFINITI,Q50S RED SPORT AWD,MID-SIZE,3,6,AS7,Z,12.3,9.2,10.9,26,257,5,6,3,7
2017,MERCEDES-BENZ,AMG GLE 43 4MATIC COUPE,SUV - STANDARD,3,6,A9,Z,13.6,10.2,12,24,281,4,5,2,6
2017,KIA,FORTE KOUP,COMPACT,2,4,M6,X,9.9,7.6,8.8,32,209,6,6,5,8
2017,JEEP,GRAND CHEROKEE 4X4,SUV - STANDARD,3.6,6,A8,X,12.7,9.6,11.3,25,265,4,6,3,7
2017,INFINITI,Q70 AWD,MID-SIZE,3.7,6,AS7,Z,13.2,9.8,11.7,24,274,4,6,3,7
2017,KIA,SEDONA SX,MINIVAN,3.3,6,AS6,X,12.9,9.5,11.4,25,269,4,6,3,7
2017,PORSCHE,911 TARGA 4,MINICOMPACT,3,6,AM7,Z,10.9,8.4,9.8,29,228,5,5,4,7
2017,MINI,COOPER 5 DOOR,SUBCOMPACT,1.5,3,M6,Z,8.5,6.3,7.5,38,175,7,8,7,9
2017,CHEVROLET,SUBURBAN FFV,SUV - STANDARD,5.3,8,A6,X,15.1,10.4,13,22,305,3,5,1,6
2017,BMW,M240i xDRIVE COUPE,SUBCOMPACT,3,6,AS8,Z,11.4,7.8,9.8,29,228,5,6,4,8
2017,FIAT,500X,SUV - SMALL,1.4,4,M6,X,9.5,7.1,8.4,34,197,6,6,6,8
2017,FORD,MUSTANG,SUBCOMPACT,2.3,4,AS6,X,11,7.9,9.6,29,226,5,6,4,8
2017,BMW,440i xDRIVE COUPE,COMPACT,3,6,M6,Z,12.2,8.5,10.5,27,246,5,6,4,7
2017,CADILLAC,XT5 AWD,SUV - SMALL,3.6,6,AS8,X,12.9,8.9,11.1,25,260,4,5,3,7
"NOTE: Vehicle manufacturers are using an improved testing procedure, introduced for model year 2015, to determine the fuel consumption ratings of new light-duty vehicles. The improved testing produces higher fuel consumption ratings that are more representative",NA,NA,NA,NA,NA,NA,NA,NA,NA,NA,NA,NA,NA,NA,NA,NA
2017,MERCEDES-BENZ,AMG SL 65,TWO-SEATER,6,12,AS7,Z,17.6,10.8,14.5,19,340,2,5,1,6
2017,AUDI,A8,MID-SIZE,4,8,AS8,Z,12.9,8,10.7,26,249,5,6,4,7
2017,BMW,320i xDRIVE,COMPACT,2,4,AS8,Z,10.3,6.9,8.8,32,206,6,6,5,8
2017,PORSCHE,911 CARRERA,MINICOMPACT,3,6,M7,Z,11.8,8.1,10.1,28,237,5,5,4,7
2017,FORD,EDGE AWD,SUV - SMALL,2,4,AS6,X,11.9,8.6,10.4,27,244,5,7,4,7
2017,FORD,EXPLORER FFV AWD,SUV - STANDARD,3.5,6,AS6,E,19.6,14.2,17.2,16,284,4,5,2,4
2017,AUDI,S6,MID-SIZE,4,8,AM7,Z,13.3,8.8,11.3,25,263,4,6,3,7
2017,BMW,340i xDRIVE,COMPACT,3,6,AS8,Z,11.4,7.8,9.8,29,228,5,6,4,8
2017,CHEVROLET,SILVERADO FFV,PICKUP TRUCK - STANDARD,5.3,8,A6,X,14.6,10.3,12.7,22,298,4,5,2,6
2017,MERCEDES-BENZ,GLE 550 4MATIC,SUV - STANDARD,4.7,8,A9,Z,15.3,11.3,13.5,21,318,3,5,1,6
2017,HONDA,ODYSSEY,MINIVAN,3.5,6,A6,X,12.3,8.6,10.7,26,251,5,5,3,7
2017,DODGE,CHALLENGER,MID-SIZE,6.4,8,M6,Z,16.7,10.4,13.9,20,325,3,5,1,6
2017,INFINITI,Q60 AWD,SUBCOMPACT,3,6,AS7,Z,12.4,8.8,10.8,26,253,5,6,3,7
2017,MERCEDES-BENZ,AMG GLS 63,SUV - STANDARD,5.5,8,AS7,Z,18.2,14,16.3,17,369,2,5,1,4
2017,BMW,X6 xDRIVE50i,SUV - STANDARD,4.4,8,AS8,Z,15.6,11.3,13.7,21,320,3,6,1,6
2017,BMW,M6 CABRIOLET,SUBCOMPACT,4.4,8,M6,Z,16.2,10.9,13.8,20,324,3,6,1,6
2017,CHEVROLET,SPARK,SUBCOMPACT,1.4,4,M5,X,8,6.2,7.2,39,168,8,7,7,9
2017,VOLKSWAGEN,GOLF R,COMPACT,2,4,AM6,Z,10.4,7.9,9.3,30,216,6,6,5,8
2017,PORSCHE,911 TURBO S CABRIOLET,MINICOMPACT,3.8,6,AM7,Z,12.6,9.9,11.4,25,267,4,5,3,7
2017,VOLVO,XC90 T5,SUV - STANDARD,2,4,AS8,Z,10.6,9.1,10,28,232,5,6,4,7
2017,TOYOTA,CAMRY,MID-SIZE,2.5,4,AS6,X,9.8,7.1,8.6,33,199,6,6,6,8
2017,KIA,FORTE (MPI),MID-SIZE,2,4,AS6,X,7.9,6.3,7.2,39,170,7,7,7,9
2017,CHEVROLET,CRUZE DIESEL,COMPACT,1.6,4,A9,D,7.6,5,6.4,44,172,7,6,7,9
2017,DODGE,CHALLENGER (MDS),MID-SIZE,6.4,8,A8,Z,15.6,9.6,12.9,22,302,3,5,1,7
2017,VOLKSWAGEN,GOLF SPORTWAGEN,STATION WAGON - SMALL,1.8,4,AS6,X,9.3,6.9,8.2,34,192,7,8,6,8
