Year,Make,Model,Vehicle Class,Engine Size (L),Cylinders,Transmission,Fuel Type,Fuel Consumption (City) (L/100 km),Fuel Consumption (Hwy) (L/100 km),Fuel Consumption (Comb) (L/100 km),Fuel Consumption (Comb) (mpg),CO2 Emissions (g/km),CO2 Rating,Smog Rating,CO2_Rating,Smog_Rating
2021,GMC,Yukon (Without Stop-Start),SUV: Standard,5.3,8,A10,X,15.3,12,13.8,20,325,3,5,1,5
2021,Hyundai,Palisade AWD,SUV: Standard,3.8,6,AS8,X,12.3,9.6,11.1,25,265,4,5,3,7
2021,Chevrolet,Colorado ZR2 4WD,Pickup truck: Small,2.8,4,A6,D,13.3,10.6,12.1,23,326,3,3,1,6
2021,Jeep,Wrangler JL 4X4,SUV: Small,3.6,6,A8,X,12.8,10.4,11.8,24,274,4,7,3,6
2021,Chevrolet,Silverado (Without DFM),Pickup truck: Standard,5.3,8,A8,X,15.9,10.8,13.6,21,319,3,5,1,6
2021,Toyota,Tacoma 4WD D-Cab TRD Off-Road/PRO,Pickup truck: Small,3.5,6,M6,X,13.8,11.7,12.9,22,300,3,5,2,6
2021,Porsche,911 Carrera 4S Cabriolet,Minicompact,3,6,AM8,Z,12.8,10.2,11.7,24,273,4,5,3,6
2021,BMW,X6 xDrive40i,SUV: Standard,3,6,AS8,Z,11.4,9.2,10.4,27,242,5,3,4,7
2021,Ford,Explorer AWD,SUV: Standard,2.3,4,AS10,X,11.7,8.6,10.3,27,242,5,5,4,7
2021,Chevrolet,Tahoe (Without Stop-Start),SUV: Standard,5.3,8,A10,X,15.3,12,13.8,20,325,3,5,1,5
2021,Chrysler,300,Full-size,3.6,6,A8,X,12.4,7.8,10.3,27,242,5,3,4,8
2021,Alfa Romeo,Stelvio AWD Quadrifoglio,SUV: Small,2.9,6,A8,Z,13.9,10.3,12.3,23,288,3,3,2,6
2021,GMC,Canyon,Pickup truck: Small,2.8,4,A6,D,11.8,7.9,10.1,28,294,3,3,2,8
2021,Mazda,MX-5,Two-seater,2,4,AS6,Z,9,6.6,7.9,36,186,6,3,6,8
2021,Lexus,LC 500 Convertible,Minicompact,5,8,AS10,Z,16,9.5,13,22,304,3,5,1,7
2021,Lexus,LC 500h,Subcompact,3.5,6,AV10,Z,9,7.1,8.1,35,189,6,7,6,8
2021,Nissan,Armada 4WD,SUV: Standard,5.6,8,AS7,Z,17.5,12.9,15.4,18,362,2,3,1,5
2021,Mercedes-Benz,AMG S 63 4MATIC+ Coupe,Compact,4,8,A9,Z,15.1,9.2,12.4,23,293,3,5,2,7
2021,BMW,M5 Competition,Mid-size,4.4,8,AS8,Z,16,11,13.8,20,323,3,3,1,6
2021,Volkswagen,Jetta GLI,Compact,2,4,AM7,X,9.7,6.8,8.4,34,195,6,7,6,8
2021,Ford,T-150 Wagon FFV,Van: Passenger,3.5,6,AS10,X,16.2,12.4,14.5,19,341,2,1,1,5
2021,Mazda,CX-5 4WD (Cylinder Deactivation),SUV: Small,2.5,4,AS6,X,9.8,7.9,9,31,209,5,7,5,8
2021,Ford,Transit Connect Van,Special purpose vehicle,2.5,4,AS6,X,12,8.8,10.6,27,247,4,5,4,7
2021,Porsche,Panamera 4,Full-size,2.9,6,AM8,Z,12.8,9.8,11.5,25,274,4,5,3,7
2021,Audi,A5 Sportback 45 TFSI quattro,Mid-size,2,4,AM7,Z,9.8,7.6,8.8,32,205,6,5,5,8
2021,Jeep,Grand Cherokee L 4X4,SUV: Standard,5.7,8,A8,X,16.7,10.9,14.1,20,331,3,5,1,6
2021,GMC,Yukon XL 4WD (Without Stop-Start),SUV: Standard,5.3,8,A10,X,16,12.6,14.5,19,341,2,5,1,5
Understanding the table,NA,NA,NA,NA,NA,NA,NA,NA,NA,NA,NA,NA,NA,NA,NA,NA
2021,Nissan,Altima AWD,Mid-size,2.5,4,AV,X,9.1,6.5,7.9,36,187,6,7,6,8
2021,Chevrolet,Silverado 4WD Trail Boss,Pickup truck: Standard,5.3,8,A10,X,14.7,11.2,13.1,22,307,3,5,1,6
2021,Toyota,RAV4 Hybrid AWD,SUV: Small,2.5,4,AV,X,5.8,6.3,6,47,140,8,7,8,9
2021,Land Rover,Range Rover Velar P250,SUV: Small,2,4,AS8,Z,11.5,9,10.4,27,244,5,7,4,7
2021,Lexus,ES 250 AWD,Mid-size,2.5,4,AS8,X,9.5,7,8.4,34,197,6,6,6,8
2021,Kia,Sportage,SUV: Small,2.4,4,AS6,X,10.1,7.6,9,31,214,5,5,5,8
2021,Rolls-Royce,Ghost,Full-size,6.7,12,AS8,Z,19.9,12.7,16.7,17,387,1,3,1,5
2021,GMC,Canyon,Pickup truck: Small,2.5,4,A6,X,12.2,9.4,10.9,26,257,4,6,3,7
2021,Porsche,Panamera 4S Executive,Full-size,2.9,6,AM8,Z,13.8,10.2,12.2,23,292,3,5,2,6
2021,Cadillac,CT4-V AWD,Compact,2.7,4,AS10,Z,11.7,8.4,10.2,28,239,5,6,4,7
2021,Kia,Niro FE,Station wagon: Small,1.6,4,AM6,X,4.4,4.9,4.6,61,110,9,7,9,10
2021,Jaguar,F-PACE SVR,SUV: Small,5,8,AS8,Z,15.4,10.9,13.4,21,316,3,3,1,6
2021,Lincoln,Corsair AWD,SUV: Small,2,4,AS8,X,11.1,8.1,9.8,29,229,5,5,4,7
2021,Nissan,Qashqai,Station wagon: Small,2,4,AV8,X,8.8,7.3,8.1,35,191,6,5,6,8
2021,Toyota,Camry Hybrid LE,Mid-size,2.5,4,AV,X,4.9,4.8,4.9,58,113,9,7,9,10
2021,Toyota,Tacoma 4WD,Pickup truck: Small,3.5,6,M6,X,13.8,11.4,12.7,22,299,3,5,2,6
2021,Porsche,Panamera 4 ST,Full-size,2.9,6,AM8,Z,12.8,10.2,11.7,24,274,4,5,3,6
2021,Audi,A4 Sedan 45 TFSI quattro,Compact,2,4,AM7,Z,9.8,7.6,8.8,32,205,6,5,5,8
2021,Toyota,Highlander Hybrid AWD Limited/Platinum,SUV: Standard,2.5,4,AV,X,6.6,6.8,6.7,42,156,7,7,7,8
2021,Ford,F-150 FFV (Without Stop-Start),Pickup truck: Standard,5,8,AS10,X,14.5,10.3,12.6,22,296,3,5,2,6
2021,Buick,Encore GX AWD,SUV: Small,1.3,3,A9,X,9,8,8.5,33,199,6,7,6,7
2021,Porsche,911 Targa 4S,Minicompact,3,6,AM8,Z,13.1,10.2,11.8,24,274,4,5,3,6
2021,Volkswagen,Golf,Compact,1.4,4,AS8,X,8.2,6.5,7.5,38,174,7,7,7,8
2021,Chevrolet,Suburban 4WD (Without Stop-Start),SUV: Standard,5.3,8,A10,X,16,12.6,14.5,19,341,2,5,1,5
2021,Chevrolet,Camaro,Subcompact,2,4,M6,Z,12.6,8,10.5,27,247,4,5,4,7
2021,Chevrolet,Spark,Subcompact,1.4,4,AV,X,7.7,6.2,7,40,165,7,5,7,9
2021,Ford,Edge AWD,SUV: Small,2.7,6,AS8,X,12.6,9.3,11.1,25,262,4,5,3,7
2021,Land Rover,Range Rover P525 Supercharged,SUV: Standard,5,8,AS8,Z,14.4,11.3,13,22,305,3,3,1,6
2021,BMW,228i xDrive Gran Coupe,Compact,2,4,AS8,Z,10.2,7.2,8.8,32,206,6,7,5,8
2021,Land Rover,Range Rover Sport SVR,SUV: Standard,5,8,AS8,Z,16.2,12,14.3,20,336,2,3,1,5
2021,Land Rover,Defender 110 P400,SUV: Standard,3,6,AS8,Z,13.5,10.8,12.3,23,287,3,7,2,6
2021,Cadillac,CT4 AWD,Compact,2.7,4,AS10,Z,11.4,8.2,9.9,29,232,5,6,4,7
2021,Mercedes-Benz,GLA 250 4MATIC SUV,SUV: Small,2,4,AM8,Z,9.8,7.2,8.7,32,203,6,5,5,8
2021,Ram,1500 Classic 4X4,Pickup truck: Standard,5.7,8,A8,X,16.2,11.6,14.1,20,330,3,3,1,6
2021,Ram,1500 4X4,Pickup truck: Standard,5.7,8,A8,X,16.1,11,13.8,20,325,3,5,1,6
2021,Cadillac,XT4,SUV: Small,2,4,AS9,Z,9.9,7.8,8.9,32,209,5,7,5,8
2021,Ford,Escape Hybrid,SUV: Small,2.5,4,AV,X,5.4,6.3,5.8,49,136,8,7,8,9
2021,Ford,Bronco Badlands 4WD,SUV: Small,2.3,4,M7,X,14.7,13.3,14.1,20,330,3,5,1,5
CO2 rating,the tailpipe emissions of carbon dioxide rated on a scale from 1 (worst) to 10 (best),NA,NA,NA,NA,NA,NA,NA,NA,NA,NA,NA,NA,NA,NA,NA
2021,Audi,R8 Coupe quattro,Two-seater,5.2,10,AM7,Z,17.6,12,15.1,19,353,2,1,1,5
2021,Honda,Accord Sport/Touring,Full-size,2,4,AS10,X,10.4,7.4,9.1,31,211,5,7,5,8
2021,BMW,M5 Sedan,Mid-size,4.4,8,AS8,Z,16,11,13.8,20,323,3,3,1,6
2021,Ford,F-150 4X4,Pickup truck: Standard,3.5,6,AS10,X,13.5,10.2,12,24,282,4,6,2,6
2021,Chevrolet,Suburban 4WD,SUV: Standard,5.3,8,A10,X,15.3,12.4,14,20,328,3,5,1,5
2021,Jeep,Wrangler JL 4X4,SUV: Small,3.6,6,M6,X,13.7,9.6,11.8,24,277,4,7,2,7
2021,BMW,X5 M Competition,SUV: Standard,4.4,8,AS8,Z,17.9,13,15.7,18,364,2,3,1,5
2021,Lexus,LX 570,SUV: Standard,5.7,8,AS8,Z,19.2,14.3,16.9,17,395,1,3,1,4
2021,Nissan,NV200 Cargo Van,Special purpose vehicle,2,4,AV,X,9.9,9.1,9.5,30,223,5,3,5,7
2021,MINI,Cooper S 3 Door,Subcompact,2,4,AM7,Z,8.9,6.6,7.9,36,184,6,7,6,8
2021,Hyundai,Elantra Hybrid Blue,Mid-size,1.6,4,AM6,X,4.5,4.2,4.4,64,103,10,7,9,10
2021,Lexus,IS 300,Compact,2,4,AS8,Z,11,7.6,9.5,30,221,5,5,5,8
2021,Ram,1500 HFE eTorque,Pickup truck: Standard,3.6,6,A8,X,11.6,9,10.4,27,245,5,5,4,7
2021,Audi,Q8 55 TFSI quattro,SUV: Standard,3,6,AS8,Z,13.4,10.4,12,24,281,4,5,2,6
2021,Cadillac,XT6 AWD,SUV: Small,3.6,6,AS9,X,13.1,9.5,11.5,25,269,4,6,3,7
2021,MINI,Cooper S Convertible,Minicompact,2,4,AM7,Z,9.1,6.9,8.1,35,191,6,7,6,8
2021,Chevrolet,Silverado 4WD,Pickup truck: Standard,5.3,8,A10,X,14.3,10.7,12.7,22,298,3,5,2,6
NA,AS = automatic with select shift,NA,NA,NA,NA,NA,NA,NA,NA,NA,NA,NA,NA,NA,NA,NA
NA,D = diesel,NA,NA,NA,NA,NA,NA,NA,NA,NA,NA,NA,NA,NA,NA,NA
2021,Audi,Q3 45 TFSI quattro,SUV: Small,2,4,AS8,X,11.7,8.4,10.2,28,239,5,7,4,7
2021,Jeep,Grand Cherokee 4X4 SRT,SUV: Standard,6.4,8,A8,Z,18.3,12.6,15.7,18,368,2,1,1,5
2021,Alfa Romeo,Stelvio AWD,SUV: Small,2,4,A8,Z,10.8,8.3,9.6,29,226,5,3,4,7
2021,Bentley,Continental GT Convertible,Minicompact,6,12,AM8,Z,19.2,12.2,16,18,373,2,3,1,5
2021,Toyota,Avalon,Mid-size,3.5,6,AS8,X,10.9,7.7,9.5,30,221,5,5,5,8
2021,MINI,John Cooper Works 3 Door,Subcompact,2,4,AS8,Z,9.2,6.9,8.1,35,190,6,7,6,8
2021,GMC,Sierra 4WD AT4,Pickup truck: Standard,6.2,8,A10,Z,15.7,12.4,14.2,20,332,3,3,1,5
2021,Ford,F-150 FFV,Pickup truck: Standard,5,8,AS10,E,20.9,13.6,17.6,16,291,3,5,2,5
2021,Ford,Bronco Badlands 4WD,SUV: Small,2.7,6,AS10,X,13.7,13.1,13.4,21,315,3,6,1,5
2021,BMW,M440i xDrive Coupe,Subcompact,3,6,AS8,Z,10.5,7.7,9.2,31,214,5,5,5,8
2021,Kia,Forte,Mid-size,2,4,M6,X,8.6,6.4,7.6,37,180,7,5,6,9
2021,Ford,Escape,SUV: Small,1.5,3,A8,X,8.5,6.8,7.8,36,182,6,7,6,8
2021,GMC,Yukon XL 4WD,SUV: Standard,3,6,A10,D,12,8.9,10.6,27,277,4,3,2,7
2021,Subaru,Crosstrek AWD,SUV: Small,2.5,4,AV8,X,8.8,7,8,35,188,6,6,6,8
2021,Ford,EcoSport AWD,SUV: Small,2,4,AS6,X,10.2,8,9.2,31,217,5,5,5,7
2021,Mercedes-Benz,AMG C 43 4MATIC Sedan,Compact,3,6,A9,Z,13.4,8.7,11.3,25,266,4,5,3,7
2021,BMW,X6 M50i,SUV: Standard,4.4,8,AS8,Z,14.4,10.6,12.7,22,302,3,3,1,6
2021,BMW,X4 xDrive30i,SUV: Small,2,4,AS8,Z,10.2,8.2,9.3,30,217,5,7,5,7
2021,Cadillac,XT6 AWD,SUV: Small,2,4,AS9,Z,11.2,9,10.2,28,239,5,7,4,7
2021,Bentley,Bentayga,SUV: Standard,4,8,AS8,Z,15.8,9.9,13.2,21,309,3,3,1,7
2021,Infiniti,QX50 AWD,SUV: Small,2,4,AV8,Z,10.8,8.3,9.7,29,229,5,6,4,7
2021,Hyundai,Venue,Mid-size,1.6,4,AV1,X,7.9,7,7.5,38,178,7,5,6,8
2021,Infiniti,Q50 AWD Red Sport,Mid-size,3,6,AS7,Z,12.5,9.3,11.1,25,261,4,3,3,7
2021,Mercedes-Benz,C 300 4MATIC Cabriolet,Subcompact,2,4,A9,Z,10.8,7.9,9.5,30,223,5,6,5,8
2021,Bentley,Continental GT,Subcompact,6,12,AM8,Z,19,11.6,15.7,18,364,2,3,1,6
2021,Mazda,Mazda6,Mid-size,2.5,4,AS6,X,9.1,6.7,8,35,187,6,7,6,8
2021,Porsche,Panamera GTS ST,Full-size,4,8,AM8,Z,15.7,11.8,13.9,20,323,3,3,1,6
2021,BMW,M235i xDrive Gran Coupe,Compact,2,4,AS8,Z,10.4,7.7,9.2,31,213,5,7,5,8
2021,Chevrolet,Camaro,Subcompact,2,4,AS8,Z,10.9,7.8,9.5,30,222,5,5,5,8
2021,Mazda,CX-5 4WD,SUV: Small,2.5,4,AS6,X,10.2,8.2,9.3,30,217,5,7,5,7
2021,Audi,S5 Coupe quattro,Subcompact,3,6,AS8,Z,11.5,8.5,10.1,28,237,5,5,4,7
2021,BMW,230i xDrive Coupe,Subcompact,2,4,AS8,Z,11.2,7.7,9.6,29,225,5,7,5,8
2021,Chevrolet,Colorado 4WD,Pickup truck: Small,3.6,6,A8,X,14,9.9,12.1,23,284,3,6,2,7
2021,Genesis,G70 AWD,Compact,3.3,6,AS8,Z,14.1,9.5,12,24,284,3,3,2,7
2021,Chevrolet,Trailblazer,SUV: Small,1.3,3,AV,X,8,7.2,7.6,37,179,7,7,6,8
2021,Lexus,RC 300 AWD,Subcompact,3.5,6,AS6,Z,12.2,9,10.8,26,253,4,5,3,7
2021,Ford,Mustang,Subcompact,2.3,4,A10,X,11,7.5,9.4,30,221,5,5,5,8
2021,Mercedes-Benz,GLE 350 4MATIC SUV,SUV: Standard,2,4,A9,Z,12.4,9,10.8,26,254,4,5,3,7
2021,Bugatti,Chiron Pur Sport,Two-seater,8,16,AM7,Z,30.3,20.9,26.1,11,608,1,1,1,1
2021,Chevrolet,Silverado 4WD Trail Boss (Without Stop-Start),Pickup truck: Standard,5.3,8,A10,X,15.6,11.4,13.7,21,321,3,5,1,6
2021,Mercedes-Benz,AMG E 63 S 4MATIC+ Sedan,Mid-size,4,8,A9,Z,15,10.1,12.8,22,301,3,3,1,6
2021,Nissan,Titan 4WD Pro-4X,Pickup truck: Standard,5.6,8,AS9,Z,15.4,11.4,13.6,21,321,3,5,1,6
2021,Porsche,911 Carrera 4,Minicompact,3,6,AM8,Z,13.1,9.8,11.6,24,275,4,5,3,7
2021,Ford,F-150 FFV (Without Stop-Start),Pickup truck: Standard,5,8,AS10,E,19.8,13.7,17.1,17,284,3,5,2,5
2021,MINI,Cooper Convertible,Minicompact,1.5,3,AM7,Z,8.4,6.5,7.5,38,176,7,7,6,8
2021,Chevrolet,Trax 4WD (SIDI),SUV: Small,1.4,4,AS6,X,10.2,7.7,9.1,31,214,5,7,5,8
2021,Subaru,Forester AWD,SUV: Small,2.5,4,AV7,X,9,7.2,8.2,34,192,6,6,6,8
2021,Porsche,718 Boxster S,Two-seater,2.5,4,AM7,Z,12.2,9.2,10.9,26,255,4,1,3,7
2021,BMW,X4 M40i,SUV: Small,3,6,AS8,Z,11.3,8.7,10.1,28,235,5,5,4,7
2021,Lexus,UX 250h AWD,Compact,2,4,AV6,X,5.7,6.2,6,47,140,8,7,8,9
2021,Subaru,Legacy AWD,Full-size,2.4,4,AV8,X,9.9,7.3,8.7,32,205,6,3,5,8
2021,Cadillac,Escalade 4WD,SUV: Standard,6.2,8,A10,Z,16.8,12.4,14.8,19,347,2,3,1,5
2021,Mazda,MX-5 (SIL),Two-seater,2,4,M6,Z,9,7,8.1,35,189,6,3,6,8
2021,Lexus,RX 350 L AWD,SUV: Small,3.5,6,AS8,X,13.1,9.4,11.1,25,268,4,5,3,7
2021,Nissan,Altima AWD SR/Platinum,Mid-size,2.5,4,AV,X,9.3,6.7,8.1,35,190,6,7,6,8
2021,Chevrolet,Blazer,SUV: Small,2,4,A9,X,10.6,8,9.4,30,221,5,7,5,7
2021,GMC,Sierra 4WD,Pickup truck: Standard,3,6,A10,D,10.6,9.2,10,28,268,4,3,3,7
2021,Cadillac,XT5,SUV: Small,2,4,AS9,Z,10.7,8,9.5,30,222,5,7,5,7
2021,Volvo,XC60 T5 AWD,SUV: Small,2,4,AS8,Z,11.1,8.3,9.9,29,230,5,5,4,7
2021,Acura,TLX SH-AWD,Compact,2,4,AS10,Z,11.2,8,9.8,29,230,5,7,4,7
2021,Ford,F-150 Tremor 4X4 (Without Stop-Start),Pickup truck: Standard,3.5,6,AS10,X,14.7,11.7,13.3,21,313,3,6,1,6
2021,Nissan,Titan 4WD,Pickup truck: Standard,5.6,8,AS9,Z,15.2,11.1,13.4,21,314,3,5,1,6
2021,Ford,Bronco Black Diamond 4WD,SUV: Small,2.3,4,M7,X,13.8,12.4,13.2,21,310,3,5,1,5
2021,Porsche,718 Cayman GTS 4.0,Two-seater,4,6,AM7,Z,12.3,9.8,11.1,25,260,4,5,3,7
2021,Porsche,718 Boxster,Two-seater,2,4,M6,Z,11.7,8.9,10.5,27,245,5,1,4,7
2021,Lamborghini,Huracan AWD,Two-seater,5.2,10,AM7,Z,18,12.9,15.7,18,371,2,1,1,5
2021,Chevrolet,Traverse,SUV: Standard,3.6,6,A9,X,13,8.8,11.1,25,261,4,6,3,7
2021,Mitsubishi,RVR 4WD,SUV: Small,2,4,AV6,X,10.1,8.2,9.2,31,213,5,5,5,7
2021,Ford,Mustang Convertible (High Performance),Subcompact,2.3,4,AS10,X,12.1,8.9,10.7,26,251,4,5,3,7
2021,Toyota,Corolla Apex Edition,Compact,2,4,AV10,X,7.7,6.2,7,40,164,7,7,7,9
2021,Porsche,911 Targa 4S,Minicompact,3,6,M7,Z,13.7,9.8,11.9,24,278,4,5,2,7
2021,Buick,Envision AWD,SUV: Small,2,4,AS9,X,10.5,8.2,9.5,30,222,5,7,5,7
2021,Hyundai,Elantra,Mid-size,2,4,M6,X,9.1,6.3,7.8,36,185,6,5,6,9
2021,Mercedes-Benz,S 580 4MATIC LWB Sedan,Full-size,4,8,A9,Z,14.4,9.4,12.2,23,285,3,5,2,7
2021,Lamborghini,Aventador Coupe S,Two-seater,6.5,12,AM7,Z,27.9,15.7,22.4,13,520,1,1,1,4
2021,Land Rover,Range Rover Evoque P250,SUV: Small,2,4,AS9,Z,11.9,8.8,10.5,27,247,4,7,4,7
2021,BMW,M2 Competition,Subcompact,3,6,AM7,Z,14.3,10.4,12.6,22,293,3,3,2,6
2021,Mercedes-Benz,AMG GLE 53 4MATIC+ SUV,SUV: Standard,3,6,A9,Z,13.2,10.8,12.1,23,285,3,6,2,6
2021,Porsche,Macan Turbo,SUV: Small,2.9,6,AM7,Z,13.5,11.2,12.5,23,293,3,5,2,6
2021,Chevrolet,Silverado 4WD,Pickup truck: Standard,2.7,4,A8,X,12.5,10.8,11.7,24,275,4,6,3,6
2021,Nissan,GT-R,Subcompact,3.8,6,AM6,Z,14.4,10.9,12.8,22,300,3,3,2,6
2021,Mercedes-Benz,AMG CLA 45 4MATIC Coupe,Compact,2,4,AM8,Z,12,8.2,10.3,27,242,5,3,4,7
2021,Toyota,4Runner 4WD,SUV: Standard,4,6,AS5,X,14.8,12.5,13.8,20,321,3,5,1,5
2021,Toyota,GR Supra 3.0,Two-seater,3,6,AS8,Z,10.6,8,9.4,30,218,5,5,5,7
2021,Jeep,Cherokee,SUV: Small,2.4,4,A9,X,10.8,7.5,9.3,30,219,5,6,5,8
2021,Porsche,Panamera GTS,Full-size,4,8,AM8,Z,15.7,11.2,13.7,21,323,3,3,1,6
2021,Ford,Mustang Mach 1,Subcompact,5,8,M6,X,16.6,10.5,13.9,20,325,3,3,1,6
2021,Ram,1500 Classic 4X4,Pickup truck: Standard,3.6,6,A8,X,14.5,10.2,12.6,22,294,3,3,2,6
2021,Hyundai,Kona,SUV: Small,2,4,AS6,X,8.6,7,7.9,36,187,6,5,6,8
2021,Aston Martin,Vantage V8,Two-seater,4,8,M7,Z,16.7,11.2,14.2,20,333,3,3,1,6
NA,N = natural gas,NA,NA,NA,NA,NA,NA,NA,NA,NA,NA,NA,NA,NA,NA,NA
2021,Chevrolet,Blazer AWD,SUV: Small,3.6,6,A9,X,12.5,9,10.9,26,256,4,6,3,7
2021,Audi,S5 Sportback quattro,Mid-size,3,6,AS8,Z,11.5,8.5,10.1,28,237,5,5,4,7
2021,Jeep,Wrangler JL Unlimited 4X4,SUV: Small,3.6,6,M6,X,13.8,10.1,12.2,23,285,3,7,2,6
2021,Chevrolet,Colorado 4WD,Pickup truck: Small,2.8,4,A6,D,12.2,8.4,10.5,27,294,3,3,2,7
2021,Kia,Soul,Station wagon: Small,2,4,AV,X,8.5,7,7.9,36,187,6,7,6,8
2021,BMW,M2 Competition,Subcompact,3,6,M6,Z,13.4,9.6,11.7,24,273,4,3,3,7
2021,Jeep,Renegade 4X4 Trailhawk,SUV: Small,1.3,4,A9,X,10.8,8.7,9.9,29,231,5,6,4,7
2021,Maserati,Levante GTS,SUV: Standard,3.8,8,A8,Z,17.4,12,15,19,349,2,1,1,5
2021,GMC,Sierra 4WD AT4,Pickup truck: Standard,3,6,A10,D,10.6,9.2,10,28,268,4,3,3,7
2021,Ford,Explorer Hybrid AWD,SUV: Standard,3.3,6,AS10,X,10.1,9,9.6,29,225,5,5,5,7
2021,Lexus,GX 460,SUV: Standard,4.6,8,AS6,Z,16.2,12.3,14.5,19,337,2,3,1,5
2021,Mercedes-Benz,AMG GT C Roadster,Two-seater,4,8,AM7,Z,15.8,12,14.1,20,330,3,3,1,5
2021,Ram,1500 4X4 eTorque,Pickup truck: Standard,3.6,6,A8,X,12.1,9.7,11,26,259,4,5,3,7
2021,Porsche,Cayenne S Coupe,SUV: Standard,2.9,6,AS8,Z,13.4,10.9,12.3,23,286,3,5,2,6
2021,Honda,Accord Sport/Touring,Full-size,1.5,4,AV7,X,8.1,6.8,7.5,38,176,7,7,6,8
2021,Mercedes-Benz,C 300 4MATIC Sedan,Compact,2,4,A9,Z,10.1,7.1,8.7,32,204,6,6,5,8
2021,Mitsubishi,Mirage,Compact,1.2,3,AV,X,6.6,5.6,6.2,46,143,8,5,8,9
2021,Mercedes-Benz,C 300 4MATIC Coupe,Subcompact,2,4,A9,Z,10.2,7.4,9,31,210,5,6,5,8
2021,GMC,Yukon XL 4WD (Without Stop-Start),SUV: Standard,6.2,8,A10,Z,17.5,12.6,15.3,18,357,2,3,1,5
2021,Mercedes-Benz,AMG C 43 4MATIC Cabriolet,Subcompact,3,6,A9,Z,12.3,8.7,10.7,26,251,4,5,3,7
2021,Dodge,Challenger,Mid-size,3.6,6,A8,X,12.4,7.8,10.3,27,242,5,3,4,8
2021,Honda,Accord,Full-size,1.5,4,AV,X,7.8,6.5,7.2,39,168,7,7,7,8
2021,GMC,Sierra 4WD AT4,Pickup truck: Standard,5.3,8,A6,X,16.7,13.1,15.1,19,355,2,5,1,5
2021,Toyota,Highlander AWD,SUV: Small,3.5,6,AS8,X,11.8,8.6,10.3,27,241,5,5,4,7
2021,GMC,Sierra,Pickup truck: Standard,3,6,A10,D,10.2,7.8,9.1,31,245,5,3,4,8
2021,Kia,Niro Touring,Station wagon: Small,1.6,4,AM6,X,5,5.6,5.3,53,124,9,7,9,9
2021,Audi,R8 Coupe,Two-seater,5.2,10,AM7,Z,17.2,10.2,14.1,20,329,3,1,1,6
2021,Jeep,Renegade 4X4,SUV: Small,1.3,4,A9,X,10.1,8.1,9.2,31,222,5,6,5,7
2021,Hyundai,Tucson AWD,SUV: Small,2,4,AS6,X,10.8,9.2,10.1,28,239,5,5,4,7
2021,Chevrolet,Silverado 4WD Trail Boss,Pickup truck: Standard,4.3,6,A6,X,16.3,13,14.8,19,347,2,6,1,5
2021,BMW,Z4 M40i,Two-seater,3,6,AS8,Z,10.7,8,9.5,30,221,5,5,5,7
2021,Dodge,Charger AWD,Full-size,3.6,6,A8,X,12.8,8.7,11,26,258,4,3,3,7
2021,Volkswagen,Jetta,Compact,1.4,4,M6,X,7.9,5.8,6.9,41,162,7,7,7,9
2021,Chevrolet,Silverado,Pickup truck: Standard,2.7,4,A8,X,11.9,10.3,11.2,25,263,4,6,3,6
2021,Land Rover,Defender 90 P400,SUV: Standard,3,6,AS8,Z,13.5,10.8,12.3,23,287,3,7,2,6
2021,Dodge,Challenger,Mid-size,5.7,8,M6,Z,15.6,10.1,13.1,22,307,3,1,1,6
2021,Hyundai,IONIQ Blue,Full-size,1.6,4,AM6,X,4,3.9,4,71,94,10,7,10,10
2021,Cadillac,Escalade 4WD (Without Stop-Start),SUV: Standard,6.2,8,A10,Z,17.5,12.6,15.3,18,357,2,3,1,5
2021,Audi,S7 Sportback quattro,Mid-size,2.9,6,AS8,Z,12.9,8.5,10.9,26,255,4,5,3,7
2021,Kia,Forte 5,Full-size,1.6,4,AM7,X,8.9,6.9,8,35,190,6,5,6,8
2021,Chevrolet,Trailblazer,SUV: Small,1.2,3,AV,X,8.4,7.5,8,35,188,6,7,6,8
2021,Ford,Edge AWD,SUV: Small,2,4,AS8,X,11.5,8.3,10.1,28,237,5,5,4,7
2021,Chevrolet,Malibu,Mid-size,2,4,A9,Z,10.7,7.1,9.1,31,213,5,5,5,8
2021,Mitsubishi,RVR 4WD,SUV: Small,2.4,4,AV6,X,10.3,8.3,9.4,30,218,5,5,5,7
2021,GMC,Yukon,SUV: Standard,3,6,A10,D,11.3,8.6,10.1,28,272,4,3,3,7
2021,Maserati,Ghibli,Mid-size,3,6,A8,Z,13.8,9.5,11.9,24,277,4,3,2,7
2021,Porsche,Panamera 4S,Full-size,2.9,6,AM8,Z,12.8,9.8,11.4,25,276,4,5,2,7
2021,Volkswagen,Atlas Cross Sport 4MOTION,SUV: Small,3.6,6,AS8,X,13.8,10.4,12.3,23,289,3,5,2,6
2021,Nissan,Rogue,SUV: Small,2.5,4,AV8,X,8.9,7,8.1,35,189,6,7,6,8
2021,Chevrolet,Silverado 4WD Trail Boss,Pickup truck: Standard,5.3,8,A6,X,16.5,13.1,15,19,350,2,5,1,5
2021,Toyota,C-HR,Compact,2,4,AS7,X,8.7,7.5,8.2,34,189,6,3,6,8
2021,Lamborghini,Aventador Sian Coupe,Two-seater,6.5,12,AM7,Z,28.3,16.8,23.1,12,539,1,1,1,3
2021,Ram,1500 EcoDiesel,Pickup truck: Standard,3,6,A8,D,10.5,7.3,9,31,243,5,1,4,8
2021,Toyota,Camry XSE,Mid-size,3.5,6,AS8,X,10.7,7.4,9.2,31,215,5,5,5,8
2021,Mercedes-Benz,GLE 450 4MATIC SUV,SUV: Standard,3,6,A9,Z,11.4,9.2,10.4,27,244,5,6,4,7
2021,Ford,Ranger 4WD Tremor,Pickup truck: Standard,2.3,4,AS10,X,12.1,12.3,12.2,23,287,3,3,2,5
2021,Ram,1500 HFE EcoDiesel,Pickup truck: Standard,3,6,A8,D,10.4,7.1,8.9,32,238,5,1,4,8
2021,Hyundai,Sonata,Full-size,1.6,4,AS8,X,8.8,6.4,7.7,37,182,6,5,6,9
2021,Jeep,Compass 4X4,SUV: Small,2.4,4,A9,X,10.8,7.8,9.5,30,222,5,6,5,8
2021,Audi,SQ5 Sportback quattro,SUV: Small,3,6,AS8,Z,13.1,9.9,11.6,24,274,4,5,3,7
2021,Hyundai,IONIQ,Full-size,1.6,4,AM6,X,4.3,4.1,4.2,67,99,10,7,10,10
2021,Lexus,UX 200,Mid-size,2,4,AS10,X,8,6.3,7.2,39,168,7,6,7,9
2021,Ford,Transit Connect Wagon LWB FFV,Special purpose vehicle,2,4,AS8,X,9.9,8.2,9.2,31,214,5,5,5,7
2021,Ford,Bronco Black Diamond 4WD,SUV: Small,2.3,4,AS10,X,13.1,13.1,13.1,22,308,3,5,1,5
2021,Dodge,Durango AWD SRT,SUV: Standard,6.4,8,A8,Z,18.3,12.2,15.6,18,363,2,1,1,5
2021,Mazda,CX-5,SUV: Small,2.5,4,AS6,X,9.7,7.8,8.8,32,206,6,7,5,8
2021,Ford,Shelby GT500 Mustang,Subcompact,5.2,8,AM7,Z,19.9,12.8,16.7,17,393,1,3,1,5
2021,Buick,Enclave AWD,SUV: Standard,3.6,6,A9,X,13.6,9.6,11.8,24,277,4,6,2,7
2021,Chevrolet,Spark,Subcompact,1.4,4,M5,X,8,6.2,7.2,39,170,7,5,7,9
2021,Lexus,UX 250h,Compact,2,4,AV6,X,5.5,5.7,5.6,50,130,9,7,8,9
2021,Mercedes-Benz,AMG GLE 63 S 4MATIC+ SUV,SUV: Standard,4,8,A9,Z,16.2,12.5,14.5,19,340,2,3,1,5
2021,Ford,Mustang Convertible,Subcompact,2.3,4,A10,X,12,8.5,10.4,27,244,5,5,4,7
2021,Volvo,XC90 T5 AWD,SUV: Standard,2,4,AS8,Z,11.5,8.4,10.1,28,236,5,5,4,7
2021,Kia,Forte 5,Full-size,1.6,4,M6,X,9.9,7.6,8.8,32,209,5,5,5,8
2021,Volvo,XC60 T6 AWD,SUV: Small,2,4,AS8,Z,11.7,8.6,10.3,27,240,5,7,4,7
2021,Ram,1500,Pickup truck: Standard,5.7,8,A8,X,16.2,10.5,13.6,21,320,3,5,1,6
2021,Kia,Sorento AWD,SUV: Small,2.5,4,AS8,X,10.1,9.2,9.7,29,227,5,5,4,7
2021,Mercedes-Benz,GLC 300 4MATIC SUV,SUV: Small,2,4,A9,Z,11.3,8.5,10,28,235,5,6,4,7
2021,GMC,Sierra 4WD WT,Pickup truck: Standard,2.7,4,A8,X,13.3,11.8,12.6,22,295,3,6,2,6
2021,Jaguar,XF P300 AWD,Mid-size,2,4,AS8,Z,10.6,7.7,9.3,30,219,5,7,5,8
2021,Chevrolet,Suburban 4WD,SUV: Standard,3,6,A10,D,12,8.9,10.6,27,277,4,3,2,7
2021,Subaru,WRX STI AWD,Compact,2.5,4,M6,Z,14.4,10.8,12.8,22,301,3,1,1,6
2021,Mazda,Mazda3 5-Door,Mid-size,2,4,AS6,X,8.6,6.7,7.7,37,181,7,7,6,8
2021,GMC,Yukon XL,SUV: Standard,3,6,A10,D,11.3,8.6,10.1,28,272,4,3,3,7
2021,MINI,John Cooper Works Clubman ALL4,Mid-size,2,4,AS8,Z,10.1,7.6,9,31,210,5,3,5,8
2021,Mazda,Mazda3 5-Door (SIL),Mid-size,2.5,4,M6,X,9.5,7,8.4,34,197,6,7,6,8
2021,Chevrolet,Blazer AWD,SUV: Small,2,4,A9,X,10.6,8.7,9.7,29,227,5,7,4,7
2021,Porsche,Panamera 4 Executive,Full-size,2.9,6,AM8,Z,13.8,10.2,12.2,23,289,3,5,2,6
2021,Mercedes-Benz,AMG C 43 4MATIC Coupe,Subcompact,3,6,A9,Z,12.5,8.8,10.8,26,254,4,5,3,7
2021,Land Rover,Discovery Sport P250,SUV: Small,2,4,AS9,Z,12.7,10,11.5,25,271,4,7,3,6
2021,Toyota,Camry Hybrid SE/XLE/XSE,Mid-size,2.5,4,AV,X,5.3,5,5.1,55,121,9,7,9,9
2021,Volvo,S60 T5 AWD,Compact,2,4,AS8,Z,10.8,7.2,9.2,31,215,5,5,5,8
2021,Chevrolet,Suburban 4WD,SUV: Standard,6.2,8,A10,Z,16.8,12.4,14.8,19,347,2,3,1,5
2021,GMC,Sierra 4WD,Pickup truck: Standard,2.7,4,A8,X,13,11.4,12.3,23,288,3,6,2,6
2021,BMW,X5 M50i,SUV: Standard,4.4,8,AS8,Z,14.4,10.6,12.7,22,302,3,3,1,6
2021,Volvo,XC40 T4 AWD,SUV: Small,2,4,AS8,X,10.7,7.6,9.3,30,217,5,5,5,8
2021,Subaru,Crosstrek AWD,SUV: Small,2,4,AV8,X,8.5,7,7.9,36,185,6,6,6,8
2021,Audi,S8 Sedan quattro,Full-size,4,8,AS8,Z,17.6,10.7,14.5,19,339,2,3,1,6
2021,Toyota,Tundra 4WD,Pickup truck: Standard,5.7,8,AS6,X,18,14.2,16.3,17,382,1,5,1,4
2021,Porsche,718 Spyder,Two-seater,4,6,AM7,Z,13,9.9,11.6,24,271,4,5,3,7
2021,Kia,Sportage AWD,SUV: Small,2.4,4,AS6,X,10.7,9,10,28,237,5,5,4,7
2021,Mazda,Mazda3 5-Door (SIL),Mid-size,2,4,M6,X,8.7,6.6,7.8,36,181,6,7,6,8
2021,Mercedes-Benz,AMG E 53 4MATIC+ Sedan,Mid-size,3,6,A9,Z,10.7,8.2,9.5,30,225,5,6,5,7
Smog rating,the tailpipe emissions of smog-forming pollutants rated on a scale from 1 (worst) to 10 (best),NA,NA,NA,NA,NA,NA,NA,NA,NA,NA,NA,NA,NA,NA,NA
2021,Buick,Encore GX,SUV: Small,1.2,3,AV,X,8.4,7.5,8,35,188,6,7,6,8
2021,Subaru,Impreza 5-Door AWD,Station wagon: Small,2,4,AV7,X,8.4,6.6,7.6,37,178,7,6,6,8
2021,Mercedes-Benz,AMG G 63 SUV,SUV: Standard,4,8,A9,Z,18.6,15.5,17.2,16,396,1,3,1,4
2021,Honda,Insight Touring,Compact,1.5,4,AV,X,4.6,5.3,4.9,58,115,9,7,9,10
2021,BMW,X2 xDrive28i,SUV: Small,2,4,AS8,Z,9.8,7.5,8.8,32,205,6,7,5,8
2021,MINI,John Cooper Works Countryman ALL4,Mid-size,2,4,AS8,Z,10,7.8,9,31,210,5,3,5,8
2021,Chevrolet,Silverado 4WD (Without Stop-Start),Pickup truck: Standard,5.3,8,A10,X,15.3,11,13.3,21,313,3,5,1,6
2021,Ford,T-150 Wagon FFV,Van: Passenger,3.5,6,AS10,E,21.6,16.4,19.3,15,321,3,1,1,3
2021,GMC,Sierra 4WD AT4,Pickup truck: Standard,5.3,8,A8,X,15.2,11.1,13.3,21,312,3,5,1,6
2021,Dodge,Challenger SRT Hellcat,Mid-size,6.2,8,A8,Z,17.6,10.7,14.5,19,339,2,1,1,6
2021,Porsche,911 Carrera S Cabriolet,Minicompact,3,6,M7,Z,13.8,9.4,11.8,24,275,4,5,3,7
2021,GMC,Sierra FFV,Pickup truck: Standard,5.3,8,A6,E,21.5,16,19,15,315,3,3,1,3
2021,Toyota,Sienna,Minivan,2.5,4,AV,X,6.6,6.5,6.5,43,153,8,7,7,8
2021,Audi,A5 Cabriolet 45 TFSI quattro,Subcompact,2,4,AM7,Z,10.4,7.5,9.1,31,212,5,5,5,8
2021,Hyundai,Santa Fe AWD,SUV: Small,2.5,4,AS8,X,10.6,9.3,10,28,235,5,7,4,7
2021,Buick,Encore,SUV: Small,1.4,4,AS6,X,9.4,7.8,8.7,32,204,6,5,5,8
2021,Subaru,Crosstrek AWD,SUV: Small,2,4,M6,X,10.5,8.1,9.4,30,220,5,6,5,7
2021,Toyota,Tacoma 4WD,Pickup truck: Small,3.5,6,AS6,X,13,10.5,11.8,24,278,4,5,2,6
2021,GMC,Canyon 4WD,Pickup truck: Small,2.8,4,A6,D,12.2,8.4,10.5,27,294,3,3,2,7
2021,Chevrolet,Camaro SS,Subcompact,6.2,8,M6,Z,14.9,9.9,12.6,22,296,3,1,2,7
2021,Honda,HR-V AWD,Station wagon: Small,1.8,4,AV7,X,9.1,7.7,8.5,33,200,6,5,6,8
2021,Chevrolet,Tahoe 4WD (Without Stop-Start),SUV: Standard,6.2,8,A10,Z,17.5,12.6,15.3,18,357,2,3,1,5
2021,GMC,Yukon XL,SUV: Standard,5.3,8,A10,X,14.3,11.8,13.2,21,309,3,5,1,6
2021,Jeep,Compass,SUV: Small,2.4,4,A6,X,10.6,7.6,9.3,30,218,5,6,5,8
2021,Subaru,Outback AWD,SUV: Small,2.4,4,AV8,X,10.1,7.9,9.1,31,213,5,3,5,8
2021,BMW,750Li xDrive Sedan,Full-size,4.4,8,AS8,Z,14,9.7,12,24,281,4,3,2,7
2021,Subaru,Legacy AWD,Full-size,2.5,4,AV8,X,8.9,6.7,7.9,36,184,6,6,6,8
2021,Kia,Sedona,Minivan,3.3,6,AS8,X,12.7,10,11.5,25,272,4,5,3,6
2021,Hyundai,Veloster N,Compact,2,4,AM8,Z,12,8.6,10.5,27,248,4,3,4,7
2021,Toyota,Avalon AWD,Mid-size,2.5,4,AS8,X,9.5,7,8.4,34,197,6,6,6,8
2021,Ford,Mustang Mach 1,Subcompact,5,8,AS10,X,15.3,10.1,12.9,22,303,3,3,1,6
2021,Ford,F-150 Raptor 37 4X4,Pickup truck: Standard,3.5,6,AS10,X,16,14.4,15.3,18,359,2,6,1,4
2021,Infiniti,Q50 AWD,Mid-size,3,6,AS7,Z,12.5,8.7,10.8,26,254,4,3,3,7
2021,Porsche,Cayenne Turbo,SUV: Standard,4,8,AS8,Z,15.6,12.4,14.1,20,329,3,3,1,5
2021,Honda,Pilot AWD,SUV: Small,3.5,6,AS9,X,12.4,9.3,11,26,256,4,3,3,7
2021,BMW,X4 M,SUV: Small,3,6,AS8,Z,16.6,12.1,14.6,19,339,2,3,1,5
2021,Ford,F-150 FFV 4X4,Pickup truck: Standard,5,8,AS10,X,14.8,10.9,13.1,22,307,3,5,1,6
2021,Mercedes-Benz,S 560 Cabriolet,Subcompact,4,8,A9,Z,14.5,9,12,24,282,4,5,2,7
2021,Ford,Edge,SUV: Small,2,4,A8,X,11.2,8.1,9.8,29,229,5,5,4,7
2021,Land Rover,Range Rover Sport P360/P400,SUV: Standard,3,6,AS8,Z,12.7,9.9,11.4,25,269,4,7,3,7
2021,Ford,Escape AWD,SUV: Small,1.5,3,A8,X,9,7.6,8.4,34,198,6,7,6,8
2021,Chevrolet,Suburban 4WD (Without Stop-Start),SUV: Standard,6.2,8,A10,Z,17.5,12.6,15.3,18,357,2,3,1,5
2021,Ford,Expedition MAX 4X4,SUV: Standard,3.5,6,AS10,X,14.7,11.2,13.1,22,308,3,5,1,6
2021,Lexus,LS 500h AWD,Mid-size,3.5,6,AV10,Z,10.1,8.1,9.2,31,213,5,7,5,7
2021,Maserati,Quattroporte Trofeo,Full-size,3.8,8,A8,Z,17.4,11.9,14.9,19,348,2,1,1,6
2021,Porsche,Cayenne GTS,SUV: Standard,4,8,AS8,Z,15.8,12.3,14.2,20,331,3,3,1,5
2021,Chevrolet,Trailblazer AWD,SUV: Small,1.3,3,A9,X,8.9,7.8,8.4,34,196,6,7,6,8
2021,Porsche,Cayenne GTS Coupe,SUV: Standard,4,8,AS8,Z,15.2,12.4,14,20,326,3,3,1,5
2021,Porsche,718 Cayman T,Two-seater,2,4,AM7,Z,11.2,8.7,10.1,28,236,5,1,4,7
2021,Audi,Q3 40 TFSI quattro,SUV: Small,2,4,AS8,X,10.6,7.7,9.3,30,218,5,7,5,8
2021,Porsche,Cayenne S,SUV: Standard,2.9,6,AS8,Z,13.1,10.5,11.9,24,278,4,5,2,6
2021,GMC,Sierra 4WD FFV,Pickup truck: Standard,5.3,8,A6,X,16.5,12.8,14.8,19,347,2,3,1,5
2021,Toyota,RAV4 AWD,SUV: Small,2.5,4,AS8,X,9.4,7.1,8.4,34,195,6,6,6,8
2021,Toyota,Corolla,Compact,2,4,AV10,X,7.6,5.9,6.8,42,159,7,7,7,9
2021,BMW,430i xDrive Coupe,Subcompact,2,4,AS8,Z,10,7.1,8.7,32,202,6,7,5,8
2021,BMW,M8 Cabriolet,Subcompact,4.4,8,AS8,Z,16,11,13.8,20,323,3,3,1,6
2021,Audi,A7 Sportback 55 TFSI quattro,Mid-size,3,6,AM7,Z,10.9,8.2,9.7,29,227,5,5,4,7
2021,Mercedes-Benz,E 450 4MATIC Cabriolet,Subcompact,3,6,A9,Z,10.4,8,9.3,30,219,5,6,5,7
2021,Chevrolet,Colorado,Pickup truck: Small,3.6,6,A8,X,12.9,9.3,11.3,25,263,4,6,3,7
2021,Toyota,Corolla,Compact,1.8,4,M6,X,8,6,7.1,40,165,7,5,7,9
2021,Mercedes-Benz,AMG CLS 53 4MATIC+ Coupe,Compact,3,6,A9,Z,11.3,9,10.3,27,242,5,6,4,7
2021,BMW,X5 M,SUV: Standard,4.4,8,AS8,Z,17.9,13,15.7,18,364,2,3,1,5
2021,Mercedes-Benz,AMG GLC 63 S 4MATIC+ SUV,SUV: Small,4,8,A9,Z,15.7,10.9,13.5,21,319,3,5,1,6
2021,Lexus,NX 300 AWD F SPORT,SUV: Small,2,4,AS6,Z,10.8,8.9,9.9,29,232,5,3,4,7
2021,Hyundai,Santa Fe AWD,SUV: Small,2.5,4,AM8,X,11,8.5,9.9,29,233,5,5,4,7
2021,Ford,Transit Connect Wagon LWB FFV,Special purpose vehicle,2,4,AS8,E,13.7,11.1,12.5,23,208,6,5,5,6
2021,Toyota,Camry AWD LE/SE,Mid-size,2.5,4,AS8,X,9.3,6.8,8.2,34,190,6,6,6,8
2021,BMW,M8 Coupe,Subcompact,4.4,8,AS8,Z,16,11,13.8,20,323,3,3,1,6
2021,Nissan,Qashqai AWD,Station wagon: Small,2,4,AV8,X,9,7.6,8.4,34,197,6,5,6,8
2021,GMC,Sierra 4WD FFV,Pickup truck: Standard,5.3,8,A6,E,22,16.4,19.5,14,326,3,3,1,3
2021,GMC,Sierra 4WD (Without Stop-Start),Pickup truck: Standard,5.3,8,A10,X,15.3,11,13.3,21,313,3,5,1,6
2021,Cadillac,CT5-V,Mid-size,3,6,AS10,Z,12.7,8.7,10.9,26,256,4,5,3,7
2021,Porsche,911 Carrera,Minicompact,3,6,AM8,Z,13.1,9.8,11.6,24,275,4,5,3,7
2021,Volvo,S90 T6 AWD,Mid-size,2,4,AS8,Z,11.3,7.5,9.6,29,224,5,7,5,8
NA,SWB = Short wheelbase,NA,NA,NA,NA,NA,NA,NA,NA,NA,NA,NA,NA,NA,NA,NA
2021,Ford,Mustang Convertible,Subcompact,2.3,4,AS10,X,11.9,8.4,10.3,27,241,5,5,4,7
2021,Ram,1500 Classic,Pickup truck: Standard,3.6,6,A8,X,13.9,9.6,11.9,24,280,4,3,2,7
2021,BMW,X3 xDrive30i,SUV: Small,2,4,AS8,Z,10.2,8.2,9.3,30,217,5,7,5,7
2021,Alfa Romeo,Giulia Quadrifoglio,Mid-size,2.9,6,A8,Z,13.5,9.3,11.6,24,271,4,3,3,7
2021,Lincoln,Nautilus AWD,SUV: Small,2.7,6,AS8,X,12.6,9.3,11.1,25,262,4,5,3,7
2021,Genesis,G80 AWD,Full-size,3.5,6,AS8,Z,12.9,9,11.2,25,262,4,5,3,7
2021,Mercedes-Benz,AMG GT 53 4MATIC+ Coupe,Compact,3,6,A9,Z,11.9,9.6,10.9,26,255,4,6,3,7
2021,GMC,Sierra 4WD,Pickup truck: Standard,5.3,8,A10,X,14.3,10.7,12.7,22,298,3,5,2,6
2021,Hyundai,Kona AWD,SUV: Small,2,4,AS6,X,9.2,7.8,8.6,33,202,6,5,5,8
2021,Mercedes-Benz,AMG GLS 63 4MATIC+ SUV,SUV: Standard,4,8,A9,Z,16.3,12.9,14.8,19,347,2,3,1,5
2021,Audi,A8 L Sedan 55 TFSI quattro,Full-size,3,6,AS8,Z,13.5,8.9,11.5,25,267,4,5,3,7
2021,Mazda,CX-9 4WD,SUV: Small,2.5,4,AS6,X,11.6,9.1,10.5,27,244,5,5,4,7
2021,Mercedes-Benz,Metris Passenger Van,Special purpose vehicle,2,4,A9,Z,13.3,10.8,12.2,23,284,3,5,2,6
2021,Aston Martin,DB11 AMR,Minicompact,5.2,12,A8,Z,15.5,10.6,13.3,21,312,3,3,1,6
2021,GMC,Yukon 4WD (Without Stop-Start),SUV: Standard,6.2,8,A10,Z,17.5,12.6,15.3,18,357,2,3,1,5
2021,Rolls-Royce,Wraith,Mid-size,6.6,12,AS8,Z,19.6,12.8,16.5,17,387,1,3,1,5
2021,GMC,Yukon 4WD,SUV: Standard,5.3,8,A10,X,14.8,11.8,13.5,21,317,3,5,1,6
2021,Hyundai,Santa Fe,SUV: Small,2.5,4,AS8,X,9.6,8.5,9.1,31,214,5,7,5,7
2021,GMC,Terrain AWD,SUV: Small,1.5,4,A9,X,9.6,8.3,9,31,211,5,7,5,7
2021,Mercedes-Benz,AMG GT 63 4MATIC+ Coupe,Compact,4,8,A9,Z,15.6,11.5,13.7,21,322,3,5,1,6
2021,Jeep,Renegade 4X4,SUV: Small,2.4,4,A9,X,11.2,8.2,9.8,29,230,5,6,4,7
2021,Honda,Civic Sedan,Mid-size,1.5,4,AV7,X,7.8,6.2,7.1,40,165,7,3,7,9
2021,Mitsubishi,Mirage,Compact,1.2,3,M5,X,7.1,5.8,6.5,43,151,8,5,7,9
2021,Lamborghini,Aventador Roadster S,Two-seater,6.5,12,AM7,Z,27.3,15.9,22.2,13,515,1,1,1,4
2021,Chevrolet,Silverado 4WD FFV,Pickup truck: Standard,5.3,8,A6,E,22,16.4,19.5,14,326,3,3,1,3
2021,Mazda,Mazda3 4-Door,Compact,2.5,4,AS6,X,8.9,6.5,7.8,36,184,6,7,6,8
2021,Volvo,S60 T5,Compact,2,4,AS8,Z,10,6.8,8.6,33,200,6,5,6,8
2021,Lincoln,Aviator AWD,SUV: Standard,3,6,AS10,X,13.7,9.7,11.9,24,280,4,5,2,7
2021,GMC,Sierra (Without AFM),Pickup truck: Standard,5.3,8,A6,X,16.7,11.4,14.3,20,336,2,5,1,6
2021,BMW,X7 xDrive40i,SUV: Standard,3,6,AS8,Z,12.1,9.8,11.1,25,256,4,3,3,7
2021,GMC,Sierra 4WD,Pickup truck: Standard,5.3,8,A8,X,15.2,11.1,13.3,21,313,3,5,1,6
2021,Maserati,Ghibli Trofeo,Mid-size,3.8,8,A8,Z,17.4,11.9,14.9,19,348,2,1,1,6
2021,Ford,F-150 FFV 4X4,Pickup truck: Standard,3.3,6,AS10,E,17.2,13.1,15.4,18,252,4,6,3,5
2021,Dodge,Challenger SRT Hellcat,Mid-size,6.2,8,M6,Z,18.1,11.4,15.1,19,352,2,1,1,6
2021,Jaguar,F-TYPE P380 Coupe AWD,Two-seater,3,6,AS8,Z,13,9.2,11.3,25,265,4,7,3,7
2021,Porsche,Macan S,SUV: Small,2.9,6,AM7,Z,13.1,9.6,11.5,25,274,4,5,3,7
2021,Audi,RS Q8 quattro,SUV: Standard,4,8,AS8,Z,18,12.3,15.4,18,360,2,3,1,5
2021,Ford,Mustang,Subcompact,2.3,4,AS10,X,11,7.5,9.4,30,222,5,5,5,8
2021,BMW,M850i xDrive Cabriolet,Subcompact,4.4,8,AS8,Z,14,9.7,12,24,281,4,3,2,7
2021,BMW,X3 M Competition,SUV: Small,3,6,AS8,Z,16.6,12.1,14.6,19,339,2,3,1,5
2021,Ford,Explorer Timberline AWD,SUV: Standard,2.3,4,AS10,X,12.2,10.4,11.4,25,268,4,5,3,6
2021,Alfa Romeo,Giulia AWD,Mid-size,2,4,A8,Z,10.5,7.7,9.2,31,217,5,3,5,8
2021,Mercedes-Benz,AMG GLC 43 4MATIC Coupe,SUV: Small,3,6,A9,Z,13.5,9.6,11.7,24,277,4,5,2,7
2021,Porsche,Panamera 4S ST,Full-size,2.9,6,AM8,Z,13.8,10.2,12.2,23,292,3,5,2,6
Model,4WD/4X4 = Four-wheel drive,NA,NA,NA,NA,NA,NA,NA,NA,NA,NA,NA,NA,NA,NA,NA
2021,GMC,Sierra 4WD AT4 (Without DFM),Pickup truck: Standard,5.3,8,A8,X,17.4,11.7,14.8,19,348,2,5,1,6
2021,Mazda,Mazda3 5-Door,Mid-size,2.5,4,AS6,X,9.2,6.9,8.1,35,190,6,7,6,8
2021,Mercedes-Benz,AMG GT R Coupe,Two-seater,4,8,AM7,Z,16.4,12,14.4,20,339,2,3,1,5
2021,Porsche,Cayenne,SUV: Standard,3,6,AS8,Z,12.5,10.3,11.5,25,269,4,5,3,6
2021,GMC,Sierra 4WD (Without AFM),Pickup truck: Standard,5.3,8,A6,X,17.3,11.8,14.8,19,348,2,5,1,6
2021,Toyota,Corolla Hatchback,Compact,2,4,AV10,X,7.5,5.8,6.7,42,158,7,7,7,9
2021,Acura,TLX Type S (Performance Tire),Compact,3,6,AS10,Z,12.3,9.8,11.2,25,261,4,5,3,7
2021,Dodge,Challenger SRT Hellcat Widebody,Mid-size,6.2,8,M6,Z,18.1,11.4,15.1,19,352,2,1,1,6
2021,Kia,K5,Full-size,2.5,4,AM8,X,9.9,7.3,8.7,32,207,6,5,5,8
2021,Ford,F-150,Pickup truck: Standard,3.5,6,AS10,X,13.1,10,11.7,24,274,4,6,3,6
2021,Ram,1500 4X4 TRX,Pickup truck: Standard,6.2,8,A8,Z,22.4,16.5,19.8,14,465,1,1,1,3
2021,Rolls-Royce,Wraith Black Badge,Mid-size,6.6,12,AS8,Z,19.6,12.8,16.5,17,387,1,3,1,5
2021,Ford,Bronco Sasquatch 4WD,SUV: Small,2.7,6,AS10,X,14,13.9,13.9,20,327,3,6,1,5
2021,Dodge,Charger SRT Hellcat Widebody,Full-size,6.2,8,A8,Z,19,11.5,15.6,18,368,2,1,1,6
2021,Dodge,Charger,Full-size,3.6,6,A8,X,12.4,7.8,10.3,27,242,5,3,4,8
2021,Lexus,RX 350 AWD,SUV: Small,3.5,6,AS8,X,12.2,9,10.8,26,252,4,5,3,7
2021,Chevrolet,Suburban,SUV: Standard,3,6,A10,D,11.3,8.6,10.1,28,272,4,3,3,7
2021,Ford,Transit Connect Van,Special purpose vehicle,2,4,AS8,X,9.8,8.8,9.3,30,217,5,6,5,7
2021,BMW,X6 M,SUV: Standard,4.4,8,AS8,Z,17.9,13,15.7,18,364,2,3,1,5
2021,Hyundai,Elantra,Mid-size,1.6,4,AM7,X,8.4,6.6,7.6,37,179,7,5,6,8
2021,Audi,Q5 Sportback 45 TFSI quattro,SUV: Small,2,4,AM7,Z,10.1,8.3,9.3,30,217,5,5,5,7
2021,Mercedes-Benz,E 450 4MATIC Coupe,Subcompact,3,6,A9,Z,10.3,7.9,9.3,30,218,5,6,5,8
2021,Volkswagen,Jetta GLI,Compact,2,4,M6,X,9.7,7,8.5,33,198,6,7,6,8
2021,Chevrolet,Trax,SUV: Small,1.4,4,AS6,X,9.1,7.6,8.4,34,196,6,5,6,8
2021,Ford,F-150 FFV,Pickup truck: Standard,3.3,6,AS10,X,12,9.8,11,26,259,4,6,3,7
2021,Lexus,ES 350 F SPORT,Mid-size,3.5,6,AS8,X,10.9,7.5,9.4,30,219,5,5,5,8
2021,Mercedes-Benz,AMG GLA 45 4MATIC SUV,SUV: Small,2,4,AM8,Z,11.6,8.8,10.4,27,243,5,3,4,7
2021,BMW,X2 M35i,SUV: Small,2,4,AS8,Z,10,7.7,8.9,32,209,5,7,5,8
2021,GMC,Sierra (Without DFM),Pickup truck: Standard,5.3,8,A8,X,16,10.9,13.7,21,321,3,5,1,6
2021,Toyota,RAV4 (Stop/Start),SUV: Small,2.5,4,AS8,X,8.5,6.8,7.7,37,180,7,6,6,8
2021,Chevrolet,Colorado ZR2 4WD,Pickup truck: Small,3.6,6,A8,X,15,13,14.1,20,329,3,6,1,5
2021,Toyota,Camry XLE/XSE,Mid-size,2.5,4,AS8,X,8.6,6.3,7.6,37,177,7,7,6,9
2021,Lexus,RC 350 AWD,Subcompact,3.5,6,AS6,Z,12.2,9,10.8,26,253,4,5,3,7
2021,Chevrolet,Trax (SIDI),SUV: Small,1.4,4,AS6,X,9.7,7.3,8.6,33,203,6,7,5,8
2021,Mercedes-Benz,AMG GLE 63 S 4MATIC+ Coupe,SUV: Standard,4,8,A9,Z,16.3,12.8,14.7,19,347,2,3,1,5
2021,Audi,Q7 45 TFSI quattro,SUV: Standard,2,4,AS8,Z,12.4,10.1,11.3,25,264,4,3,3,6
2021,Ford,F-150,Pickup truck: Standard,2.7,6,AS10,X,12,9.3,10.8,26,253,4,6,3,7
2021,Aston Martin,Vantage V8,Two-seater,4,8,A8,Z,13.1,9.6,11.5,25,270,4,3,3,7
2021,GMC,Canyon 4WD,Pickup truck: Small,3.6,6,A8,X,14.9,10.9,13.1,22,306,3,6,1,6
2021,Kia,Seltos,SUV: Small,2,4,AV8,X,8.2,7.1,7.7,37,182,6,5,6,8
NA,M = manual,NA,NA,NA,NA,NA,NA,NA,NA,NA,NA,NA,NA,NA,NA,NA
2021,Lexus,LC 500,Subcompact,5,8,AS10,Z,15.1,9.6,12.6,22,294,3,5,2,7
2021,Chevrolet,Silverado,Pickup truck: Standard,3,6,A10,D,10.2,7.2,8.8,32,238,5,3,4,8
2021,Rolls-Royce,Ghost EWB,Full-size,6.7,12,AS8,Z,19.9,12.7,16.7,17,387,1,3,1,5
2021,GMC,Sierra 4WD,Pickup truck: Standard,4.3,6,A6,X,15.8,11.9,14,20,329,3,6,1,6
2021,Cadillac,CT4,Compact,2.7,4,AS10,Z,11,7.6,9.5,30,221,5,6,5,8
Fuel type,X = regular gasoline,NA,NA,NA,NA,NA,NA,NA,NA,NA,NA,NA,NA,NA,NA,NA
2021,GMC,Acadia AWD,SUV: Standard,2,4,A9,X,10.6,8.7,9.7,29,227,5,7,4,7
2021,Chevrolet,Silverado,Pickup truck: Standard,4.3,6,A6,X,15.1,11.5,13.5,21,318,3,6,1,6
2021,Ford,F-150 4X4,Pickup truck: Standard,2.7,6,AS10,X,12.8,10,11.5,25,271,4,6,3,6
2021,Volkswagen,Passat,Mid-size,2,4,AS6,X,9.8,6.6,8.3,34,195,6,7,6,8
2021,GMC,Yukon 4WD (Without Stop-Start),SUV: Standard,5.3,8,A10,X,15.5,12,13.9,20,327,3,5,1,5
2021,GMC,Sierra,Pickup truck: Standard,4.3,6,A6,X,15.1,11.5,13.5,21,318,3,6,1,6
2021,Audi,Q7 55 TFSI quattro,SUV: Standard,3,6,AS8,Z,13.4,10.4,12,24,281,4,5,2,6
2021,Porsche,911 Carrera S,Minicompact,3,6,M7,Z,12.8,9.4,11.3,25,264,4,5,3,7
2021,Ford,F-150 FFV 4X4 (Without Stop-Start),Pickup truck: Standard,5,8,AS10,X,15.4,11,13.4,21,315,3,5,1,6
2021,Land Rover,Range Rover Velar P400,SUV: Small,3,6,AS8,Z,12.6,9.6,11.3,25,265,4,7,3,7
2021,BMW,X6 M Competition,SUV: Standard,4.4,8,AS8,Z,17.9,13,15.7,18,364,2,3,1,5
2021,Lexus,IS 350 AWD,Compact,3.5,6,AS6,Z,12.2,9,10.8,26,253,4,5,3,7
2021,Jeep,Wrangler JL Unlimited 4X4 eTorque,SUV: Small,3.6,6,A8,X,12.3,9.9,11.2,25,262,4,5,3,7
2021,Honda,CR-V,SUV: Small,1.5,4,AV,X,8.3,7,7.7,37,180,7,6,6,8
2021,Chevrolet,Silverado 4WD,Pickup truck: Standard,4.3,6,A6,X,15.8,11.9,14,20,329,3,6,1,6
2021,Jeep,Cherokee,SUV: Small,2,4,A9,X,10.4,7.6,9.1,31,214,5,5,5,8
2021,Volkswagen,Golf GTI,Compact,2,4,M6,X,10.1,7.9,9.1,31,213,5,7,5,8
2021,Mercedes-Benz,AMG A 35 4MATIC Sedan,Subcompact,2,4,AM7,Z,10.7,8.2,9.5,30,224,5,5,5,7
2021,BMW,Alpina B7 xDrive,Full-size,4.4,8,AS8,Z,14,9.7,12,24,281,4,3,2,7
2021,Lamborghini,Urus,SUV: Standard,4,8,AS8,Z,19.2,14.1,16.9,17,384,1,3,1,4
2021,Porsche,718 Cayman GT4,Two-seater,4,6,M6,Z,14,10.1,12.2,23,286,3,5,2,6
2021,MINI,Cooper S Clubman ALL4,Mid-size,2,4,AS8,Z,10.1,7.4,8.9,32,207,6,7,5,8
2021,Acura,TLX SH-AWD A-SPEC,Compact,2,4,AS10,Z,11.3,8.1,9.8,29,231,5,7,4,7
2021,Buick,Enclave,SUV: Standard,3.6,6,A9,X,13,9.1,11.2,25,264,4,6,3,7
2021,Audi,S4 Sedan quattro,Compact,3,6,AS8,Z,11.5,8.5,10.1,28,237,5,5,4,7
2021,Hyundai,Veloster N,Compact,2,4,M6,Z,10.6,8.3,9.5,30,226,5,3,4,7
2021,Chevrolet,Traverse AWD,SUV: Standard,3.6,6,A9,X,13.6,9.6,11.8,24,277,4,6,2,7
2021,Ford,Mustang Convertible,Subcompact,2.3,4,M6,X,11.8,8.6,10.4,27,244,5,5,4,7
2021,Chevrolet,Silverado FFV,Pickup truck: Standard,5.3,8,A6,E,21.5,16,19,15,315,3,3,1,3
2021,Porsche,911 Carrera 4S Cabriolet,Minicompact,3,6,M7,Z,13.8,9.8,12,24,281,4,5,2,7
2021,Kia,Sportage AWD,SUV: Small,2,4,AS6,X,12.1,9.6,11,26,261,4,5,3,7
2021,Mazda,CX-30,SUV: Small,2,4,AS6,X,8.9,7.1,8.1,35,189,6,7,6,8
2021,Chevrolet,Silverado,Pickup truck: Standard,5.3,8,A6,X,15.8,11.4,13.8,20,325,3,5,1,6
2021,BMW,X4 M Competition,SUV: Small,3,6,AS8,Z,16.6,12.1,14.6,19,339,2,3,1,5
2021,Chevrolet,Silverado (Without AFM),Pickup truck: Standard,5.3,8,A6,X,16.7,11.4,14.3,20,336,2,5,1,6
2021,Honda,Insight EX,Mid-size,1.5,4,AV,X,4.6,5.3,4.9,58,115,9,7,9,10
2021,Land Rover,Defender 110 P300,SUV: Standard,2,4,AS8,Z,14.2,11.7,13,22,306,3,7,1,6
2021,Lincoln,Navigator 4X4,SUV: Standard,3.5,6,AS10,X,15,11.5,13.5,21,316,3,5,1,6
2021,Volkswagen,Golf GTI,Compact,2,4,AM7,X,9.7,7.3,8.6,33,201,6,7,5,8
2021,Mercedes-Benz,AMG GLA 35 4MATIC SUV,SUV: Small,2,4,AM8,Z,10.4,8.1,9.4,30,219,5,5,5,7
2021,Audi,SQ8 quattro,SUV: Standard,4,8,AS8,Z,16,11.4,13.9,20,324,3,3,1,6
2021,Ford,F-150 FFV,Pickup truck: Standard,3.3,6,AS10,E,16.6,12.6,14.8,19,242,5,6,4,5
2021,Volvo,XC90 T6 AWD,SUV: Standard,2,4,AS8,Z,12.1,8.5,10.5,27,245,5,7,4,7
2021,Audi,TT Roadster 45 TFSI quattro,Two-seater,2,4,AM7,X,10.4,7.8,9.2,31,216,5,7,5,8
2021,Lamborghini,Huracan,Two-seater,5.2,10,AM7,Z,18,12.9,15.7,18,370,2,1,1,5
2021,Land Rover,Range Rover Sport P525 Supercharged,SUV: Standard,5,8,AS8,Z,14,10.6,12.5,23,293,3,3,2,6
2021,Porsche,718 Cayman,Two-seater,2,4,M6,Z,11.7,8.9,10.5,27,245,5,1,4,7
2021,Mercedes-Benz,AMG CLA 35 4MATIC Coupe,Compact,2,4,AM7,Z,10.7,8.2,9.5,30,224,5,5,5,7
