Year,Make,Model,Vehicle Class,Engine Size (L),Cylinders,Transmission,Fuel Type,Fuel Consumption (City) (L/100 km),Fuel Consumption (Hwy) (L/100 km),Fuel Consumption (Comb) (L/100 km),Fuel Consumption (Comb) (mpg),CO2 Emissions (g/km),CO2 Rating,Smog Rating,CO2_Rating,Smog_Rating
2018,Acura,ILX,Compact,2.4,4,AM8,Z,9.4,6.8,8.2,34,192,6,3,6,8
2018,Acura,MDX SH-AWD,SUV: Small,3.5,6,AS9,Z,12.6,9,11,26,259,4,3,3,7
2018,Acura,MDX SH-AWD Elite,SUV: Small,3.5,6,AS9,Z,12.2,9,10.7,26,251,4,3,3,7
2018,Acura,MDX Hybrid AWD,SUV: Small,3,6,AM7,Z,9.1,9,9,31,210,5,3,5,7
2018,Acura,NSX,Two-seater,3.5,6,AM9,Z,11.1,10.8,11,26,261,4,3,3,6
2018,Acura,RDX AWD,SUV: Small,3.5,6,AS6,Z,12.4,8.7,10.7,26,250,4,3,4,7
2018,Acura,RLX Hybrid,Mid-size,3.5,6,AM7,Z,8.4,8.2,8.4,34,196,6,7,6,7
2018,Acura,TLX,Compact,2.4,4,AM8,Z,10,7.1,8.7,32,205,6,3,5,8
2018,Acura,TLX A-SPEC,Compact,2.4,4,AM8,Z,10.2,7.4,8.9,32,209,5,3,5,8
2018,Acura,TLX SH-AWD,Compact,3.5,6,AS9,Z,11.4,7.7,9.8,29,228,5,3,4,8
2018,Acura,TLX SH-AWD A-SPEC,Compact,3.5,6,AS9,Z,12,8.2,10.3,27,240,5,3,4,7
2018,Alfa Romeo,4C Coupe,Two-seater,1.8,4,AM6,Z,9.7,6.9,8.4,34,197,6,1,6,8
2018,Alfa Romeo,4C Spider,Two-seater,1.8,4,AM6,Z,9.7,6.9,8.4,34,197,6,1,6,8
2018,Alfa Romeo,Giulia,Mid-size,2,4,A8,Z,10,7.2,8.7,32,205,6,3,5,8
2018,Alfa Romeo,Giulia AWD,Mid-size,2,4,A8,Z,10.5,7.7,9.2,31,217,5,3,5,8
2018,Alfa Romeo,Giulia Quadrifoglio,Mid-size,2.9,6,A8,Z,13.8,9.6,11.9,24,280,4,3,2,7
2018,Alfa Romeo,Stelvio AWD,SUV: Small,2,4,A8,Z,10.8,8.3,9.6,29,226,5,3,4,7
2018,Alfa Romeo,Stelvio Quadrifoglio,SUV: Small,2.9,6,A8,Z,14.1,10.4,12.4,23,292,3,3,2,6
2018,Aston Martin,DB11 V8,Minicompact,4,8,A8,Z,13,9.8,11.5,25,271,4,3,3,7
2018,Aston Martin,DB11 V12,Minicompact,5.2,12,A8,Z,15.5,11.4,13.7,21,322,3,3,1,6
2018,Aston Martin,Rapide S,Subcompact,6,12,A8,Z,16.7,10.9,14.1,20,332,3,3,1,6
2018,Aston Martin,Vanquish,Minicompact,6,12,A8,Z,17.5,11.4,14.7,19,346,2,3,1,6
2018,Audi,A3,Subcompact,2,4,AM7,X,9.1,6.8,8,35,188,6,7,6,8
2018,Audi,A3 quattro,Subcompact,2,4,AM6,X,9.7,7.5,8.7,32,205,6,7,5,8
2018,Audi,A3 Cabriolet quattro,Subcompact,2,4,AM6,X,10.8,8,9.5,30,223,5,7,5,7
2018,Audi,A4,Compact,2,4,AM7,Z,8.6,6.4,7.6,37,177,7,3,6,9
2018,Audi,A4 quattro,Compact,2,4,AM7,Z,10,7,8.7,32,203,6,5,5,8
2018,Audi,A4 quattro,Compact,2,4,M6,Z,9.9,7.1,8.7,32,204,6,3,5,8
2018,Audi,A4 allroad quattro,Station wagon: Small,2,4,AM7,Z,10.5,7.9,9.3,30,217,5,5,5,8
2018,Audi,A5 quattro,Subcompact,2,4,AM7,Z,10,7,8.7,32,203,6,5,5,8
2018,Audi,A5 quattro,Subcompact,2,4,M6,Z,9.9,7.1,8.7,32,204,6,3,5,8
2018,Audi,A5 Cabriolet quattro,Subcompact,2,4,AM7,Z,10,7,8.7,32,203,6,5,5,8
2018,Audi,A5 Sportback quattro,Mid-size,2,4,AM7,Z,10,7,8.7,32,203,6,5,5,8
2018,Audi,A6 quattro,Mid-size,2,4,AS8,Z,10.6,7.5,9.2,31,216,5,5,5,8
2018,Audi,A6 quattro,Mid-size,3,6,AS8,Z,11.5,8.2,10,28,235,5,3,4,7
2018,Audi,A7 quattro,Mid-size,3,6,AS8,Z,11.5,8.2,10,28,235,5,3,4,7
2018,Audi,A8,Full-size,3,6,AS8,Z,12.6,8,10.5,27,247,4,3,4,7
2018,Audi,A8,Full-size,4,8,AS8,Z,15.1,9.1,12.4,23,290,3,3,2,7
2018,Audi,A8L,Full-size,4,8,AS8,Z,15.1,9.1,12.4,23,290,3,3,2,7
2018,Audi,Q3,Compact,2,4,AS6,Z,11.6,8.3,10.1,28,236,5,3,4,7
2018,Audi,Q3 quattro,Compact,2,4,AS6,Z,11.9,8.4,10.3,27,240,5,3,4,7
2018,Audi,Q5,SUV: Small,2,4,AS7,Z,10.4,8.6,9.6,29,226,5,3,4,7
2018,Audi,Q7,SUV: Standard,2,4,AS8,Z,12.2,9.5,11,26,258,4,3,3,7
2018,Audi,Q7,SUV: Standard,3,6,AS8,Z,12.6,9.4,11.1,25,260,4,3,3,7
2018,Audi,R8,Two-seater,5.2,10,AM7,Z,16,9.5,13.1,22,304,3,1,1,7
2018,Audi,R8 quattro,Two-seater,5.2,10,AM7,Z,17.1,11.3,14.5,19,338,2,1,1,6
2018,Audi,R8 Spyder,Two-seater,5.2,10,AM7,Z,17.1,11.3,14.5,19,338,2,1,1,6
2018,Audi,RS 3,Subcompact,2.5,5,AM7,Z,12.4,8.3,10.5,27,248,4,3,4,7
2018,Audi,RS 5,Subcompact,2.9,6,AM8,Z,12.9,8.9,11.1,25,260,4,5,3,7
2018,Audi,RS 7,Mid-size,4,8,AS8,Z,17,9.6,13.7,21,318,3,3,1,7
2018,Audi,S3,Subcompact,2,4,AM7,Z,10.6,8.3,9.6,29,223,5,3,5,7
2018,Audi,S4,Compact,3,6,AM8,Z,11.5,8,9.9,29,232,5,5,4,7
2018,Audi,S5,Subcompact,3,6,AM8,Z,11.5,8,9.9,29,232,5,5,4,7
2018,Audi,S5 Cabriolet,Subcompact,3,6,AM8,Z,11.9,8.1,10.2,28,239,5,5,4,7
2018,Audi,S5 Sportback,Mid-size,3,6,AM8,Z,11.5,8,9.9,29,232,5,5,4,7
2018,Audi,S6,Mid-size,4,8,AM7,Z,15,10,12.8,22,298,3,3,2,6
2018,Audi,S7,Mid-size,4,8,AM7,Z,15,10,12.8,22,298,3,3,2,6
2018,Audi,S8,Mid-size,4,8,AS8,Z,16.2,9.9,13.4,21,313,3,3,1,7
2018,Audi,SQ5,SUV: Small,3,6,AM8,Z,12.7,10,11.5,25,270,4,5,3,6
2018,Audi,TT Coupe quattro,Subcompact,2,4,AM6,X,10.1,7.8,9.1,31,209,5,7,5,8
2018,Audi,TT Roadster quattro,Two-seater,2,4,AM6,X,10.1,7.8,9.1,31,209,5,7,5,8
2018,Audi,TT RS,Subcompact,2.5,5,AM7,Z,12.3,8.2,10.5,27,245,5,3,4,7
2018,Audi,TTS Coupe,Subcompact,2,4,AM6,Z,10.3,8.6,9.5,30,222,5,3,5,7
2018,Bentley,Bentayga,SUV: Standard,6,12,AS8,Z,18.8,12.2,15.9,18,370,2,3,1,5
2018,Bentley,Continental GT Convertible,Compact,6,12,AS8,Z,20.4,12,16.6,17,389,1,1,1,5
2018,Bentley,Continental Supersports,Compact,6,12,AS8,Z,20.4,12,16.6,17,389,1,1,1,5
2018,Bentley,Flying Spur,Mid-size,4,8,AS8,Z,18.8,10.7,15.1,19,353,2,3,1,6
2018,Bentley,Flying Spur,Mid-size,6,12,AS8,Z,20.4,12,16.6,17,389,1,1,1,5
2018,Bentley,Mulsanne,Mid-size,6.8,8,AS8,Z,20.9,13,17.3,16,405,1,1,1,5
2018,BMW,230i xDrive Cabriolet,Subcompact,2,4,AS8,Z,10.2,7.2,8.9,32,208,6,7,5,8
2018,BMW,230i Coupe,Subcompact,2,4,AS8,Z,9.8,6.8,8.4,34,197,6,7,6,8
2018,BMW,230i Coupe,Subcompact,2,4,M6,Z,11.1,7.3,9.4,30,219,5,7,5,8
2018,BMW,230i xDrive Coupe,Subcompact,2,4,AS8,Z,9.9,7.1,8.6,33,202,6,7,5,8
2018,BMW,328d xDrive,Compact,2,4,AS8,D,7.8,5.9,7,40,184,7,3,6,9
2018,BMW,328d xDrive Touring,Station wagon: Small,2,4,AS8,D,7.8,5.9,7,40,184,7,3,6,9
2018,BMW,330i xDrive,Compact,2,4,AS8,Z,10.2,7.2,8.9,32,208,6,7,5,8
2018,BMW,330i xDrive Gran Turismo,Full-size,2,4,AS8,Z,10.2,7.2,8.9,32,208,6,7,5,8
2018,BMW,330i xDrive Touring,Station wagon: Small,2,4,AS8,Z,10.2,7.2,8.9,32,208,6,7,5,8
2018,BMW,340i,Compact,3,6,AS8,Z,9.2,6.2,7.8,36,183,7,3,6,9
2018,BMW,340i,Compact,3,6,M6,Z,12.1,8.1,10.3,27,240,5,3,4,7
2018,BMW,340i xDrive,Compact,3,6,AS8,Z,11.1,7.5,9.5,30,223,5,3,5,8
2018,BMW,340i xDrive,Compact,3,6,M6,Z,12.2,8.4,10.5,27,245,5,3,4,7
2018,BMW,340i xDrive Gran Turismo,Full-size,3,6,AS8,Z,11.8,7.9,10,28,235,5,3,4,8
2018,BMW,430i xDrive Cabriolet,Subcompact,2,4,AS8,Z,10.7,7.3,9.1,31,214,5,7,5,8
2018,BMW,430i xDrive Coupe,Compact,2,4,AS8,Z,10.2,7.2,8.9,32,208,6,7,5,8
2018,BMW,430i xDrive Gran Coupe,Compact,2,4,AS8,Z,10.2,7.2,8.9,32,208,6,7,5,8
2018,BMW,440i xDrive Cabriolet,Subcompact,3,6,AS8,Z,11.8,7.9,10,28,235,5,3,4,8
2018,BMW,440i Coupe,Compact,3,6,AS8,Z,9.2,6.2,7.8,36,183,7,3,6,9
2018,BMW,440i Coupe,Compact,3,6,M6,Z,12.1,8.1,10.3,27,240,5,3,4,7
2018,BMW,440i xDrive Coupe,Compact,3,6,AS8,Z,11.1,7.5,9.5,30,223,5,3,5,8
2018,BMW,440i xDrive Coupe,Compact,3,6,M6,Z,12.2,8.4,10.5,27,245,5,3,4,7
2018,BMW,440i xDrive Gran Coupe,Compact,3,6,AS8,Z,11.1,7.5,9.5,30,223,5,3,5,8
2018,BMW,530i xDrive,Mid-size,2,4,AS8,Z,10.2,7.2,8.9,32,208,6,7,5,8
2018,BMW,540i xDrive,Mid-size,3,6,AS8,Z,11.6,8.1,10,28,236,5,5,4,7
2018,BMW,640i xDrive Cabriolet,Subcompact,3,6,AS8,Z,12.3,8.4,10.5,27,248,4,3,4,7
2018,BMW,640i xDrive Gran Coupe,Compact,3,6,AS8,Z,12.3,8.4,10.5,27,248,4,3,4,7
2018,BMW,640i xDrive Gran Turismo,Full-size,3,6,AS8,Z,11.9,8.4,10.3,27,241,5,5,4,7
2018,BMW,650i xDrive Cabriolet,Subcompact,4.4,8,AS8,Z,14.7,9.6,12.4,23,292,3,3,2,7
2018,BMW,650i xDrive Coupe,Subcompact,4.4,8,AS8,Z,14,10,12.2,23,286,3,3,2,6
2018,BMW,650i xDrive Gran Coupe,Compact,4.4,8,AS8,Z,14.7,9.6,12.4,23,292,3,3,2,7
2018,BMW,750i xDrive,Full-size,4.4,8,AS8,Z,14.7,9.6,12.4,23,292,3,3,2,7
2018,BMW,750i xDrive SWB,Full-size,4.4,8,AS8,Z,14.3,9.4,12.1,23,283,4,3,2,7
2018,BMW,Alpina B6 xDrive Gran Coupe,Compact,4.4,8,AS8,Z,14.7,9.6,12.4,23,292,3,3,2,7
2018,BMW,M2,Subcompact,3,6,AM7,Z,11.8,8.9,10.5,27,245,5,3,4,7
2018,BMW,M2,Subcompact,3,6,M6,Z,13.1,9.2,11.4,25,267,4,3,3,7
2018,BMW,M240i Cabriolet,Subcompact,3,6,AS8,Z,10.9,7.7,9.5,30,222,5,3,5,8
2018,BMW,M240i Cabriolet,Subcompact,3,6,M6,Z,12.7,8.7,10.9,26,255,4,3,3,7
2018,BMW,M240i xDrive Cabriolet,Subcompact,3,6,AS8,Z,11.2,7.8,9.7,29,227,5,3,4,8
2018,BMW,M240i Coupe,Subcompact,3,6,AS8,Z,10.9,7.7,9.5,30,222,5,3,5,8
2018,BMW,M240i Coupe,Subcompact,3,6,M6,Z,12.5,8.4,10.7,26,249,4,3,4,7
2018,BMW,M240i xDrive Coupe,Subcompact,3,6,AS8,Z,11.2,7.8,9.7,29,227,5,3,4,8
2018,BMW,M3,Compact,3,6,AM7,Z,13.5,9.9,11.9,24,280,4,3,2,7
2018,BMW,M3,Compact,3,6,M6,Z,13.5,9.3,11.6,24,273,4,3,3,7
2018,BMW,M4 Cabriolet,Subcompact,3,6,AM7,Z,14.5,10.5,12.7,22,299,3,3,2,6
2018,BMW,M4 Cabriolet,Subcompact,3,6,M6,Z,13.8,9.4,11.9,24,280,4,3,2,7
2018,BMW,M4 Coupe,Compact,3,6,AM7,Z,13.5,9.9,11.9,24,280,4,3,2,7
2018,BMW,M4 Coupe,Compact,3,6,M6,Z,13.5,9.3,11.6,24,273,4,3,3,7
2018,BMW,M550i xDrive,Mid-size,4.4,8,AS8,Z,14.3,9.4,12.1,23,283,4,3,2,7
2018,BMW,M6 Cabriolet,Subcompact,4.4,8,AM7,Z,17.3,11.6,14.7,19,344,2,3,1,6
2018,BMW,M6 Cabriolet,Subcompact,4.4,8,M6,Z,16.2,10.9,13.8,20,324,3,3,1,6
2018,BMW,M6 Coupe,Subcompact,4.4,8,AM7,Z,17.3,11.6,14.7,19,344,2,3,1,6
2018,BMW,M6 Coupe,Subcompact,4.4,8,M6,Z,16.2,10.9,13.8,20,324,3,3,1,6
2018,BMW,M6 Gran Coupe,Compact,4.4,8,AM7,Z,17.3,11.6,14.7,19,344,2,3,1,6
2018,BMW,M6 Gran Coupe,Compact,4.4,8,M6,Z,16.2,10.9,13.8,20,324,3,3,1,6
2018,BMW,M760i xDrive,Full-size,6.6,12,AS8,Z,17.7,11.9,15.1,19,355,2,3,1,6
2018,BMW,X1 xDrive28i,SUV: Small,2,4,AS8,Z,10.7,7.5,9.3,30,217,5,7,5,8
2018,BMW,X2 xDrive28i,SUV: Small,2,4,AS8,Z,11,7.7,9.5,30,222,5,7,5,8
2018,BMW,X3 xDrive30i,SUV: Small,2,4,AS8,Z,10.8,8,9.5,30,223,5,7,5,7
2018,BMW,X3 M40i,SUV: Small,3,6,AS8,Z,11.7,8.6,10.3,27,241,5,5,4,7
2018,BMW,X4 xDrive28i,SUV: Small,2,4,AS8,Z,11.8,8.6,10.3,27,240,5,3,4,7
2018,BMW,X4 M40i,SUV: Small,3,6,AS8,Z,12.9,9.5,11.4,25,266,4,3,3,7
2018,BMW,X5 xDrive35d,SUV: Standard,3,6,AS8,D,10.3,8,9.3,30,246,4,3,4,7
2018,BMW,X5 xDrive35i,SUV: Standard,3,6,AS8,Z,13,9.8,11.5,25,270,4,3,3,7
2018,BMW,X5 xDrive50i,SUV: Standard,4.4,8,AS8,Z,15.4,11.2,13.5,21,317,3,3,1,6
2018,BMW,X5 M,SUV: Standard,4.4,8,AS8,Z,16.6,12.1,14.6,19,341,2,3,1,5
2018,BMW,X6 xDrive35i,SUV: Standard,3,6,AS8,Z,13,9.8,11.5,25,270,4,3,3,7
2018,BMW,X6 xDrive50i,SUV: Standard,4.4,8,AS8,Z,15.4,11.2,13.5,21,317,3,3,1,6
2018,BMW,X6 M,SUV: Standard,4.4,8,AS8,Z,16.6,12.1,14.6,19,341,2,3,1,5
2018,Bugatti,Chiron,Two-seater,8,16,AM7,Z,26.8,16.6,22.2,13,522,1,1,1,3
2018,Buick,Enclave,SUV: Standard,3.6,6,AS9,X,12.9,9,11.2,25,263,4,5,3,7
2018,Buick,Enclave AWD,SUV: Standard,3.6,6,AS9,X,13.8,9.4,11.8,24,277,4,5,2,7
2018,Buick,Encore,SUV: Small,1.4,4,AS6,X,9.3,7.2,8.3,34,194,6,3,6,8
2018,Buick,Encore (SIDI with Stop/Start),SUV: Small,1.4,4,AS6,X,8.6,7.1,7.9,36,185,7,3,6,8
2018,Buick,Encore AWD,SUV: Small,1.4,4,AS6,X,9.9,7.8,8.9,32,210,5,3,5,8
2018,Buick,Encore AWD (SIDI with Stop/Start),SUV: Small,1.4,4,AS6,X,9,7.6,8.3,34,196,6,3,6,8
2018,Buick,Envision AWD,SUV: Small,2,4,A6,Z,11.8,9.1,10.6,27,248,4,3,4,7
2018,Buick,Envision AWD,SUV: Small,2.5,4,A6,X,11.1,8.6,10,28,234,5,5,4,7
2018,Buick,Lacrosse,Mid-size,3.6,6,AS9,X,11.3,7.9,9.7,29,228,5,5,4,8
2018,Buick,Lacrosse eAssist,Mid-size,2.5,4,A6,X,9.3,6.7,8.1,35,190,6,5,6,8
2018,Buick,Lacrosse AWD,Mid-size,3.6,6,AS9,X,11.8,8,10.1,28,237,5,5,4,7
2018,Buick,Regal,Full-size,2,4,AS9,Z,10.7,7.4,9.2,31,217,5,5,5,8
2018,Buick,Regal AWD,Full-size,2,4,AS8,Z,11,8,9.6,29,227,5,5,4,7
2018,Buick,Regal AWD,Full-size,3.6,6,AS9,X,12.4,8.7,10.7,26,250,4,5,4,7
2018,Cadillac,ATS,Compact,2,4,AS8,Z,10.5,7.7,9.2,31,216,5,5,5,8
2018,Cadillac,ATS,Compact,2,4,M6,Z,12,8.2,10.3,27,240,5,5,4,7
2018,Cadillac,ATS,Compact,3.6,6,AS8,X,11.6,8,10,28,234,5,5,4,7
2018,Cadillac,ATS AWD,Compact,2,4,AS8,Z,10.8,7.9,9.5,30,222,5,5,5,8
2018,Cadillac,ATS AWD,Compact,3.6,6,AS8,X,12.1,8.6,10.5,27,247,4,5,4,7
2018,Cadillac,ATS-V,Compact,3.6,6,AS8,Z,13.9,9.4,11.9,24,291,3,3,2,7
2018,Cadillac,ATS-V,Compact,3.6,6,M6,Z,14.4,10.4,12.6,22,295,3,3,2,6
2018,Cadillac,CT6,Full-size,2,4,AS8,Z,11,7.8,9.5,30,224,5,5,5,8
2018,Cadillac,CT6 AWD,Full-size,3,6,AS8,Z,13,9.1,11.2,25,263,4,3,3,7
2018,Cadillac,CT6 AWD,Full-size,3.6,6,AS8,X,13,8.9,11.1,25,261,4,5,3,7
2018,Cadillac,CTS,Mid-size,2,4,AS8,Z,11,7.8,9.5,30,224,5,5,5,8
2018,Cadillac,CTS,Mid-size,3.6,6,AS8,X,11.6,8,10,28,234,5,5,4,7
2018,Cadillac,CTS AWD,Mid-size,2,4,AS8,Z,11.2,8.2,9.8,29,229,5,5,4,7
2018,Cadillac,CTS AWD,Mid-size,3.6,6,AS8,X,12.1,8.6,10.5,27,247,4,5,4,7
2018,Cadillac,CTS Vsport,Mid-size,3.6,6,AS8,Z,15,9.9,12.7,22,311,3,3,1,7
2018,Cadillac,CTS-V,Mid-size,6.2,8,AS8,Z,16.5,11.1,14,20,329,3,1,1,6
2018,Cadillac,Escalade 4WD,SUV: Standard,6.2,8,A10,Z,16.6,10.9,14,20,329,3,3,1,6
2018,Cadillac,XT5,SUV: Small,3.6,6,AS8,X,12.1,8.9,10.6,27,250,4,5,4,7
2018,Cadillac,XT5 AWD,SUV: Small,3.6,6,AS8,X,12.8,9.3,11.2,25,263,4,5,3,7
2018,Cadillac,XTS,Full-size,3.6,6,AS6,X,13.2,8.5,11.1,25,260,4,5,3,7
2018,Cadillac,XTS AWD,Full-size,3.6,6,AS6,X,13.7,9,11.6,24,272,4,5,3,7
2018,Cadillac,XTS Vsport AWD,Full-size,3.6,6,AS6,Z,15,10.2,12.8,22,302,3,3,1,6
2018,Chevrolet,Camaro,Subcompact,2,4,AS8,Z,10.8,7.6,9.4,30,220,5,5,5,8
2018,Chevrolet,Camaro,Subcompact,2,4,M6,Z,11.9,7.9,10.1,28,235,5,5,4,8
2018,Chevrolet,Camaro,Subcompact,3.6,6,AS8,X,12.3,8.2,10.4,27,246,5,5,4,7
2018,Chevrolet,Camaro,Subcompact,3.6,6,M6,X,14.4,8.4,11.7,24,274,4,5,3,7
2018,Chevrolet,Camaro SS,Subcompact,6.2,8,AS8,Z,14.2,8.7,11.7,24,273,4,1,3,7
2018,Chevrolet,Camaro SS,Subcompact,6.2,8,M6,Z,14.3,9.4,12.1,23,284,3,1,2,7
2018,Chevrolet,Camaro ZL1,Subcompact,6.2,8,AS10,Z,18.8,11.3,15.4,18,361,2,1,1,6
2018,Chevrolet,Camaro ZL1,Subcompact,6.2,8,M6,Z,17.1,12,14.8,19,348,2,1,1,5
2018,Chevrolet,City Express,Special purpose vehicle,2,4,AV,X,9.8,8.8,9.3,30,218,5,3,5,7
2018,Chevrolet,Colorado,Pickup truck: Small,2.5,4,A6,X,12.1,9.2,10.8,26,253,4,5,3,7
2018,Chevrolet,Colorado,Pickup truck: Small,2.5,4,M6,X,11.9,9.2,10.7,26,251,4,5,3,7
2018,Chevrolet,Colorado,Pickup truck: Small,2.8,4,A6,D,10.8,8,9.6,29,257,4,3,3,7
2018,Chevrolet,Colorado,Pickup truck: Small,3.6,6,A8,X,13.4,9.6,11.7,24,274,4,5,3,7
2018,Chevrolet,Colorado 4WD,Pickup truck: Small,2.5,4,A6,X,12.6,9.8,11.3,25,266,4,5,3,7
2018,Chevrolet,Colorado 4WD,Pickup truck: Small,2.8,4,A6,D,12.1,8.3,10.4,27,279,4,3,2,7
2018,Chevrolet,Colorado 4WD,Pickup truck: Small,3.6,6,A8,X,14.1,10,12.2,23,288,3,5,2,6
2018,Chevrolet,Colorado ZR2 4WD,Pickup truck: Small,2.8,4,A6,D,12.5,10.7,11.7,24,315,3,3,1,6
2018,Chevrolet,Colorado ZR2 4WD,Pickup truck: Small,3.6,6,A8,X,15,13,14.1,20,331,3,5,1,5
2018,Chevrolet,Corvette,Two-seater,6.2,8,AS8,Z,15.5,9.2,12.7,22,297,3,1,2,7
2018,Chevrolet,Corvette,Two-seater,6.2,8,M7,Z,14.2,9,11.9,24,278,4,1,2,7
2018,Chevrolet,Corvette Z06,Two-seater,6.2,8,AS8,Z,17.6,10.3,14.3,20,336,2,1,1,6
2018,Chevrolet,Corvette Z06,Two-seater,6.2,8,M7,Z,15.6,10.6,13.4,21,312,3,1,1,6
2018,Chevrolet,Cruze,Compact,1.4,4,AS6,X,8,5.9,7.1,40,166,8,6,7,9
2018,Chevrolet,Cruze,Compact,1.4,4,M6,X,8.6,5.8,7.4,38,172,7,6,7,9
2018,Chevrolet,Cruze Premier,Compact,1.4,4,AS6,X,8.1,6,7.2,39,169,8,6,7,9
2018,Chevrolet,Cruze Diesel,Compact,1.6,4,A9,D,7.7,5,6.5,43,175,7,3,7,9
2018,Chevrolet,Cruze Diesel,Compact,1.6,4,M6,D,7.8,4.6,6.3,45,170,7,3,7,10
2018,Chevrolet,Cruze Hatchback,Mid-size,1.4,4,AS6,X,8.1,6.2,7.3,39,172,7,6,7,9
2018,Chevrolet,Cruze Hatchback,Mid-size,1.4,4,M6,X,8.6,6.2,7.5,38,175,7,6,7,9
2018,Chevrolet,Cruze Hatchback Premier,Mid-size,1.4,4,AS6,X,8.4,6.4,7.5,38,176,7,6,6,9
2018,Chevrolet,Cruze Hatchback Diesel,Mid-size,1.6,4,A9,D,7.8,5.2,6.6,43,178,7,3,6,9
2018,Chevrolet,Cruze Hatchback Diesel,Mid-size,1.6,4,M6,D,8.1,4.9,6.7,42,180,7,3,6,10
2018,Chevrolet,Equinox,SUV: Small,1.5,4,A6,X,9.2,7.3,8.3,34,195,6,5,6,8
2018,Chevrolet,Equinox,SUV: Small,1.6,4,A6,D,8.5,6,7.4,38,198,6,3,6,9
2018,Chevrolet,Equinox AWD,SUV: Small,1.5,4,A6,X,9.8,7.9,8.9,32,209,5,5,5,8
2018,Chevrolet,Equinox AWD,SUV: Small,1.6,4,A6,D,8.5,6.1,7.4,38,198,6,3,6,9
2018,Chevrolet,Equinox AWD,SUV: Small,2,4,A9,Z,10.9,8.3,9.7,29,228,5,5,4,7
2018,Chevrolet,Impala,Full-size,2.5,4,AS6,X,10.9,7.9,9.5,30,224,5,3,5,8
2018,Chevrolet,Impala FFV,Full-size,3.6,6,AS6,X,12.7,8.5,10.8,26,254,4,5,3,7
2018,Chevrolet,Impala FFV,Full-size,3.6,6,AS6,E,17.2,11.6,14.6,19,245,5,5,4,6
2018,Chevrolet,Malibu,Mid-size,1.5,4,A6,X,8.8,6.5,7.8,36,181,7,6,6,8
2018,Chevrolet,Malibu,Mid-size,2,4,A9,Z,10.5,7.4,9.1,31,213,5,5,5,8
2018,Chevrolet,Malibu Hybrid,Mid-size,1.8,4,AV,X,4.8,5.5,5.1,55,121,10,3,9,10
2018,Chevrolet,Silverado FFV,Pickup truck: Standard,4.3,6,A6,X,13.4,10,11.8,24,278,4,5,2,6
2018,Chevrolet,Silverado FFV,Pickup truck: Standard,4.3,6,A6,E,19.3,14.4,17.1,17,284,3,5,2,4
2018,Chevrolet,Silverado,Pickup truck: Standard,5.3,8,A6,X,14.6,10.3,12.7,22,298,3,3,2,6
2018,Chevrolet,Silverado FFV,Pickup truck: Standard,5.3,8,A6,X,14.6,10.3,12.7,22,298,3,3,2,6
2018,Chevrolet,Silverado FFV,Pickup truck: Standard,5.3,8,A6,E,19.7,13.9,17.1,17,283,4,3,2,5
2018,Chevrolet,Silverado,Pickup truck: Standard,5.3,8,A8,X,14.9,10.9,13.1,22,307,3,3,1,6
2018,Chevrolet,Silverado eAssist,Pickup truck: Standard,5.3,8,A8,X,13.4,10,11.8,24,278,4,3,2,6
2018,Chevrolet,Silverado,Pickup truck: Standard,6.2,8,A8,Z,15.9,11.2,13.8,20,324,3,3,1,6
2018,Chevrolet,Silverado 4WD FFV,Pickup truck: Standard,4.3,6,A6,X,14.1,10.6,12.5,23,294,3,5,2,6
2018,Chevrolet,Silverado 4WD FFV,Pickup truck: Standard,4.3,6,A6,E,20.2,15.2,18,16,296,3,5,2,4
2018,Chevrolet,Silverado 4WD,Pickup truck: Standard,5.3,8,A6,X,15,10.7,13.1,22,307,3,3,1,6
2018,Chevrolet,Silverado 4WD FFV,Pickup truck: Standard,5.3,8,A6,X,15,10.7,13.1,22,307,3,3,1,6
2018,Chevrolet,Silverado 4WD FFV,Pickup truck: Standard,5.3,8,A6,E,21,15,18.3,15,309,3,3,1,4
2018,Chevrolet,Silverado 4WD,Pickup truck: Standard,5.3,8,A8,X,15.6,11.6,13.8,20,324,3,3,1,6
2018,Chevrolet,Silverado eAssist 4WD,Pickup truck: Standard,5.3,8,A8,X,14.4,11.2,13,22,304,3,3,1,6
2018,Chevrolet,Silverado 4WD,Pickup truck: Standard,6.2,8,A8,Z,16,11.7,14.1,20,331,3,3,1,6
2018,Chevrolet,Sonic,Compact,1.4,4,AS6,X,8.8,6.6,7.8,36,184,7,3,6,8
2018,Chevrolet,Sonic,Compact,1.4,4,M6,X,8.4,6.3,7.4,38,174,7,3,7,9
2018,Chevrolet,Sonic,Compact,1.8,4,AS6,X,9.3,7,8.3,34,193,6,5,6,8
2018,Chevrolet,Sonic,Compact,1.8,4,M5,X,9.2,6.8,8.1,35,190,6,5,6,8
2018,Chevrolet,Sonic 5,Station wagon: Small,1.4,4,AS6,X,8.8,6.6,7.8,36,184,7,3,6,8
2018,Chevrolet,Sonic 5,Station wagon: Small,1.4,4,M6,X,8.4,6.3,7.4,38,174,7,3,7,9
2018,Chevrolet,Sonic 5,Station wagon: Small,1.8,4,AS6,X,9.3,7,8.3,34,193,6,5,6,8
2018,Chevrolet,Sonic 5,Station wagon: Small,1.8,4,M5,X,9.2,6.8,8.1,35,190,6,5,6,8
2018,Chevrolet,Spark,Subcompact,1.4,4,AV,X,7.8,6.2,7.1,40,167,8,5,7,9
2018,Chevrolet,Spark,Subcompact,1.4,4,M5,X,8,6,7.1,40,166,8,5,7,9
2018,Chevrolet,Suburban,SUV: Standard,5.3,8,A6,X,15.1,10.4,13,22,305,3,3,1,6
2018,Chevrolet,Suburban FFV,SUV: Standard,5.3,8,A6,X,15.1,10.4,13,22,305,3,3,1,6
2018,Chevrolet,Suburban FFV,SUV: Standard,5.3,8,A6,E,19.8,13.9,17.2,16,285,3,3,2,5
2018,Chevrolet,Suburban 4WD,SUV: Standard,5.3,8,A6,X,15.3,10.9,13.3,21,313,3,3,1,6
2018,Chevrolet,Suburban 4WD FFV,SUV: Standard,5.3,8,A6,X,15.3,10.9,13.3,21,312,3,3,1,6
2018,Chevrolet,Suburban 4WD FFV,SUV: Standard,5.3,8,A6,E,22.3,15.7,19.3,15,321,3,3,1,4
2018,Chevrolet,Tahoe,SUV: Standard,5.3,8,A6,X,15.1,10.4,13,22,305,3,3,1,6
2018,Chevrolet,Tahoe FFV,SUV: Standard,5.3,8,A6,X,15.1,10.4,13,22,305,3,3,1,6
2018,Chevrolet,Tahoe FFV,SUV: Standard,5.3,8,A6,E,19.8,13.9,17.2,16,285,3,3,2,5
2018,Chevrolet,Tahoe 4WD,SUV: Standard,5.3,8,A6,X,15.2,10.8,13.2,21,310,3,3,1,6
2018,Chevrolet,Tahoe 4WD FFV,SUV: Standard,5.3,8,A6,X,15.2,10.8,13.2,21,310,3,3,1,6
2018,Chevrolet,Tahoe 4WD FFV,SUV: Standard,5.3,8,A6,E,20.8,14.5,18,16,299,3,3,2,4
2018,Chevrolet,Tahoe 4WD,SUV: Standard,6.2,8,A10,Z,16.4,10.7,13.8,20,325,3,3,1,6
2018,Chevrolet,Traverse,SUV: Standard,2,4,A9,Z,11.7,9,10.5,27,246,4,5,4,7
2018,Chevrolet,Traverse,SUV: Standard,3.6,6,AS9,X,12.9,8.7,11,26,258,4,5,3,7
2018,Chevrolet,Traverse AWD,SUV: Standard,3.6,6,AS9,X,13.7,9.4,11.8,24,276,4,5,2,7
2018,Chevrolet,Trax,SUV: Small,1.4,4,AS6,X,9.3,7.2,8.3,34,194,6,3,6,8
2018,Chevrolet,Trax,SUV: Small,1.4,4,M6,X,9.2,7.1,8.2,34,194,6,3,6,8
2018,Chevrolet,Trax 4WD,SUV: Small,1.4,4,AS6,X,9.9,7.8,8.9,32,210,5,3,5,8
2018,Chrysler,300,Full-size,3.6,6,A8,X,12.4,7.8,10.3,27,242,5,3,4,8
2018,Chrysler,300 FFV,Full-size,3.6,6,A8,X,12.4,7.8,10.3,27,242,5,3,4,8
2018,Chrysler,300 FFV,Full-size,3.6,6,A8,E,17.1,10.6,14.2,20,234,5,3,4,6
2018,Chrysler,300,Full-size,5.7,8,A8,X,14.7,9.4,12.3,23,289,3,3,2,7
2018,Chrysler,300 AWD,Full-size,3.6,6,A8,X,12.8,8.7,11,26,258,4,3,3,7
2018,Chrysler,300 AWD FFV,Full-size,3.6,6,A8,X,12.8,8.7,11,26,258,4,3,3,7
2018,Chrysler,300 AWD FFV,Full-size,3.6,6,A8,E,17.6,12,15,19,248,4,3,4,5
2018,Chrysler,Pacifica,Minivan,3.6,6,A9,X,12.9,8.4,10.9,26,259,4,3,3,7
2018,Chrysler,Pacifica (Stop-Start),Minivan,3.6,6,A9,X,12.4,8.4,10.6,27,249,4,3,4,7
2018,Dodge,Challenger,Mid-size,3.6,6,A8,X,12.4,7.8,10.3,27,242,5,3,4,8
2018,Dodge,Challenger (MDS),Mid-size,5.7,8,A8,X,14.7,9.4,12.3,23,289,3,3,2,7
2018,Dodge,Challenger,Mid-size,5.7,8,M6,Z,15.6,10.1,13.1,22,307,3,1,1,6
2018,Dodge,Challenger (MDS),Mid-size,6.4,8,A8,Z,15.6,9.6,12.9,22,302,3,1,1,7
2018,Dodge,Challenger,Mid-size,6.4,8,M6,Z,16.7,10.4,13.9,20,325,3,1,1,6
2018,Dodge,Challenger GT AWD,Mid-size,3.6,6,A8,X,12.8,8.7,11,26,258,4,3,3,7
2018,Dodge,Challenger GT AWD FFV,Mid-size,3.6,6,A8,X,12.8,8.7,11,26,258,4,3,3,7
2018,Dodge,Challenger GT AWD FFV,Mid-size,3.6,6,A8,E,17.6,12,15,19,248,4,3,4,5
2018,Dodge,Challenger SRT,Mid-size,6.4,8,M6,Z,16.7,10.4,13.9,20,325,3,1,1,6
2018,Dodge,Challenger SRT (MDS),Mid-size,6.4,8,A8,Z,15.6,9.6,12.9,22,302,3,1,1,7
2018,Dodge,Challenger SRT Demon,Mid-size,6.2,8,A8,Z,17.6,10.7,14.5,19,339,2,1,1,6
2018,Dodge,Challenger SRT Hellcat,Mid-size,6.2,8,A8,Z,17.6,10.7,14.5,19,339,2,1,1,6
2018,Dodge,Challenger SRT Hellcat,Mid-size,6.2,8,M6,Z,18.1,11.4,15.1,19,352,2,1,1,6
2018,Dodge,Charger,Full-size,3.6,6,A5,X,13.7,9,11.6,24,271,4,3,3,7
2018,Dodge,Charger FFV,Full-size,3.6,6,A5,X,13.7,9,11.6,24,271,4,3,3,7
2018,Dodge,Charger FFV,Full-size,3.6,6,A5,E,18.9,12.7,16.1,18,268,4,3,3,5
2018,Dodge,Charger,Full-size,3.6,6,A8,X,12.4,7.8,10.3,27,242,5,3,4,8
2018,Dodge,Charger FFV,Full-size,3.6,6,A8,X,12.4,7.8,10.3,27,242,5,3,4,8
2018,Dodge,Charger FFV,Full-size,3.6,6,A8,E,17.1,10.6,14.2,20,234,5,3,4,6
2018,Dodge,Charger (MDS),Full-size,5.7,8,A5,X,15.6,9.7,12.9,22,302,3,3,1,7
2018,Dodge,Charger (MDS),Full-size,5.7,8,A8,X,14.7,9.4,12.3,23,289,3,3,2,7
2018,Dodge,Charger (MDS),Full-size,6.4,8,A8,Z,15.6,9.6,12.9,22,302,3,1,1,7
2018,Dodge,Charger AWD,Full-size,3.6,6,A8,X,12.8,8.7,11,26,258,4,3,3,7
2018,Dodge,Charger AWD FFV,Full-size,3.6,6,A8,X,12.8,8.7,11,26,258,4,3,3,7
2018,Dodge,Charger AWD FFV,Full-size,3.6,6,A8,E,17.6,12,15,19,248,4,3,4,5
2018,Dodge,Charger AWD (MDS),Full-size,5.7,8,A5,X,16,10.1,13.3,21,312,3,3,1,6
2018,Dodge,Charger SRT (MDS),Full-size,6.4,8,A8,Z,15.6,9.6,12.9,22,302,3,1,1,7
2018,Dodge,Charger SRT Hellcat,Full-size,6.2,8,A8,Z,17.6,10.7,14.5,19,339,2,1,1,6
2018,Dodge,Durango AWD,SUV: Standard,3.6,6,A8,X,12.7,9.6,11.3,25,265,4,5,3,7
2018,Dodge,Durango AWD,SUV: Standard,5.7,8,A8,X,16.7,10.9,14.1,20,331,3,3,1,6
2018,Dodge,Durango AWD SRT,SUV: Standard,6.4,8,A8,Z,18.3,12.2,15.6,18,363,2,1,1,5
2018,Dodge,Grand Caravan FFV,Minivan,3.6,6,A6,X,13.7,9.4,11.8,24,276,4,3,2,7
2018,Dodge,Grand Caravan FFV,Minivan,3.6,6,A6,E,19.4,13.3,16.7,17,274,4,3,3,5
2018,Dodge,Journey,SUV: Small,2.4,4,A4,X,12.7,9.2,11.1,25,261,4,3,3,7
2018,Dodge,Journey FFV,SUV: Small,3.6,6,A6,X,14.2,9.5,12.1,23,284,4,3,2,7
2018,Dodge,Journey FFV,SUV: Small,3.6,6,A6,E,19.1,13.2,16.4,17,274,4,3,3,5
2018,Dodge,Journey AWD,SUV: Small,3.6,6,A6,X,14.5,10,12.4,23,292,3,3,2,6
2018,FIAT,124 Spider,Two-seater,1.4,4,A6,X,9.3,6.5,8,35,187,6,3,6,8
2018,FIAT,124 Spider,Two-seater,1.4,4,M6,X,9,6.7,7.9,36,185,7,3,6,8
2018,FIAT,500,Minicompact,1.4,4,A6,X,9.7,7.4,8.7,32,202,6,3,5,8
2018,FIAT,500,Minicompact,1.4,4,M5,X,8.4,7,7.8,36,182,7,3,6,8
2018,FIAT,500 Abarth,Minicompact,1.4,4,A6,X,9.7,7.4,8.7,32,202,6,3,5,8
2018,FIAT,500 Abarth,Minicompact,1.4,4,M5,X,8.4,7,7.8,36,182,7,3,6,8
2018,FIAT,500L,Station wagon: Small,1.4,4,A6,X,10.7,7.9,9.4,30,221,5,3,5,8
2018,FIAT,500X,SUV: Small,1.4,4,M6,X,9.5,7.1,8.4,34,197,6,3,6,8
2018,FIAT,500X,SUV: Small,2.4,4,A9,X,10.7,7.8,9.4,30,220,5,7,5,8
2018,FIAT,500X AWD,SUV: Small,2.4,4,A9,X,11,8,9.7,29,226,5,7,4,7
2018,Ford,C-MAX Hybrid,Full-size,2,4,AV,X,5.7,6.2,5.9,48,138,9,7,8,9
2018,Ford,EcoSport,SUV: Small,1,3,AS6,X,8.6,8.1,8.4,34,195,6,3,6,7
2018,Ford,EcoSport AWD,SUV: Small,2,4,AS6,X,10.2,8,9.3,30,217,5,5,5,7
2018,Ford,Edge,SUV: Small,2,4,AS6,X,11.5,8,9.9,29,233,5,5,4,7
2018,Ford,Edge (Start/Stop),SUV: Small,2,4,AS6,X,11.3,8,9.9,29,231,5,5,4,7
2018,Ford,Edge,SUV: Small,3.5,6,AS6,X,13.5,9.1,11.5,25,270,4,3,3,7
2018,Ford,Edge AWD,SUV: Small,2,4,AS6,X,11.9,8.7,10.5,27,246,5,5,4,7
2018,Ford,Edge AWD,SUV: Small,2.7,6,AS6,X,13.8,9.8,12,24,282,4,5,2,7
2018,Ford,Edge AWD,SUV: Small,3.5,6,AS6,X,14.2,10.2,12.4,23,291,3,3,2,6
2018,Ford,Escape,SUV: Small,1.5,4,AS6,X,10.2,7.8,9.1,31,214,5,3,5,8
2018,Ford,Escape FFV,SUV: Small,2.5,4,AS6,X,11.1,8.1,9.7,29,229,5,3,4,7
2018,Ford,Escape FFV,SUV: Small,2.5,4,AS6,E,15.2,10.9,13.3,21,219,5,3,5,6
2018,Ford,Escape AWD,SUV: Small,1.5,4,AS6,X,10.7,8.3,9.6,29,226,5,3,4,7
2018,Ford,Escape AWD,SUV: Small,2,4,AS6,X,11.5,8.8,10.3,27,241,5,5,4,7
2018,Ford,Expedition 4X4,SUV: Standard,3.5,6,AS10,X,13.8,10.7,12.4,23,291,3,5,2,6
2018,Ford,Expedition MAX 4X4,SUV: Standard,3.5,6,AS10,X,14.9,11.2,13.2,21,311,3,5,1,6
2018,Ford,Explorer,SUV: Standard,2.3,4,AS6,X,12.6,8.6,10.8,26,254,4,3,3,7
2018,Ford,Explorer FFV,SUV: Standard,3.5,6,AS6,X,13.9,9.8,12.1,23,283,4,3,2,7
2018,Ford,Explorer FFV,SUV: Standard,3.5,6,AS6,E,18.7,13,16.2,17,269,4,3,3,5
2018,Ford,Explorer AWD,SUV: Standard,2.3,4,AS6,X,13.1,9.2,11.4,25,267,4,3,3,7
2018,Ford,Explorer AWD,SUV: Standard,3.5,6,AS6,X,14.8,10.7,13,22,305,3,3,1,6
2018,Ford,Explorer FFV AWD,SUV: Standard,3.5,6,AS6,X,14.5,10.6,12.7,22,299,3,3,2,6
2018,Ford,Explorer FFV AWD,SUV: Standard,3.5,6,AS6,E,19.7,14.3,17.3,16,288,3,3,2,4
2018,Ford,F-150,Pickup truck: Standard,2.7,6,AS10,X,11.9,9,10.6,27,249,4,5,4,7
2018,Ford,F-150 (LT Tire Pkg),Pickup truck: Standard,2.7,6,AS10,X,12,9.4,10.8,26,253,4,5,3,7
2018,Ford,F-150 (Payload Pkg),Pickup truck: Standard,2.7,6,AS10,X,12.3,9.4,11,26,258,4,5,3,7
2018,Ford,F-150,Pickup truck: Standard,3,6,AS10,D,10.8,8,9.5,30,256,4,1,3,7
2018,Ford,F-150 (LT Tire Pkg),Pickup truck: Standard,3,6,AS10,D,10.8,8.4,9.7,29,260,4,1,3,7
2018,Ford,F-150,Pickup truck: Standard,3.3,6,AS6,X,12.3,9.4,11,26,259,4,5,3,7
2018,Ford,F-150 FFV,Pickup truck: Standard,3.3,6,AS6,X,12.3,9.3,10.9,26,257,4,5,3,7
2018,Ford,F-150 FFV,Pickup truck: Standard,3.3,6,AS6,E,16.8,12.7,14.9,19,248,4,5,4,5
2018,Ford,F-150 (LT Tire Pkg),Pickup truck: Standard,3.3,6,AS6,X,12.4,9.8,11.2,25,263,4,5,3,7
2018,Ford,F-150 FFV (LT Tire Pkg),Pickup truck: Standard,3.3,6,AS6,X,12.4,9.8,11.2,25,263,4,5,3,7
2018,Ford,F-150 FFV (LT Tire Pkg),Pickup truck: Standard,3.3,6,AS6,E,16.8,12.7,14.9,19,248,4,5,4,5
2018,Ford,F-150,Pickup truck: Standard,3.5,6,AS10,X,13.6,10.1,12,24,282,4,5,2,6
2018,Ford,F-150 (LT Tire Pkg),Pickup truck: Standard,3.5,6,AS10,X,13.6,10.7,12.3,23,288,3,5,2,6
2018,Ford,F-150 (Payload Pkg),Pickup truck: Standard,3.5,6,AS10,X,13.7,11.2,12.5,23,293,3,5,2,6
2018,Ford,F-150,Pickup truck: Standard,5,8,AS10,X,14.1,10.4,12.4,23,292,3,3,2,6
2018,Ford,F-150 FFV,Pickup truck: Standard,5,8,AS10,X,13.9,10.2,12.2,23,286,3,3,2,6
2018,Ford,F-150 FFV,Pickup truck: Standard,5,8,AS10,E,20.2,14,17.4,16,288,3,3,2,4
2018,Ford,F-150 (LT Tire Pkg),Pickup truck: Standard,5,8,AS10,X,14.7,11.2,13.1,22,308,3,3,1,6
2018,Ford,F-150 FFV (LT Tire Pkg),Pickup truck: Standard,5,8,AS10,X,14.7,11.2,13.1,22,307,3,3,1,6
2018,Ford,F-150 FFV (LT Tire Pkg),Pickup truck: Standard,5,8,AS10,E,20.2,14,17.4,16,288,3,3,2,4
2018,Ford,F-150 (Payload Pkg),Pickup truck: Standard,5,8,AS10,X,14.7,11.8,13.8,20,324,3,3,1,6
2018,Ford,F-150 FFV (Payload Pkg),Pickup truck: Standard,5,8,AS10,X,14.7,11.8,13.8,20,323,3,3,1,6
2018,Ford,F-150 FFV (Payload Pkg),Pickup truck: Standard,5,8,AS10,E,20.3,14,17.4,16,288,3,3,2,4
2018,Ford,F-150 4X4,Pickup truck: Standard,2.7,6,AS10,X,12.6,9.8,11.3,25,265,4,5,3,7
2018,Ford,F-150 4X4 (LT Tire Pkg),Pickup truck: Standard,2.7,6,AS10,X,13.1,10.2,11.8,24,277,4,5,2,6
2018,Ford,F-150 4X4 (Payload Pkg),Pickup truck: Standard,2.7,6,AS10,X,13.1,9.8,11.6,24,272,4,5,3,7
2018,Ford,F-150 4X4,Pickup truck: Standard,3,6,AS10,D,11.8,9.3,10.7,26,288,3,1,2,7
2018,Ford,F-150 4X4 (LT Tire Pkg),Pickup truck: Standard,3,6,AS10,D,11.8,9.3,10.7,26,288,3,1,2,7
2018,Ford,F-150 4X4 XL/XLT,Pickup truck: Standard,3,6,AS10,D,11.2,8.4,9.9,29,266,4,1,3,7
2018,Ford,F-150 4X4,Pickup truck: Standard,3.3,6,AS6,X,13,10.3,11.8,24,277,4,5,2,6
2018,Ford,F-150 FFV 4X4,Pickup truck: Standard,3.3,6,AS6,X,12.9,10.2,11.7,24,273,4,5,3,6
2018,Ford,F-150 FFV 4X4,Pickup truck: Standard,3.3,6,AS6,E,17.6,13.7,15.8,18,263,4,5,3,5
2018,Ford,F-150 4X4 (LT Tire Pkg),Pickup truck: Standard,3.3,6,AS6,X,13.8,10.7,12.4,23,291,3,5,2,6
2018,Ford,F-150 FFV 4X4 (LT Tire Pkg),Pickup truck: Standard,3.3,6,AS6,X,13.8,10.7,12.4,23,291,3,5,2,6
2018,Ford,F-150 FFV 4X4 (LT Tire Pkg),Pickup truck: Standard,3.3,6,AS6,E,17.5,13.7,15.8,18,262,4,5,3,5
2018,Ford,F-150 4X4,Pickup truck: Standard,3.5,6,AS10,X,14.3,10.5,12.6,22,295,3,5,2,6
2018,Ford,F-150 4X4 (LT Tire Pkg),Pickup truck: Standard,3.5,6,AS10,X,14.4,10.6,12.7,22,297,3,5,2,6
2018,Ford,F-150 4X4 (Payload Pkg),Pickup truck: Standard,3.5,6,AS10,X,14.5,11.2,13,22,305,3,5,1,6
2018,Ford,F-150 4X4,Pickup truck: Standard,5,8,AS10,X,14.6,10.9,13,22,304,3,3,1,6
2018,Ford,F-150 FFV 4X4,Pickup truck: Standard,5,8,AS10,X,15.1,11,13.3,21,311,3,3,1,6
2018,Ford,F-150 FFV 4X4,Pickup truck: Standard,5,8,AS10,E,20,15.6,18,16,300,3,3,2,4
2018,Ford,F-150 4X4 (LT Tire Pkg),Pickup truck: Standard,5,8,AS10,X,14.7,11.8,13.8,20,324,3,3,1,6
2018,Ford,F-150 FFV 4X4 (LT Tire Pkg),Pickup truck: Standard,5,8,AS10,X,15.1,11.8,13.8,20,324,3,3,1,6
2018,Ford,F-150 FFV 4X4 (LT Tire Pkg),Pickup truck: Standard,5,8,AS10,E,20,15.6,18,16,300,3,3,2,4
2018,Ford,F-150 4X4 (Payload Pkg),Pickup truck: Standard,5,8,AS10,X,15.7,12.4,14.2,20,334,3,3,1,5
2018,Ford,F-150 FFV 4X4 (Payload Pkg),Pickup truck: Standard,5,8,AS10,X,16.1,12.4,14.5,19,339,2,3,1,5
2018,Ford,F-150 FFV 4X4 (Payload Pkg),Pickup truck: Standard,5,8,AS10,E,21.4,17.2,19.5,14,325,3,3,1,3
2018,Ford,F-150 Raptor 4X4,Pickup truck: Standard,3.5,6,AS10,X,15.6,13.2,14.5,19,339,2,3,1,5
2018,Ford,Fiesta,Subcompact,1.6,4,AM6,X,8.6,6.4,7.6,37,179,7,3,6,9
2018,Ford,Fiesta,Subcompact,1.6,4,M5,X,8.6,6.7,7.8,36,182,7,3,6,8
2018,Ford,Fiesta ST,Subcompact,1.6,4,M6,X,9,7.1,8.2,34,192,6,3,6,8
2018,Ford,Flex,SUV: Standard,3.5,6,AS6,X,14.7,10.2,12.7,22,298,3,3,2,6
2018,Ford,Flex AWD,SUV: Standard,3.5,6,AS6,X,14.7,10.7,12.9,22,303,3,3,1,6
2018,Ford,Flex AWD GTDI,SUV: Standard,3.5,6,AS6,X,15.7,11.2,13.7,21,322,3,3,1,6
2018,Ford,Focus,Compact,1,3,AS6,X,8.5,6.2,7.5,38,176,7,3,6,9
2018,Ford,Focus,Compact,1,3,M6,X,7.9,5.9,7,40,164,8,3,7,9
2018,Ford,Focus,Compact,2,4,AM6,X,8.9,6.1,7.7,37,179,7,7,6,9
2018,Ford,Focus,Compact,2,4,AS6,X,9.8,7,8.5,33,200,6,7,6,8
2018,Ford,Focus,Compact,2,4,M5,X,9.5,6.9,8.3,34,196,6,7,6,8
2018,Ford,Focus RS AWD,Mid-size,2.3,4,M6,Z,12.2,9,10.8,26,252,4,3,3,7
2018,Ford,Focus ST,Mid-size,2,4,M6,X,10.5,7.8,9.3,30,219,5,3,5,8
2018,Ford,Fusion,Mid-size,1.5,4,AS6,X,10,7,8.7,32,203,6,7,5,8
2018,Ford,Fusion,Mid-size,2,4,AS6,X,11.2,7.6,9.6,29,225,5,5,5,8
2018,Ford,Fusion,Mid-size,2.5,4,A6,X,11.3,7.4,9.5,30,223,5,5,5,8
2018,Ford,Fusion AWD,Mid-size,2,4,AS6,X,11.8,8.2,10.2,28,238,5,5,4,7
2018,Ford,Fusion AWD,Mid-size,2.7,6,AS6,X,13.8,9.1,11.8,24,277,4,5,2,7
2018,Ford,Fusion Hybrid,Mid-size,2,4,AV,X,5.5,5.6,5.6,50,131,9,7,8,9
2018,Ford,GT,Two-seater,3.5,6,AM7,Z,20.4,13.1,17.1,17,403,1,3,1,5
2018,Ford,Mustang,Subcompact,2.3,4,AS10,X,11,7.4,9.4,30,219,5,5,5,8
2018,Ford,Mustang (Performance Pkg),Subcompact,2.3,4,AS10,X,11.8,8.1,10.1,28,236,5,5,4,7
2018,Ford,Mustang,Subcompact,2.3,4,M6,X,11,7.7,9.5,30,222,5,5,5,8
2018,Ford,Mustang (Performance Pkg),Subcompact,2.3,4,M6,X,11.8,8.4,10.3,27,240,5,5,4,7
2018,Ford,Mustang,Subcompact,5,8,AS10,X,15.1,9.3,12.5,23,291,3,3,2,7
2018,Ford,Mustang,Subcompact,5,8,M6,X,15.5,9.5,12.8,22,300,3,3,2,7
2018,Ford,Mustang Convertible,Subcompact,2.3,4,AS10,X,11.8,8.2,10.2,28,238,5,5,4,7
2018,Ford,Mustang Convertible,Subcompact,2.3,4,M6,X,11.8,8.4,10.3,27,240,5,5,4,7
2018,Ford,Mustang Convertible,Subcompact,5,8,AS10,X,15.5,10,13.1,22,305,3,3,1,6
2018,Ford,Shelby GT350 Mustang,Subcompact,5.2,8,M6,Z,17.2,11.3,14.6,19,341,2,3,1,6
2018,Ford,T-150 Wagon,Van: Passenger,3.5,6,AS6,X,16.2,12.8,14.7,19,345,2,1,1,5
2018,Ford,T-150 Wagon,Van: Passenger,3.7,6,AS6,X,16.8,13.1,15.1,19,354,2,1,1,5
2018,Ford,Taurus FFV,Full-size,3.5,6,AS6,X,13.1,8.7,11.1,25,260,4,3,3,7
2018,Ford,Taurus FFV,Full-size,3.5,6,AS6,E,17.6,11.7,15,19,249,4,3,4,6
2018,Ford,Taurus AWD,Full-size,3.5,6,AS6,X,14.6,10,12.5,23,294,3,3,2,6
2018,Ford,Taurus FFV AWD,Full-size,3.5,6,AS6,X,13.6,9.9,12.4,23,291,3,3,2,7
2018,Ford,Taurus FFV AWD,Full-size,3.5,6,AS6,E,18.7,13.4,16.3,17,271,4,3,3,5
2018,Ford,Transit Connect Van FFV,Special purpose vehicle,2.5,4,AS6,X,11.9,8.7,10.4,27,244,5,3,4,7
2018,Ford,Transit Connect Van FFV,Special purpose vehicle,2.5,4,AS6,E,16.2,11.9,14.3,20,234,5,3,4,6
2018,Ford,Transit Connect Wagon LWB FFV,Special purpose vehicle,2.5,4,AS6,X,12.3,8.8,10.7,26,251,4,3,3,7
2018,Ford,Transit Connect Wagon LWB FFV,Special purpose vehicle,2.5,4,AS6,E,16.8,12.1,14.7,19,241,5,3,4,5
2018,Genesis,G80 AWD,Full-size,3.3,6,AS8,Z,13.8,9.7,11.9,24,282,4,3,2,7
2018,Genesis,G80 AWD,Full-size,3.8,6,AS8,X,13.4,9.6,11.7,24,276,4,5,2,7
2018,Genesis,G80 AWD,Full-size,5,8,AS8,Z,15.6,10.4,13.2,21,312,3,5,1,6
2018,Genesis,G90 AWD,Full-size,3.3,6,AS8,Z,13.7,9.7,11.9,24,279,4,3,2,7
2018,Genesis,G90 AWD,Full-size,5,8,AS8,Z,15.2,10.2,13,22,306,3,5,1,6
2018,GMC,Acadia,SUV: Standard,2.5,4,A6,X,11,9.2,10.2,28,239,5,3,4,7
2018,GMC,Acadia,SUV: Standard,3.6,6,A6,X,13.1,9.4,11.4,25,268,4,5,3,7
2018,GMC,Acadia AWD,SUV: Standard,2.5,4,A6,X,11.2,9.4,10.4,27,243,5,3,4,7
2018,GMC,Acadia AWD,SUV: Standard,3.6,6,A6,X,13.5,9.5,11.7,24,275,4,5,3,7
2018,GMC,Canyon,Pickup truck: Small,2.5,4,A6,X,12.1,9.2,10.8,26,253,4,5,3,7
2018,GMC,Canyon,Pickup truck: Small,2.5,4,M6,X,11.9,9.2,10.7,26,251,4,5,3,7
2018,GMC,Canyon,Pickup truck: Small,2.8,4,A6,D,10.8,8,9.6,29,257,4,3,3,7
2018,GMC,Canyon,Pickup truck: Small,3.6,6,A8,X,13.4,9.6,11.7,24,274,4,5,3,7
2018,GMC,Canyon 4WD,Pickup truck: Small,2.5,4,A6,X,12.6,9.8,11.3,25,266,4,5,3,7
2018,GMC,Canyon 4WD,Pickup truck: Small,2.8,4,A6,D,12.1,8.3,10.4,27,279,4,3,2,7
2018,GMC,Canyon 4WD,Pickup truck: Small,3.6,6,A8,X,14.1,10,12.2,23,288,3,5,2,6
2018,GMC,Sierra FFV,Pickup truck: Standard,4.3,6,A6,X,13.4,10,11.8,24,278,4,5,2,6
2018,GMC,Sierra FFV,Pickup truck: Standard,4.3,6,A6,E,19.3,14.4,17.1,17,284,3,5,2,4
2018,GMC,Sierra,Pickup truck: Standard,5.3,8,A6,X,14.6,10.3,12.7,22,298,3,3,2,6
2018,GMC,Sierra FFV,Pickup truck: Standard,5.3,8,A6,X,14.6,10.3,12.7,22,298,3,3,2,6
2018,GMC,Sierra FFV,Pickup truck: Standard,5.3,8,A6,E,19.7,13.9,17,17,283,4,3,2,5
2018,GMC,Sierra,Pickup truck: Standard,5.3,8,A8,X,14.9,10.9,13.1,22,307,3,3,1,6
2018,GMC,Sierra eAssist,Pickup truck: Standard,5.3,8,A8,X,13.4,10,11.8,24,278,4,3,2,6
2018,GMC,Sierra,Pickup truck: Standard,6.2,8,A8,Z,15.9,11.2,13.8,20,323,3,3,1,6
2018,GMC,Sierra 4WD FFV,Pickup truck: Standard,4.3,6,A6,X,14.1,10.6,12.5,23,294,3,5,2,6
2018,GMC,Sierra 4WD FFV,Pickup truck: Standard,4.3,6,A6,E,20.2,15.2,18,16,296,3,5,2,4
2018,GMC,Sierra 4WD,Pickup truck: Standard,5.3,8,A6,X,15,10.7,13.1,22,307,3,3,1,6
2018,GMC,Sierra 4WD FFV,Pickup truck: Standard,5.3,8,A6,X,15,10.7,13.1,22,307,3,3,1,6
2018,GMC,Sierra 4WD FFV,Pickup truck: Standard,5.3,8,A6,E,21,15,18.3,15,309,3,3,1,4
2018,GMC,Sierra 4WD,Pickup truck: Standard,5.3,8,A8,X,15.6,11.6,13.8,20,324,3,3,1,6
2018,GMC,Sierra eAssist 4WD,Pickup truck: Standard,5.3,8,A8,X,14.4,11.2,13,22,304,3,3,1,6
2018,GMC,Sierra 4WD,Pickup truck: Standard,6.2,8,A8,Z,16,11.7,14.1,20,331,3,3,1,6
2018,GMC,Terrain,SUV: Small,1.5,4,A9,X,9.2,7.9,8.6,33,201,6,5,5,8
2018,GMC,Terrain,SUV: Small,1.6,4,A6,D,8.5,6,7.4,38,198,6,3,6,9
2018,GMC,Terrain AWD,SUV: Small,1.5,4,A9,X,9.6,8.3,9,31,210,5,5,5,7
2018,GMC,Terrain AWD,SUV: Small,1.6,4,A6,D,8.5,6.1,7.4,38,198,6,3,6,9
2018,GMC,Terrain AWD,SUV: Small,2,4,A9,Z,11.2,9,10.2,28,239,5,5,4,7
2018,GMC,Yukon,SUV: Standard,5.3,8,A6,X,15.1,10.4,13,22,305,3,3,1,6
2018,GMC,Yukon FFV,SUV: Standard,5.3,8,A6,X,15.1,10.4,13,22,305,3,3,1,6
2018,GMC,Yukon FFV,SUV: Standard,5.3,8,A6,E,19.8,13.9,17.2,16,285,3,3,2,5
2018,GMC,Yukon 4WD,SUV: Standard,5.3,8,A6,X,15.2,10.8,13.2,21,310,3,3,1,6
2018,GMC,Yukon 4WD FFV,SUV: Standard,5.3,8,A6,X,15.2,10.8,13.2,21,310,3,3,1,6
2018,GMC,Yukon 4WD FFV,SUV: Standard,5.3,8,A6,E,20.8,14.5,18,16,299,3,3,2,4
2018,GMC,Yukon 4WD,SUV: Standard,6.2,8,A10,Z,16.4,10.7,13.8,20,325,3,3,1,6
2018,GMC,Yukon XL,SUV: Standard,5.3,8,A6,X,15.1,10.4,13,22,305,3,3,1,6
2018,GMC,Yukon XL FFV,SUV: Standard,5.3,8,A6,X,15.1,10.4,13,22,305,3,3,1,6
2018,GMC,Yukon XL FFV,SUV: Standard,5.3,8,A6,E,19.8,13.9,17.2,16,285,3,3,2,5
2018,GMC,Yukon XL 4WD,SUV: Standard,5.3,8,A6,X,15.3,10.9,13.3,21,313,3,3,1,6
2018,GMC,Yukon XL 4WD FFV,SUV: Standard,5.3,8,A6,X,15.3,10.9,13.3,21,312,3,3,1,6
2018,GMC,Yukon XL 4WD FFV,SUV: Standard,5.3,8,A6,E,22.3,15.7,19.3,15,321,3,3,1,4
2018,GMC,Yukon XL 4WD,SUV: Standard,6.2,8,A10,Z,17.1,11.3,14.5,19,340,2,3,1,6
2018,Honda,Accord,Full-size,1.5,4,AV,X,7.9,6.3,7.2,39,168,8,7,7,9
2018,Honda,Accord,Full-size,1.5,4,AV7,X,8.2,6.8,7.6,37,177,7,7,6,8
2018,Honda,Accord,Full-size,1.5,4,M6,X,8.9,6.7,7.9,36,185,7,6,6,8
2018,Honda,Accord,Full-size,2,4,M6,X,10.7,7.3,9.2,31,214,5,6,5,8
2018,Honda,Accord Sport/Touring,Mid-size,2,4,AS10,X,10.4,7.4,9.1,31,211,5,7,5,8
2018,Honda,Accord Hybrid,Full-size,2,4,AV,X,5,5.1,5.1,55,118,10,7,9,9
2018,Honda,Civic Coupe,Compact,1.5,4,AV,X,7.5,5.9,6.8,42,158,8,3,7,9
2018,Honda,Civic Coupe,Compact,1.5,4,M6,X,7.7,5.7,6.8,42,158,8,3,7,9
2018,Honda,Civic Coupe,Compact,2,4,AV,X,7.8,6,7,40,163,8,3,7,9
2018,Honda,Civic Coupe,Compact,2,4,M6,X,8.5,6.1,7.4,38,173,7,3,7,9
2018,Honda,Civic Coupe Si,Compact,1.5,4,M6,Z,8.4,6.2,7.4,38,173,7,3,7,9
2018,Honda,Civic Hatchback,Full-size,1.5,4,AV,X,7.7,6,6.9,41,162,8,3,7,9
2018,Honda,Civic Hatchback,Full-size,1.5,4,AV7,X,7.9,6.6,7.3,39,170,7,3,7,8
2018,Honda,Civic Hatchback,Full-size,1.5,4,M6,X,8,6.2,7.2,39,167,8,3,7,9
2018,Honda,Civic Hatchback Sport,Full-size,1.5,4,AV7,Z,7.9,6.6,7.3,39,170,7,3,7,8
2018,Honda,Civic Hatchback Sport,Full-size,1.5,4,M6,Z,8,6.2,7.2,39,167,8,3,7,9
2018,Honda,Civic Sedan,Mid-size,1.5,4,AV,X,7.4,5.6,6.6,43,153,8,3,7,9
2018,Honda,Civic Sedan,Mid-size,2,4,AV,X,7.8,6,7,40,163,8,3,7,9
2018,Honda,Civic Sedan,Mid-size,2,4,M6,X,8.5,6,7.4,38,172,7,3,7,9
2018,Honda,Civic Sedan Si,Mid-size,1.5,4,M6,Z,8.4,6.2,7.4,38,173,7,3,7,9
2018,Honda,Civic Type R,Full-size,2,4,M6,Z,10.6,8.3,9.6,29,224,5,3,5,7
2018,Honda,CR-V,SUV: Small,1.5,4,AV,X,8.4,7,7.8,36,181,7,5,6,8
2018,Honda,CR-V AWD,SUV: Small,1.5,4,AV,X,8.7,7.2,8,35,188,6,5,6,8
2018,Honda,Fit,Station wagon: Small,1.5,4,AV,X,7,5.9,6.5,43,151,8,7,7,9
2018,Honda,Fit,Station wagon: Small,1.5,4,AV7,X,7.6,6.5,7,40,166,8,7,7,8
2018,Honda,Fit,Station wagon: Small,1.5,4,M6,X,8.1,6.6,7.4,38,174,7,3,7,8
2018,Honda,HR-V,Station wagon: Small,1.8,4,AV,X,8.3,6.9,7.7,37,180,7,3,6,8
2018,Honda,HR-V,Station wagon: Small,1.8,4,AV7,X,8.3,6.9,7.7,37,180,7,3,6,8
2018,Honda,HR-V,Station wagon: Small,1.8,4,M6,X,9.4,7.1,8.4,34,195,6,3,6,8
2018,Honda,HR-V AWD,Station wagon: Small,1.8,4,AV,X,8.9,7.5,8.2,34,194,6,3,6,8
2018,Honda,HR-V AWD,Station wagon: Small,1.8,4,AV7,X,8.9,7.5,8.2,34,194,6,3,6,8
2018,Honda,Odyssey,Minivan,3.5,6,AS9,X,12.6,8.4,10.7,26,252,4,3,3,7
2018,Honda,Odyssey Touring,Minivan,3.5,6,AS10,X,12.2,8.5,10.6,27,247,4,3,4,7
2018,Honda,Pilot AWD,SUV: Small,3.5,6,A6,X,13,9.3,11.3,25,266,4,3,3,7
2018,Honda,Pilot AWD,SUV: Small,3.5,6,AS9,X,12.4,9.3,11,26,256,4,3,3,7
2018,Honda,Ridgeline AWD,Pickup truck: Standard,3.5,6,A6,X,12.8,9.5,11.3,25,264,4,3,3,7
2018,Hyundai,Accent,Compact,1.6,4,AS6,X,8.3,6.2,7.4,38,173,7,3,7,9
2018,Hyundai,Accent,Compact,1.6,4,M6,X,8.2,6.3,7.3,39,173,7,3,7,9
2018,Hyundai,Elantra,Mid-size,1.6,4,AM7,X,8.9,7,8.1,35,189,6,3,6,8
2018,Hyundai,Elantra,Mid-size,1.6,4,M6,X,10.7,7.8,9.4,30,221,5,3,5,8
2018,Hyundai,Elantra,Mid-size,2,4,AS6,X,8.3,6.4,7.4,38,174,7,5,7,9
2018,Hyundai,Elantra,Mid-size,2,4,M6,X,9.3,6.4,8,35,188,6,5,6,9
2018,Hyundai,Elantra GT,Full-size,1.6,4,AM7,X,9.2,7.1,8.3,34,194,6,3,6,8
2018,Hyundai,Elantra GT,Full-size,1.6,4,M6,X,10.7,8.1,9.6,29,226,5,3,4,7
2018,Hyundai,Elantra GT,Full-size,2,4,AS6,X,9.4,7.2,8.4,34,198,6,3,6,8
2018,Hyundai,Elantra GT,Full-size,2,4,M6,X,9.8,7.3,8.7,32,205,6,3,5,8
2018,Hyundai,IONIQ,Full-size,1.6,4,AM6,X,4.3,4.4,4.3,66,102,10,7,9,10
2018,Hyundai,IONIQ Blue,Full-size,1.6,4,AM6,X,4.2,4,4.1,69,96,10,7,10,10
2018,Hyundai,Kona,SUV: Small,2,4,AS6,X,8.6,7,7.9,36,186,7,5,6,8
2018,Hyundai,Kona AWD,SUV: Small,1.6,4,AM7,X,9,8,8.6,33,201,6,5,5,7
2018,Hyundai,Kona AWD,SUV: Small,2,4,AS6,X,9.2,7.8,8.6,33,202,6,5,5,8
2018,Hyundai,Santa Fe,SUV: Small,3.3,6,AS6,X,12.9,9.4,11.3,25,265,4,3,3,7
2018,Hyundai,Santa Fe AWD,SUV: Small,3.3,6,AS6,X,13,9.7,11.5,25,269,4,3,3,7
2018,Hyundai,Santa Fe Ultimate AWD,SUV: Small,3.3,6,AS6,X,13.9,10.8,12.5,23,295,3,3,2,6
2018,Hyundai,Santa Fe Sport,SUV: Small,2.4,4,AS6,X,11.1,8.6,10,28,235,5,5,4,7
2018,Hyundai,Santa Fe Sport AWD,SUV: Small,2.4,4,AS6,X,12,9.1,10.7,26,253,4,5,3,7
2018,Hyundai,Santa Fe Sport Ultimate AWD,SUV: Small,2,4,AS6,X,12.5,9.6,11.2,25,264,4,3,3,7
2018,Hyundai,Sonata,Full-size,2,4,AS8,X,10.4,7.4,9.1,31,212,5,5,5,8
2018,Hyundai,Sonata,Full-size,2.4,4,AS6,X,9.8,6.9,8.5,33,202,6,5,5,8
2018,Hyundai,Sonata Hybrid,Mid-size,2,4,AM6,X,6,5.3,5.7,50,135,9,7,8,9
2018,Hyundai,Sonata Hybrid SE,Mid-size,2,4,AM6,X,5.9,5.1,5.6,50,132,9,7,8,9
2018,Hyundai,Tucson,SUV: Small,2,4,AS6,X,10.1,7.8,9,31,213,5,3,5,8
2018,Hyundai,Tucson AWD,SUV: Small,1.6,4,AM7,X,9.9,8.5,9.3,30,221,5,3,5,7
2018,Hyundai,Tucson AWD,SUV: Small,2,4,AS6,X,11,9.1,10.2,28,241,5,3,4,7
2018,Infiniti,Q50 AWD,Mid-size,2,4,AS7,Z,10.7,8.6,9.7,29,228,5,3,4,7
2018,Infiniti,Q50 AWD,Mid-size,3,6,AS7,Z,12.4,8.7,10.8,26,253,4,3,3,7
2018,Infiniti,Q50 AWD Red Sport,Mid-size,3,6,AS7,Z,12.5,9.3,11.1,25,260,4,3,3,7
2018,Infiniti,Q50 Hybrid AWD,Compact,3.5,6,AS7,Z,9.1,7.7,8.5,33,200,6,3,6,8
2018,Infiniti,Q60 AWD,Subcompact,2,4,AS7,Z,11.2,8.5,10,28,233,5,3,4,7
2018,Infiniti,Q60 AWD,Subcompact,3,6,AS7,Z,12.3,8.6,10.7,26,251,4,3,3,7
2018,Infiniti,Q60 AWD Red Sport,Subcompact,3,6,AS7,Z,12.5,9.2,11,26,259,4,3,3,7
2018,Infiniti,Q70 AWD,Mid-size,3.7,6,AS7,Z,13.2,9.8,11.7,24,274,4,3,3,7
2018,Infiniti,Q70 AWD,Mid-size,5.6,8,AS7,Z,14.9,10.3,12.8,22,301,3,3,1,6
2018,Infiniti,QX30,Compact,2,4,AM7,Z,9.7,7.1,8.5,33,200,6,3,6,8
2018,Infiniti,QX30 AWD,Compact,2,4,AM7,Z,10.6,8,9.4,30,221,5,3,5,7
2018,Infiniti,QX60 AWD,SUV: Small,3.5,6,AV7,Z,12.5,9,10.9,26,257,4,3,3,7
2018,Infiniti,QX80 4WD,SUV: Standard,5.6,8,AS7,Z,17.4,12.2,15.1,19,354,2,3,1,5
2018,Jaguar,F-PACE 20d,SUV: Small,2,4,AS8,D,8.9,7.2,8.1,35,218,5,1,5,8
2018,Jaguar,F-PACE 25t,SUV: Small,2,4,AS8,Z,10.7,8.8,9.9,29,227,5,7,4,7
2018,Jaguar,F-PACE 35t,SUV: Small,3,6,AS8,Z,13.3,10,11.8,24,277,4,7,2,6
2018,Jaguar,F-TYPE Convertible,Two-seater,2,4,AS8,Z,10.2,7.8,9.2,31,215,5,7,5,8
2018,Jaguar,F-TYPE Convertible,Two-seater,3,6,AS8,Z,11.9,8.5,10.4,27,242,5,7,4,7
2018,Jaguar,F-TYPE Convertible,Two-seater,3,6,M6,Z,14.9,9.8,12.6,22,296,3,7,2,7
2018,Jaguar,F-TYPE Convertible R-Dynamic,Two-seater,3,6,AS8,Z,12.4,8.8,10.8,26,253,4,7,3,7
2018,Jaguar,F-TYPE Convertible R-Dynamic,Two-seater,3,6,M6,Z,15.3,10,12.9,22,302,3,7,1,6
2018,Jaguar,F-TYPE Convertible R-Dynamic AWD,Two-seater,3,6,AS8,Z,13,9.2,11.3,25,265,4,7,3,7
2018,Jaguar,F-TYPE Coupe,Two-seater,2,4,AS8,Z,10.2,7.8,9.2,31,215,5,7,5,8
2018,Jaguar,F-TYPE Coupe,Two-seater,3,6,AS8,Z,11.9,8.5,10.4,27,242,5,7,4,7
2018,Jaguar,F-TYPE Coupe,Two-seater,3,6,M6,Z,14.9,9.8,12.6,22,296,3,7,2,7
2018,Jaguar,F-TYPE Coupe R-Dynamic,Two-seater,3,6,AS8,Z,12.4,8.8,10.8,26,253,4,7,3,7
2018,Jaguar,F-TYPE Coupe R-Dynamic,Two-seater,3,6,M6,Z,15.3,10,12.9,22,302,3,7,1,6
2018,Jaguar,F-TYPE Coupe R-Dynamic AWD,Two-seater,3,6,AS8,Z,13,9.2,11.3,25,265,4,7,3,7
2018,Jaguar,F-TYPE R AWD Convertible,Two-seater,5,8,AS8,Z,15.6,10.4,13.3,21,311,3,3,1,6
2018,Jaguar,F-TYPE R AWD Coupe,Two-seater,5,8,AS8,Z,15.6,10.4,13.3,21,311,3,3,1,6
2018,Jaguar,XE 20d AWD,Compact,2,4,AS8,D,7.8,5.8,6.9,41,186,7,1,6,9
2018,Jaguar,XE 25t AWD,Compact,2,4,AS8,Z,9.8,6.9,8.5,33,200,6,7,6,8
2018,Jaguar,XE 35t AWD,Compact,3,6,AS8,Z,11.8,8.2,10.2,28,238,5,7,4,7
2018,Jaguar,XF 20d AWD,Mid-size,2,4,AS8,D,7.8,5.8,6.9,41,186,7,1,6,9
2018,Jaguar,XF 25t AWD,Mid-size,2,4,AS8,Z,10.1,7.2,8.8,32,207,6,7,5,8
2018,Jaguar,XF 35t AWD,Mid-size,3,6,AS8,Z,12,8.4,10.4,27,243,5,7,4,7
2018,Jaguar,XJ R-Sport AWD,Full-size,3,6,AS8,Z,14,9,11.8,24,276,4,7,2,7
2018,Jaguar,XJL Portfolio AWD,Full-size,3,6,AS8,Z,14,9.4,11.9,24,280,4,7,2,7
2018,Jaguar,XJR LWB,Full-size,5,8,AS8,Z,15.8,10.3,13.3,21,313,3,3,1,6
2018,Jeep,Cherokee FFV,SUV: Small,2.4,4,A9,X,11,7.8,9.6,29,225,5,3,5,8
2018,Jeep,Cherokee FFV,SUV: Small,2.4,4,A9,E,15.5,10.5,13.3,21,218,5,3,5,6
2018,Jeep,Cherokee,SUV: Small,3.2,6,A9,X,11.4,8.3,10,28,234,5,3,4,7
2018,Jeep,Cherokee 4X4 Active Drive I,SUV: Small,2.4,4,A9,X,11.3,8.4,10,28,235,5,3,4,7
2018,Jeep,Cherokee 4X4 Active Drive I FFV,SUV: Small,2.4,4,A9,X,11.3,8.4,10,28,235,5,3,4,7
2018,Jeep,Cherokee 4X4 Active Drive I FFV,SUV: Small,2.4,4,A9,E,16.3,11.3,14,20,231,5,3,4,6
2018,Jeep,Cherokee 4X4 Active Drive I,SUV: Small,3.2,6,A9,X,11.6,8.6,10.3,27,241,5,3,4,7
2018,Jeep,Cherokee 4X4 Active Drive II,SUV: Small,2.4,4,A9,X,11.4,8.7,10.2,28,239,5,1,4,7
2018,Jeep,Cherokee 4X4 Active Drive II,SUV: Small,3.2,6,A9,X,12.8,9,11.1,25,259,4,3,3,7
2018,Jeep,Cherokee 4X4 Active Drive Lock,SUV: Small,2.4,4,A9,X,12.1,9.4,10.9,26,256,4,1,3,7
2018,Jeep,Cherokee 4X4 Active Drive Lock,SUV: Small,3.2,6,A9,X,12.9,9.9,11.6,24,269,4,3,3,7
2018,Jeep,Compass,SUV: Small,2.4,4,A6,X,10.6,7.6,9.3,30,218,5,7,5,8
2018,Jeep,Compass,SUV: Small,2.4,4,M6,X,10.4,7.3,9,31,211,5,3,5,8
2018,Jeep,Compass 4X4,SUV: Small,2.4,4,A9,X,10.8,7.8,9.5,30,222,5,7,5,8
2018,Jeep,Compass 4X4,SUV: Small,2.4,4,M6,X,10.8,7.6,9.4,30,221,5,3,5,8
2018,Jeep,Grand Cherokee 4X4,SUV: Standard,3,6,A8,D,11.2,8.5,10,28,268,4,1,3,7
2018,Jeep,Grand Cherokee 4X4,SUV: Standard,3.6,6,A8,X,12.7,9.6,11.3,25,265,4,5,3,7
2018,Jeep,Grand Cherokee 4X4,SUV: Standard,5.7,8,A8,X,16.7,10.9,14.1,20,331,3,3,1,6
2018,Jeep,Grand Cherokee 4X4 SRT,SUV: Standard,6.4,8,A8,Z,18.3,12.6,15.7,18,368,2,1,1,5
2018,Jeep,Grand Cherokee 4X4 Trackhawk,SUV: Standard,6.2,8,A8,Z,20.9,13.8,17.7,16,413,1,1,1,5
2018,Jeep,New Wrangler 4X4,SUV: Small,2,4,A8,X,10.5,9.4,10,28,233,5,5,4,7
2018,Jeep,New Wrangler 4X4,SUV: Small,3.6,6,A8,X,12.8,10.4,11.8,24,274,4,5,3,6
2018,Jeep,New Wrangler 4X4,SUV: Small,3.6,6,M6,X,13.7,9.6,11.8,24,277,4,5,2,7
2018,Jeep,New Wrangler Unlimited 4X4,SUV: Small,2,4,A8,X,10.9,10,10.5,27,245,5,5,4,6
2018,Jeep,New Wrangler Unlimited 4X4,SUV: Small,3.6,6,A8,X,12.9,10.2,11.7,24,275,4,5,3,6
2018,Jeep,New Wrangler Unlimited 4X4,SUV: Small,3.6,6,M6,X,13.8,10.1,12.2,23,285,3,5,2,6
2018,Jeep,Renegade,SUV: Small,1.4,4,M6,X,9.9,7.7,8.9,32,209,5,3,5,8
2018,Jeep,Renegade,SUV: Small,2.4,4,A9,X,10.8,7.8,9.5,30,222,5,7,5,8
2018,Jeep,Renegade FFV,SUV: Small,2.4,4,A9,X,10.8,7.8,9.5,30,222,5,3,5,8
2018,Jeep,Renegade FFV,SUV: Small,2.4,4,A9,E,14.4,10.2,12.5,23,206,6,3,5,6
2018,Jeep,Renegade 4X4,SUV: Small,1.4,4,M6,X,9.9,7.7,8.9,32,211,5,3,5,8
2018,Jeep,Renegade 4X4,SUV: Small,2.4,4,A9,X,11.2,8.2,9.8,29,230,5,7,4,7
2018,Jeep,Wrangler JK 4X4,SUV: Small,3.6,6,A5,X,14.1,11.1,12.8,22,299,3,3,2,6
2018,Jeep,Wrangler JK 4X4,SUV: Small,3.6,6,M6,X,14.2,11,12.8,22,298,3,3,2,6
2018,Jeep,Wrangler JK Unlimited 4X4,SUV: Small,3.6,6,A5,X,14.7,11.7,13.4,21,313,3,3,1,6
2018,Jeep,Wrangler JK Unlimited 4X4,SUV: Small,3.6,6,M6,X,15,11.4,13.3,21,312,3,3,1,6
2018,Kia,Cadenza,Full-size,3.3,6,AS8,X,11.5,8.5,10.2,28,237,5,3,4,7
2018,Kia,Forte (MPI),Mid-size,2,4,AS6,X,8,6.1,7.1,40,168,8,5,7,9
2018,Kia,Forte (GDI),Mid-size,2,4,AS6,X,9.4,7,8.3,34,198,6,3,6,8
2018,Kia,Forte,Mid-size,2,4,M6,X,9.4,6.8,8.3,34,195,6,5,6,8
2018,Kia,Forte 5,Full-size,1.6,4,AM7,X,9.4,7.9,8.7,32,207,6,3,5,8
2018,Kia,Forte 5,Full-size,2,4,AS6,X,9.4,7,8.3,34,197,6,3,6,8
2018,Kia,Forte 5,Full-size,2,4,M6,X,9.8,7.3,8.7,32,204,6,3,5,8
2018,Kia,K900,Full-size,3.8,6,AS8,X,13.8,9.3,11.8,24,279,4,3,2,7
2018,Kia,K900,Full-size,5,8,AS8,Z,15.6,10.6,13.3,21,317,3,3,1,6
2018,Kia,Niro,Station wagon: Small,1.6,4,AM6,X,4.6,5.1,4.8,59,114,10,7,9,10
2018,Kia,Niro FE,Station wagon: Small,1.6,4,AM6,X,4.5,4.8,4.7,60,110,10,7,9,10
2018,Kia,Niro Touring,Station wagon: Small,1.6,4,AM6,X,5.1,5.8,5.4,52,129,9,7,8,9
2018,Kia,Optima,Full-size,2,4,AS6,X,10.9,7.6,9.4,30,224,5,3,5,8
2018,Kia,Optima,Full-size,2.4,4,AS6,X,9.6,6.8,8.4,34,198,6,5,6,8
2018,Kia,Optima FE,Full-size,2.4,4,AS6,X,9.3,6.6,8,35,190,6,5,6,8
2018,Kia,Optima Hybrid,Mid-size,2,4,AM6,X,6,5.1,5.6,50,132,9,3,8,9
2018,Kia,Rio,Compact,1.6,4,AS6,X,8.5,6.4,7.5,38,177,7,3,6,9
2018,Kia,Rio,Compact,1.6,4,M6,X,8.3,6.4,7.5,38,175,7,3,7,9
2018,Kia,Sedona,Minivan,3.3,6,AS6,X,13.2,9.7,11.6,24,275,4,3,3,7
2018,Kia,Sedona SX,Minivan,3.3,6,AS6,X,12.9,9.5,11.4,25,269,4,3,3,7
2018,Kia,Sedona SXL,Minivan,3.3,6,AS6,X,14.1,10.5,12.5,23,296,3,3,2,6
2018,Kia,Sorento,SUV: Small,2.4,4,AS6,X,11.2,8.3,9.9,29,234,5,5,4,7
2018,Kia,Sorento AWD,SUV: Small,2,4,AS6,X,12.3,9.4,11,26,259,4,3,3,7
2018,Kia,Sorento AWD,SUV: Small,2.4,4,AS6,X,11.5,9.3,10.5,27,246,4,5,4,7
2018,Kia,Sorento AWD,SUV: Small,3.3,6,AS6,X,14,10.1,12.2,23,289,3,3,2,6
2018,Kia,Sorento AWD FE,SUV: Small,3.3,6,AS6,X,13.2,9.3,11.4,25,270,4,3,3,7
2018,Kia,Soul,Station wagon: Small,1.6,4,AM7,X,9.1,7.7,8.5,33,199,6,3,6,8
2018,Kia,Soul,Station wagon: Small,1.6,4,AS6,X,9.4,7.8,8.7,32,205,6,3,5,8
2018,Kia,Soul,Station wagon: Small,2,4,AS6,X,9.5,7.8,8.7,32,206,6,5,5,8
2018,Kia,Sportage,SUV: Small,2.4,4,AS6,X,10.3,7.8,9.2,31,218,5,5,5,8
2018,Kia,Sportage AWD,SUV: Small,2,4,AS6,X,11.9,10.2,11.1,25,263,4,3,3,6
2018,Kia,Sportage AWD,SUV: Small,2.4,4,AS6,X,11.3,9.5,10.5,27,247,4,5,4,7
2018,Kia,Stinger AWD,Mid-size,3.3,6,AS8,Z,12.7,9.6,11.3,25,265,4,3,3,7
2018,Lamborghini,Aventador Coupe,Two-seater,6.5,12,AM7,Z,23.8,14.1,19.4,15,454,1,1,1,4
2018,Lamborghini,Aventador Roadster,Two-seater,6.5,12,AM7,Z,24.2,14.5,19.8,14,464,1,1,1,4
2018,Lamborghini,Aventador S Coupe,Two-seater,6.5,12,AM7,Z,23.8,14.1,19.4,15,454,1,1,1,4
2018,Lamborghini,Aventador S Roadster,Two-seater,6.5,12,AM7,Z,24.2,14.5,19.8,14,464,1,1,1,4
2018,Lamborghini,Huracan,Two-seater,5.2,10,AM7,Z,16.8,11.4,14.4,20,336,2,1,1,6
2018,Lamborghini,Huracan AWD,Two-seater,5.2,10,AM7,Z,17.2,12.2,15,19,349,2,1,1,5
2018,Lamborghini,Huracan Spyder,Two-seater,5.2,10,AM7,Z,16.7,11.7,14.5,19,337,2,1,1,6
2018,Lamborghini,Huracan Spyder AWD,Two-seater,5.2,10,AM7,Z,17.2,12.3,15,19,350,2,1,1,5
2018,Land Rover,Discovery Sport,SUV: Small,2,4,AS9,Z,11.4,9.3,10.5,27,246,5,7,4,7
2018,Land Rover,Range Rover Evoque,SUV: Small,2,4,AS9,Z,10.9,8,9.6,29,225,5,7,5,7
2018,Land Rover,Range Rover Evoque Convertible,SUV: Small,2,4,AS9,Z,11.2,8.2,9.8,29,231,5,7,4,7
2018,Land Rover,Range Rover Velar,SUV: Small,2,4,AS8,D,9.2,7.8,8.5,33,229,5,1,4,8
2018,Land Rover,Range Rover Velar,SUV: Small,3,6,AS8,Z,13,10,11.6,24,273,4,7,3,6
2018,Lexus,ES 300h,Mid-size,2.5,4,AV6,X,5.8,6.1,5.9,48,139,9,7,8,9
2018,Lexus,ES 350,Mid-size,3.5,6,AS6,X,11.4,7.7,9.7,29,226,5,3,4,8
2018,Lexus,GS 350 AWD,Mid-size,3.5,6,AS6,Z,12.5,9.2,11,26,257,4,5,3,7
2018,Lexus,GS 450h,Mid-size,3.5,6,AV8,Z,8,6.9,7.5,38,176,7,7,6,8
2018,Lexus,GS F,Compact,5,8,AS8,Z,14.9,9.7,12.5,23,293,3,5,2,7
2018,Lexus,GX 460,SUV: Standard,4.6,8,AS6,Z,16,12.9,14.6,19,341,2,3,1,5
2018,Lexus,IS 300,Compact,2,4,AS8,Z,10.6,7.3,9.1,31,214,5,3,5,8
2018,Lexus,IS 300 AWD,Compact,3.5,6,AS6,Z,12.3,9.1,10.9,26,254,4,5,3,7
2018,Lexus,IS 350 AWD,Compact,3.5,6,AS6,Z,12.3,9.1,10.9,26,254,4,5,3,7
2018,Lexus,LC 500,Subcompact,5,8,AS10,Z,14.7,9.2,12.2,23,286,3,5,2,7
2018,Lexus,LC 500h,Subcompact,3.5,6,AV10,Z,8.9,7,8,35,187,6,7,6,8
2018,Lexus,LS 500,Mid-size,3.4,6,AS10,Z,12.2,7.8,10.2,28,240,5,3,4,8
2018,Lexus,LS 500 AWD,Mid-size,3.4,6,AS10,Z,13,8.7,11,26,259,4,3,3,7
2018,Lexus,LS 500h,Mid-size,3.5,6,AV10,Z,9.4,7.1,8.4,34,195,6,7,6,8
2018,Lexus,LS 500h AWD,Mid-size,3.5,6,AV10,Z,10.3,7.6,9.1,31,211,5,7,5,8
2018,Lexus,LX 570,SUV: Standard,5.7,8,AS8,Z,18.2,12.8,15.8,18,371,2,3,1,5
2018,Lexus,NX 300 AWD,SUV: Small,2,4,AS6,Z,10.6,8.5,9.7,29,226,5,3,4,7
2018,Lexus,NX 300 AWD F SPORT,SUV: Small,2,4,AS6,Z,10.8,8.9,9.9,29,232,5,3,4,7
2018,Lexus,NX 300h AWD,SUV: Small,2.5,4,AV6,X,7.2,7.9,7.5,38,176,7,7,6,8
2018,Lexus,RC 300 AWD,Subcompact,3.5,6,AS6,Z,13.1,9.8,11.2,25,262,4,5,3,7
2018,Lexus,RC 350 AWD,Subcompact,3.5,6,AS6,Z,13.1,9.8,11.2,25,262,4,5,3,7
2018,Lexus,RC F,Subcompact,5,8,AS8,Z,15.2,9.5,12.6,22,289,3,5,2,7
2018,Lexus,RX 350 AWD,SUV: Small,3.5,6,AS8,X,12.2,9,10.8,26,252,4,5,3,7
2018,Lexus,RX 350 L AWD,SUV: Small,3.5,6,AS8,X,13.1,9.4,11.1,25,268,4,5,3,7
2018,Lexus,RX 450h AWD,SUV: Standard,3.5,6,AV6,Z,7.5,8.4,7.9,36,185,7,7,6,8
2018,Lincoln,Continental AWD,Full-size,2.7,6,AS6,X,14,9.4,12,24,280,4,5,2,7
2018,Lincoln,Continental AWD,Full-size,3,6,AS6,X,14.5,9.8,12.3,23,290,3,5,2,7
2018,Lincoln,Continental AWD,Full-size,3.7,6,AS6,X,14.3,9.7,12.2,23,287,3,3,2,7
2018,Lincoln,MKC AWD,SUV: Small,2,4,AS6,X,12.3,9.3,10.9,26,256,4,5,3,7
2018,Lincoln,MKC AWD (Start/Stop),SUV: Small,2,4,AS6,X,12.1,9.3,10.8,26,254,4,5,3,7
2018,Lincoln,MKC AWD,SUV: Small,2.3,4,AS6,X,13.1,9.4,11.5,25,269,4,3,3,7
2018,Lincoln,MKT AWD,SUV: Standard,3.5,6,AS6,X,15.7,11.2,13.7,21,322,3,3,1,6
2018,Lincoln,MKT Livery AWD,Special purpose vehicle,3.7,6,A6,X,14.7,10.2,12.7,22,298,3,3,2,6
2018,Lincoln,MKX AWD,SUV: Small,2.7,6,AS6,X,14.1,9.8,12.1,23,284,3,5,2,7
2018,Lincoln,MKX AWD,SUV: Small,3.7,6,AS6,X,14.3,10.3,12.5,23,293,3,3,2,6
2018,Lincoln,MKZ AWD,Mid-size,2,4,AS6,X,11.8,8.4,10.3,27,242,5,5,4,7
2018,Lincoln,MKZ AWD,Mid-size,3,6,AS6,X,14,9.2,11.8,24,278,4,5,2,7
2018,Lincoln,MKZ Hybrid,Mid-size,2,4,AV,X,5.7,6.2,5.9,48,139,9,7,8,9
2018,Lincoln,Navigator 4X4,SUV: Standard,3.5,6,AS10,X,14.9,11.3,13.3,21,310,3,5,1,6
2018,Maserati,Ghibli,Mid-size,3,6,AS8,Z,14.1,9.8,12.2,23,286,3,1,2,7
2018,Maserati,Ghibli S,Mid-size,3,6,AS8,Z,14.5,10,12.4,23,293,3,1,2,6
2018,Maserati,Ghibli SQ4,Mid-size,3,6,AS8,Z,14.7,9.9,12.6,22,295,3,1,2,7
2018,Maserati,Granturismo,Subcompact,4.7,8,AS6,Z,18.2,11.4,15.1,19,355,2,1,1,6
2018,Maserati,Granturismo Convertible,Subcompact,4.7,8,AS6,Z,18.2,11.6,15.2,19,358,2,1,1,6
2018,Maserati,Levante,SUV: Standard,3,6,AS8,Z,16.4,11.9,14.4,20,340,2,1,1,6
2018,Maserati,Levante S,SUV: Standard,3,6,AS8,Z,16.6,12.2,14.7,19,346,2,1,1,5
2018,Maserati,Quattroporte GTS,Full-size,3.8,8,AS8,Z,16.1,10.8,13.7,21,321,3,1,1,6
2018,Maserati,Quattroporte S,Full-size,3,6,AS8,Z,14.9,10.3,12.8,22,300,3,1,2,6
2018,Maserati,Quattroporte SQ4,Full-size,3,6,AS8,Z,15,10.3,12.8,22,301,3,1,1,6
2018,Mazda,CX-3,Compact,2,4,AS6,X,8.2,6.9,7.6,37,180,7,3,6,8
2018,Mazda,CX-3,Compact,2,4,M6,X,9,7,8.1,35,189,6,3,6,8
2018,Mazda,CX-3 4WD,Compact,2,4,AS6,X,8.8,7.5,8.2,34,192,6,3,6,8
2018,Mazda,CX-5,SUV: Small,2,4,M6,X,9.7,7.7,8.8,32,206,6,3,5,8
2018,Mazda,CX-5,SUV: Small,2.5,4,AS6,X,9.7,7.8,8.8,32,206,6,7,5,8
2018,Mazda,CX-5 (Cylinder Deactivation),SUV: Small,2.5,4,AS6,X,9.3,7.6,8.5,33,201,6,7,5,8
2018,Mazda,CX-5 4WD,SUV: Small,2.5,4,AS6,X,10.2,8.2,9.3,30,217,5,7,5,7
2018,Mazda,CX-5 4WD (Cylinder Deactivation),SUV: Small,2.5,4,AS6,X,9.8,7.9,9,31,209,5,7,5,8
2018,Mazda,CX-9,SUV: Small,2.5,4,AS6,X,10.6,8.4,9.6,29,225,5,3,5,7
2018,Mazda,CX-9 4WD,SUV: Small,2.5,4,AS6,X,11.5,8.9,10.4,27,242,5,3,4,7
2018,Mazda,Mazda3 4-Door,Compact,2,4,AS6,X,8.4,6.4,7.5,38,176,7,7,6,9
2018,Mazda,Mazda3 4-Door,Compact,2,4,M6,X,8.5,6.2,7.5,38,175,7,7,7,9
2018,Mazda,Mazda3 4-Door (SIL),Compact,2,4,M6,X,8.5,6.2,7.5,38,175,7,7,7,9
2018,Mazda,Mazda3 4-Door,Compact,2.5,4,AS6,X,8.8,6.6,7.8,36,182,7,7,6,8
2018,Mazda,Mazda3 4-Door (i-ELOOP),Compact,2.5,4,AS6,X,8.5,6.4,7.6,37,176,7,7,6,9
2018,Mazda,Mazda3 4-Door (SIL),Compact,2.5,4,M6,X,9.3,6.9,8.2,34,194,6,3,6,8
2018,Mazda,Mazda3 5-Door,Mid-size,2,4,AS6,X,8.4,6.4,7.5,38,174,7,7,7,9
2018,Mazda,Mazda3 5-Door (SIL),Mid-size,2,4,M6,X,8.6,6.4,7.6,37,178,7,7,6,9
2018,Mazda,Mazda3 5-Door,Mid-size,2.5,4,AS6,X,9,6.7,7.8,36,187,7,7,6,8
2018,Mazda,Mazda3 5-Door (i-ELOOP),Mid-size,2.5,4,AS6,X,8.7,6.6,7.8,36,181,7,7,6,8
2018,Mazda,Mazda3 5-Door (SIL),Mid-size,2.5,4,M6,X,9.6,7,8.4,34,198,6,3,6,8
2018,Mazda,Mazda6,Mid-size,2.5,4,AS6,X,9.1,6.7,8,35,187,7,7,6,8
2018,Mazda,Mazda6 Turbo,Mid-size,2.5,4,AS6,X,10,7.5,8.9,32,208,6,3,5,8
2018,Mazda,MX-5,Two-seater,2,4,AS6,Z,9.1,6.8,8,35,188,6,3,6,8
2018,Mazda,MX-5 (SIL),Two-seater,2,4,M6,Z,8.9,7.1,8.1,35,189,6,3,6,8
2018,Mercedes-Benz,AMG C 43 4MATIC,Compact,3,6,A9,Z,11.8,8.8,10.4,27,244,5,5,4,7
2018,Mercedes-Benz,AMG C 43 4MATIC Cabriolet,Subcompact,3,6,A9,Z,12.3,9.4,11,26,256,4,5,3,7
2018,Mercedes-Benz,AMG C 43 4MATIC Coupe,Subcompact,3,6,A9,Z,11.8,8.8,10.5,27,245,5,5,4,7
2018,Mercedes-Benz,AMG C 63,Compact,4,8,A7,Z,13.4,9.6,11.7,24,274,4,5,3,7
2018,Mercedes-Benz,AMG C 63 Cabriolet,Subcompact,4,8,A7,Z,14,10.4,12.4,23,291,3,5,2,6
2018,Mercedes-Benz,AMG C 63 Coupe,Subcompact,4,8,A7,Z,13.8,10.1,12.1,23,285,3,5,2,6
2018,Mercedes-Benz,AMG C 63 S,Compact,4,8,A7,Z,13.4,9.6,11.7,24,274,4,5,3,7
2018,Mercedes-Benz,AMG C 63 S Cabriolet,Subcompact,4,8,A7,Z,14,10.4,12.4,23,291,3,5,2,6
2018,Mercedes-Benz,AMG C 63 S Coupe,Subcompact,4,8,A7,Z,13.8,10.2,12.2,23,285,3,5,2,6
2018,Mercedes-Benz,AMG CLA 45 4MATIC,Compact,2,4,AM7,Z,10.3,7.9,9.2,31,217,5,3,5,8
2018,Mercedes-Benz,AMG E 43 4MATIC,Mid-size,3,6,A9,Z,12.4,9.4,11.1,25,258,4,5,3,7
2018,Mercedes-Benz,AMG E 63 S 4MATIC,Mid-size,4,8,A9,Z,15.5,10.6,13.3,21,313,3,5,1,6
2018,Mercedes-Benz,AMG E 63 S 4MATIC Wagon,Station wagon: Mid-size,4,8,A9,Z,15.2,11,13.3,21,312,3,5,1,6
2018,Mercedes-Benz,AMG G 63,SUV: Standard,5.5,8,A7,Z,19.9,15.5,17.9,16,419,1,3,1,4
2018,Mercedes-Benz,AMG G 65,SUV: Standard,6,12,A7,Z,22.2,18,20.3,14,473,1,3,1,2
2018,Mercedes-Benz,AMG GLA 45 4MATIC,Station wagon: Mid-size,2,4,AM7,Z,10.7,8.3,9.6,29,225,5,3,5,7
2018,Mercedes-Benz,AMG GLC 43 4MATIC,SUV: Small,3,6,A9,Z,13.1,10.1,11.8,24,277,4,5,2,6
2018,Mercedes-Benz,AMG GLC 43 4MATIC Coupe,SUV: Small,3,6,A9,Z,13,9.9,11.6,24,272,4,5,3,7
2018,Mercedes-Benz,AMG GLE 43 4MATIC,SUV: Standard,3,6,A9,Z,13.5,10.3,12.1,23,282,4,3,2,6
2018,Mercedes-Benz,AMG GLE 43 4MATIC Coupe,SUV: Standard,3,6,A9,Z,13.5,10.6,12.2,23,285,3,3,2,6
2018,Mercedes-Benz,AMG GLE 63 S 4MATIC,SUV: Standard,5.5,8,A7,Z,17.2,13.4,15.5,18,364,2,3,1,5
2018,Mercedes-Benz,AMG GLE 63 S 4MATIC Coupe,SUV: Standard,5.5,8,A7,Z,17.2,12.8,15.2,19,357,2,3,1,5
2018,Mercedes-Benz,AMG GLS 63 4MATIC,SUV: Standard,5.5,8,A7,Z,17.6,13.3,15.7,18,367,2,3,1,5
2018,Mercedes-Benz,AMG GT Coupe,Two-seater,4,8,AM7,Z,14.5,10.8,12.8,22,302,3,5,1,6
2018,Mercedes-Benz,AMG GT Roadster,Two-seater,4,8,AM7,Z,14.7,11,13,22,304,3,5,1,6
2018,Mercedes-Benz,AMG GT C Coupe,Two-seater,4,8,AM7,Z,15.5,11.7,13.8,20,322,3,5,1,6
2018,Mercedes-Benz,AMG GT C Roadster,Two-seater,4,8,AM7,Z,15.5,11.7,13.8,20,322,3,5,1,6
2018,Mercedes-Benz,AMG GT R Coupe,Two-seater,4,8,AM7,Z,15.6,11.9,13.9,20,324,3,5,1,6
2018,Mercedes-Benz,AMG GT S Coupe,Two-seater,4,8,AM7,Z,14.5,10.8,12.8,22,302,3,5,1,6
2018,Mercedes-Benz,AMG S 63 4MATIC,Full-size,4,8,A9,Z,14.1,8.9,11.8,24,275,4,5,3,7
2018,Mercedes-Benz,AMG S 63 4MATIC Cabriolet,Subcompact,4,8,A9,Z,15.8,9.8,13.1,22,306,3,5,1,7
2018,Mercedes-Benz,AMG S 63 4MATIC Coupe,Compact,4,8,A9,Z,14,8.7,11.6,24,271,4,5,3,7
2018,Mercedes-Benz,AMG S 65,Full-size,6,12,A7,Z,18.6,10.9,15.1,19,356,2,3,1,6
2018,Mercedes-Benz,AMG SL 63,Two-seater,5.5,8,A7,Z,14.7,9.5,12.4,23,291,3,1,2,7
2018,Mercedes-Benz,AMG SL 65,Two-seater,6,12,A7,Z,17.6,10.8,14.5,19,339,2,3,1,6
2018,Mercedes-Benz,AMG SLC 43,Two-seater,3,6,A9,Z,11.6,8.2,10.1,28,236,5,5,4,7
2018,Mercedes-Benz,B 250,Mid-size,2,4,AM7,Z,9.8,6.8,8.4,34,196,6,5,6,8
2018,Mercedes-Benz,B 250 4MATIC,Mid-size,2,4,AM7,Z,10.3,7.8,9.1,31,215,5,5,5,8
2018,Mercedes-Benz,C 300 4MATIC,Compact,2,4,A9,Z,10.5,7.5,9.1,31,214,5,5,5,8
2018,Mercedes-Benz,C 300 4MATIC Cabriolet,Subcompact,2,4,A9,Z,10.8,8,9.6,29,224,5,5,5,7
2018,Mercedes-Benz,C 300 4MATIC Coupe,Subcompact,2,4,A9,Z,10.5,7.8,9.3,30,218,5,5,5,8
2018,Mercedes-Benz,C 300 4MATIC Wagon,Station wagon: Mid-size,2,4,A9,Z,10.7,8,9.5,30,222,5,5,5,7
2018,Mercedes-Benz,CLA 250,Compact,2,4,AM7,Z,9.6,6.6,8.2,34,193,6,5,6,8
2018,Mercedes-Benz,CLA 250 4MATIC,Compact,2,4,AM7,Z,9.9,7.3,8.7,32,204,6,5,5,8
2018,Mercedes-Benz,E 300 4MATIC,Mid-size,2,4,A9,Z,11,8.1,9.7,29,227,5,5,4,7
2018,Mercedes-Benz,E 400 4MATIC,Mid-size,3,6,A9,Z,11.8,8.7,10.4,27,246,4,5,4,7
2018,Mercedes-Benz,E 400 4MATIC Cabriolet,Subcompact,3,6,A9,Z,12,9.2,10.8,26,251,4,5,3,7
2018,Mercedes-Benz,E 400 4MATIC Coupe,Subcompact,3,6,A9,Z,11.9,9,10.6,27,248,4,5,4,7
2018,Mercedes-Benz,E 400 4MATIC Wagon,Station wagon: Mid-size,3,6,A9,Z,12.4,9.5,11.1,25,261,4,5,3,7
2018,Mercedes-Benz,G 550,SUV: Standard,4,8,A7,Z,18.2,16.5,17.5,16,410,1,3,1,3
2018,Mercedes-Benz,GLA 250 4MATIC,SUV: Small,2,4,AM7,Z,10.1,7.6,9,31,209,5,5,5,8
2018,Mercedes-Benz,GLC 300 4MATIC,SUV: Small,2,4,A9,Z,11.1,8.6,10,28,240,5,5,4,7
2018,Mercedes-Benz,GLC 300 4MATIC Coupe,SUV: Small,2,4,A9,Z,11,8.7,10,28,235,5,5,4,7
2018,Mercedes-Benz,GLE 400 4MATIC,SUV: Standard,3,6,A9,Z,13.5,10.3,12.1,23,282,4,3,2,6
2018,Mercedes-Benz,GLE 550 4MATIC,SUV: Standard,4.7,8,A9,Z,15.2,11.4,13.5,21,317,3,3,1,6
2018,Mercedes-Benz,GLS 450 4MATIC,SUV: Standard,3,6,A9,Z,14.3,11.4,13,22,305,3,3,1,6
2018,Mercedes-Benz,GLS 550 4MATIC,SUV: Standard,4.7,8,A9,Z,16.5,12.6,14.7,19,346,2,3,1,5
2018,Mercedes-Benz,Maybach S 650,Full-size,6,12,A9,Z,18.4,11.1,15.1,19,355,2,3,1,6
2018,Mercedes-Benz,Metris Cargo,Special purpose vehicle,2,4,A7,Z,11.5,9.8,10.7,26,251,4,5,3,7
2018,Mercedes-Benz,Metris Passenger,Special purpose vehicle,2,4,A7,Z,12.3,10.3,11.4,25,268,4,5,3,6
2018,Mercedes-Benz,S 450 4MATIC SWB,Mid-size,3,6,A9,Z,12.8,8.5,10.9,26,255,4,3,3,7
2018,Mercedes-Benz,S 560 Cabriolet,Subcompact,4,8,A9,Z,13.9,9.2,11.8,24,276,4,5,2,7
2018,Mercedes-Benz,S 560 4MATIC,Full-size,4,8,A9,Z,13.5,8.6,11.3,25,265,4,5,3,7
2018,Mercedes-Benz,S 560 4MATIC SWB,Mid-size,4,8,A9,Z,13.1,8.8,11.2,25,261,4,5,3,7
2018,Mercedes-Benz,S 560 4MATIC Coupe,Compact,4,8,A9,Z,13.6,8.8,11.4,25,269,4,5,3,7
2018,Mercedes-Benz,SL 450,Two-seater,3,6,A9,Z,11.5,8.5,10.2,28,238,5,3,4,7
2018,Mercedes-Benz,SL 550,Two-seater,4.7,8,A9,Z,13.5,9.6,11.8,24,275,4,1,3,7
2018,Mercedes-Benz,SLC 300,Two-seater,2,4,A9,Z,9.6,7.4,8.6,33,202,6,3,5,8
2018,MINI,Cooper 3 Door,Subcompact,1.5,3,AS6,Z,8.7,6.8,7.9,36,184,7,7,6,8
2018,MINI,Cooper 3 Door,Subcompact,1.5,3,M6,Z,8.5,6.2,7.5,38,175,7,7,7,9
2018,MINI,Cooper 5 Door,Subcompact,1.5,3,AS6,Z,8.7,6.8,7.9,36,184,7,7,6,8
2018,MINI,Cooper 5 Door,Subcompact,1.5,3,M6,Z,8.4,6.3,7.4,38,174,7,7,7,9
2018,MINI,Cooper Clubman ALL4,Mid-size,1.5,3,AS8,Z,10.2,7.6,9,31,212,5,3,5,8
2018,MINI,Cooper Clubman ALL4,Mid-size,1.5,3,M6,Z,10.5,7.4,9.1,31,214,5,3,5,8
2018,MINI,Cooper Convertible,Minicompact,1.5,3,AS6,Z,8.7,6.8,7.9,36,184,7,7,6,8
2018,MINI,Cooper Convertible,Minicompact,1.5,3,M6,Z,8.4,6.3,7.4,38,174,7,7,7,9
2018,MINI,Cooper Countryman ALL4,Station wagon: Small,1.5,3,AS8,Z,10.3,7.9,9.2,31,215,5,3,5,8
2018,MINI,Cooper Countryman ALL4,Station wagon: Small,1.5,3,M6,Z,10.5,7.4,9.1,31,214,5,3,5,8
2018,MINI,Cooper S 3 Door,Subcompact,2,4,AS6,Z,9.3,7.3,8.4,34,197,6,7,6,8
2018,MINI,Cooper S 3 Door,Subcompact,2,4,M6,Z,10.3,7.4,9,31,210,5,7,5,8
2018,MINI,Cooper S 5 Door,Subcompact,2,4,AS6,Z,9.3,7.3,8.4,34,197,6,7,6,8
2018,MINI,Cooper S 5 Door,Subcompact,2,4,M6,Z,10.3,7.4,9,31,210,5,7,5,8
2018,MINI,Cooper S Clubman ALL4,Mid-size,2,4,AS8,Z,10.5,7.6,9.2,31,215,5,7,5,8
2018,MINI,Cooper S Clubman ALL4,Mid-size,2,4,M6,Z,11.4,7.8,9.7,29,227,5,7,4,8
2018,MINI,Cooper S Convertible,Minicompact,2,4,AS6,Z,9.3,7.1,8.3,34,195,6,7,6,8
2018,MINI,Cooper S Convertible,Minicompact,2,4,M6,Z,10.3,7.4,9,31,210,5,7,5,8
2018,MINI,Cooper S Countryman ALL4,Mid-size,2,4,AS8,Z,10.5,7.6,9.2,31,215,5,7,5,8
2018,MINI,Cooper S Countryman ALL4,Mid-size,2,4,M6,Z,11.3,7.7,9.7,29,227,5,7,4,8
2018,MINI,John Cooper Works,Subcompact,2,4,AS6,Z,9.3,7.3,8.4,34,197,6,3,6,8
2018,MINI,John Cooper Works,Subcompact,2,4,M6,Z,10.3,7.4,9,31,210,5,3,5,8
2018,MINI,John Cooper Works Clubman ALL4,Mid-size,2,4,AS8,Z,10.2,7.5,9,31,211,5,3,5,8
2018,MINI,John Cooper Works Clubman ALL4,Mid-size,2,4,M6,Z,11.4,7.6,9.7,29,228,5,3,4,8
2018,MINI,John Cooper Works Convertible,Minicompact,2,4,AS6,Z,9.8,7.3,8.7,32,203,6,3,5,8
2018,MINI,John Cooper Works Convertible,Minicompact,2,4,M6,Z,10.8,7.7,9.4,30,220,5,3,5,8
2018,MINI,John Cooper Works Countryman ALL4,Mid-size,2,4,AS8,Z,10.6,7.8,9.3,30,220,5,3,5,8
2018,MINI,John Cooper Works Countryman ALL4,Mid-size,2,4,M6,Z,11.5,8,9.9,29,232,5,3,4,7
2018,Mitsubishi,Eclipse Cross,SUV: Small,1.5,4,AV8,X,9.4,8.4,8.9,32,208,6,5,5,7
2018,Mitsubishi,Eclipse Cross 4WD,SUV: Small,1.5,4,AV8,X,9.6,8.9,9.3,30,216,5,5,5,7
2018,Mitsubishi,Mirage,Compact,1.2,3,AV,X,6.4,5.5,6,47,141,9,5,8,9
2018,Mitsubishi,Mirage,Compact,1.2,3,M5,X,7.1,5.8,6.5,43,150,8,5,8,9
2018,Mitsubishi,Mirage G4,Compact,1.2,3,AV,X,6.9,5.7,6.4,44,149,8,5,8,9
2018,Mitsubishi,Mirage G4,Compact,1.2,3,M5,X,7.2,5.9,6.6,43,155,8,5,7,9
2018,Mitsubishi,Outlander 4WD,SUV: Small,2.4,4,AV6,X,9.9,8.1,9.1,31,212,5,5,5,7
2018,Mitsubishi,Outlander 4WD,SUV: Small,3,6,AS6,Z,12,8.8,10.6,27,248,4,5,4,7
2018,Mitsubishi,RVR,SUV: Small,2,4,AV6,X,9.7,7.8,8.8,32,204,6,5,5,8
2018,Mitsubishi,RVR,SUV: Small,2,4,M5,X,10.3,8.2,9.3,30,216,5,5,5,7
2018,Mitsubishi,RVR 4WD,SUV: Small,2,4,AV6,X,10.1,8.2,9.2,31,213,5,5,5,7
2018,Mitsubishi,RVR 4WD,SUV: Small,2.4,4,AV6,X,10.3,8.3,9.4,30,219,5,5,5,7
2018,Nissan,370Z,Two-seater,3.7,6,AS7,Z,12.6,9.3,11.1,25,261,4,3,3,7
2018,Nissan,370Z,Two-seater,3.7,6,M6,Z,13.3,9.3,11.5,25,269,4,3,3,7
2018,Nissan,370Z Roadster,Two-seater,3.7,6,AS7,Z,13,9.7,11.5,25,270,4,3,3,7
2018,Nissan,370Z Roadster,Two-seater,3.7,6,M6,Z,13.6,9.7,11.8,24,278,4,3,2,7
2018,Nissan,Altima,Mid-size,2.5,4,AV,X,8.7,6.3,7.6,37,179,7,7,6,9
2018,Nissan,Altima SR,Mid-size,2.5,4,AV7,X,8.9,6.4,7.8,36,185,7,7,6,9
2018,Nissan,Altima,Mid-size,3.5,6,AV7,X,10.6,7.3,9.1,31,214,5,3,5,8
2018,Nissan,Armada 4WD,SUV: Standard,5.6,8,AS7,X,17.5,12.8,15.4,18,362,2,3,1,5
2018,Nissan,Frontier,Pickup truck: Small,2.5,4,A5,X,13.6,10.7,12.3,23,290,3,3,2,6
2018,Nissan,Frontier,Pickup truck: Small,2.5,4,M5,X,12.2,10.4,11.4,25,268,4,3,3,6
2018,Nissan,Frontier,Pickup truck: Small,4,6,A5,X,14.7,10.4,12.8,22,300,3,3,2,6
2018,Nissan,Frontier 4WD,Pickup truck: Small,4,6,A5,X,15.8,11.5,13.9,20,326,3,3,1,6
2018,Nissan,Frontier 4WD,Pickup truck: Small,4,6,M6,X,15.1,11.5,13.5,21,317,3,3,1,6
2018,Nissan,GT-R,Subcompact,3.8,6,AM6,Z,14.5,10.7,12.8,22,300,3,3,2,6
2018,Nissan,Kicks,Mid-size,1.6,4,AV,X,7.7,6.6,7.2,39,169,8,7,7,8
2018,Nissan,Maxima,Mid-size,3.5,6,AV7,Z,11.1,7.8,9.6,29,227,5,3,4,8
2018,Nissan,Micra,Compact,1.6,4,A4,X,9,6.8,8,35,188,6,3,6,8
2018,Nissan,Micra,Compact,1.6,4,M5,X,8.7,6.8,7.9,36,186,7,3,6,8
2018,Nissan,Murano,Station wagon: Mid-size,3.5,6,AV7,X,11,8.3,9.8,29,230,5,5,4,7
2018,Nissan,Murano AWD,Station wagon: Mid-size,3.5,6,AV7,X,11.2,8.4,9.9,29,232,5,5,4,7
2018,Nissan,NV200 Cargo Van,Special purpose vehicle,2,4,AV,X,9.8,8.8,9.3,30,218,5,3,5,7
2018,Nissan,Pathfinder,SUV: Small,3.5,6,AV,X,11.6,8.5,10.2,28,240,5,5,4,7
2018,Nissan,Pathfinder 4WD,SUV: Small,3.5,6,AV,X,12.1,8.9,10.7,26,250,4,5,4,7
2018,Nissan,Pathfinder 4WD Platinum,SUV: Small,3.5,6,AV,X,12.4,9.2,11,26,259,4,3,3,7
2018,Nissan,Qashqai,Station wagon: Small,2,4,AV,X,8.8,7.3,8.1,35,191,6,5,6,8
2018,Nissan,Qashqai,Station wagon: Small,2,4,M6,X,10,8.1,9.2,31,216,5,5,5,7
2018,Nissan,Qashqai AWD,Station wagon: Small,2,4,AV,X,9,7.5,8.4,34,196,6,5,6,8
2018,Nissan,Rogue,SUV: Small,2.5,4,AV,X,9.2,7,8.2,34,192,6,5,6,8
2018,Nissan,Rogue AWD,SUV: Small,2.5,4,AV,X,9.7,7.4,8.7,32,205,6,5,5,8
2018,Nissan,Sentra (Turbo),Mid-size,1.6,4,AV7,Z,8.9,7.3,8.2,34,193,6,3,6,8
2018,Nissan,Sentra (Turbo),Mid-size,1.6,4,M6,Z,9.1,7.3,8.3,34,195,6,3,6,8
2018,Nissan,Sentra,Mid-size,1.8,4,AV,X,8.1,6.3,7.3,39,172,7,7,7,9
2018,Nissan,Sentra,Mid-size,1.8,4,M6,X,8.9,6.8,8,35,187,7,1,6,8
2018,Nissan,Sentra Nismo,Mid-size,1.6,4,AV7,Z,9.4,7.8,8.7,32,205,6,3,5,8
2018,Nissan,Sentra Nismo,Mid-size,1.6,4,M6,Z,9.5,7.6,8.7,32,204,6,3,5,8
2018,Nissan,Titan,Pickup truck: Standard,5.6,8,AS7,X,15,11.2,13.3,21,312,3,3,1,6
2018,Nissan,Titan 4WD,Pickup truck: Standard,5.6,8,AS7,X,15.2,11.1,13.4,21,315,3,3,1,6
2018,Nissan,Titan 4WD Pro-4X,Pickup truck: Standard,5.6,8,AS7,X,15.9,11.9,14.1,20,331,3,3,1,6
2018,Nissan,Versa,Mid-size,1.6,4,AV,X,7.6,6.2,7,40,164,8,5,7,9
2018,Nissan,Versa,Mid-size,1.6,4,M5,X,8.6,6.6,7.7,37,180,7,5,6,8
2018,Porsche,911 Carrera,Minicompact,3,6,AM7,Z,10.6,8,9.4,30,221,5,1,5,7
2018,Porsche,911 Carrera,Minicompact,3,6,M7,Z,11.8,8.1,10.1,28,237,5,1,4,7
2018,Porsche,911 Carrera Cabriolet,Minicompact,3,6,AM7,Z,10.8,8.3,9.7,29,227,5,1,4,7
2018,Porsche,911 Carrera Cabriolet,Minicompact,3,6,M7,Z,12,8.2,10.3,27,241,5,1,4,7
2018,Porsche,911 Carrera GTS,Minicompact,3,6,AM7,Z,11.5,9.1,10.4,27,243,5,1,4,7
2018,Porsche,911 Carrera GTS,Minicompact,3,6,M7,Z,13,8.9,11.1,25,260,4,1,3,7
2018,Porsche,911 Carrera GTS Cabriolet,Minicompact,3,6,AM7,Z,11.8,9.2,10.6,27,249,4,1,4,7
2018,Porsche,911 Carrera GTS Cabriolet,Minicompact,3,6,M7,Z,12.7,9,11,26,258,4,1,3,7
2018,Porsche,911 Carrera S,Minicompact,3,6,AM7,Z,10.8,8.3,9.7,29,226,5,1,4,7
2018,Porsche,911 Carrera S,Minicompact,3,6,M7,Z,12.1,8.3,10.4,27,242,5,1,4,7
2018,Porsche,911 Carrera S Cabriolet,Minicompact,3,6,AM7,Z,10.8,8.4,9.7,29,228,5,1,4,7
2018,Porsche,911 Carrera S Cabriolet,Minicompact,3,6,M7,Z,12.1,8.3,10.4,27,243,5,1,4,7
2018,Porsche,911 Carrera 4,Minicompact,3,6,AM7,Z,10.7,8.3,9.6,29,225,5,1,5,7
2018,Porsche,911 Carrera 4,Minicompact,3,6,M7,Z,12.1,8.3,10.4,27,242,5,1,4,7
2018,Porsche,911 Carrera 4 Cabriolet,Minicompact,3,6,AM7,Z,11,8.4,9.8,29,230,5,1,4,7
2018,Porsche,911 Carrera 4 Cabriolet,Minicompact,3,6,M7,Z,12.2,8.5,10.5,27,246,5,1,4,7
2018,Porsche,911 Carrera 4 GTS,Minicompact,3,6,AM7,Z,11.8,9.2,10.6,27,248,4,1,4,7
2018,Porsche,911 Carrera 4 GTS,Minicompact,3,6,M7,Z,12.8,8.9,11,26,257,4,1,3,7
2018,Porsche,911 Carrera 4 GTS Cabriolet,Minicompact,3,6,AM7,Z,11.9,9.3,10.7,26,250,4,1,4,7
2018,Porsche,911 Carrera 4 GTS Cabriolet,Minicompact,3,6,M7,Z,12.9,9.1,11.1,25,260,4,1,3,7
2018,Porsche,911 Carrera 4S,Minicompact,3,6,AM7,Z,11,8.5,9.9,29,232,5,1,4,7
2018,Porsche,911 Carrera 4S,Minicompact,3,6,M7,Z,12.1,8.4,10.4,27,243,5,1,4,7
2018,Porsche,911 Carrera 4S Cabriolet,Minicompact,3,6,AM7,Z,10.9,8.5,9.9,29,231,5,1,4,7
2018,Porsche,911 Carrera 4S Cabriolet,Minicompact,3,6,M7,Z,12.2,8.5,10.5,27,246,4,1,4,7
2018,Porsche,911 GT3,Two-seater,4,6,AM7,Z,15.8,11.6,13.9,20,324,3,1,1,6
2018,Porsche,911 GT3,Two-seater,4,6,M6,Z,18,11.5,15.1,19,352,2,1,1,6
2018,Porsche,911 Targa 4,Minicompact,3,6,AM7,Z,10.9,8.4,9.8,29,228,5,1,4,7
2018,Porsche,911 Targa 4,Minicompact,3,6,M7,Z,12.2,8.5,10.5,27,246,5,1,4,7
2018,Porsche,911 Targa 4 GTS,Minicompact,3,6,AM7,Z,12.1,9.2,10.8,26,251,4,1,3,7
2018,Porsche,911 Targa 4 GTS,Minicompact,3,6,M7,Z,13.2,9.2,11.4,25,266,4,1,3,7
2018,Porsche,911 Targa 4S,Minicompact,3,6,AM7,Z,11.1,8.6,10,28,233,5,1,4,7
2018,Porsche,911 Targa 4S,Minicompact,3,6,M7,Z,12.2,8.5,10.5,27,246,4,1,4,7
2018,Porsche,911 Turbo,Minicompact,3.8,6,AM7,Z,12.6,9.9,11.4,25,266,4,1,3,7
2018,Porsche,911 Turbo Cabriolet,Minicompact,3.8,6,AM7,Z,12.6,9.9,11.4,25,267,4,1,3,7
2018,Porsche,911 Turbo S,Minicompact,3.8,6,AM7,Z,12.6,9.9,11.4,25,266,4,1,3,7
2018,Porsche,911 Turbo S Cabriolet,Minicompact,3.8,6,AM7,Z,12.6,9.9,11.4,25,267,4,1,3,7
2018,Porsche,911 Turbo S Exclusive,Minicompact,3.8,6,AM7,Z,13.8,10.3,12.3,23,285,3,1,2,6
2018,Porsche,Boxster,Two-seater,2,4,AM7,Z,10.5,8,9.4,30,219,5,1,5,7
2018,Porsche,Boxster,Two-seater,2,4,M6,Z,11,8.3,9.8,29,229,5,1,4,7
2018,Porsche,Boxster GTS,Two-seater,2.5,4,AM7,Z,11.8,9.2,10.6,27,249,4,1,4,7
2018,Porsche,Boxster GTS,Two-seater,2.5,4,M6,Z,12.3,9.4,11,26,257,4,1,3,7
2018,Porsche,Boxster S,Two-seater,2.5,4,AM7,Z,11,8.4,9.9,29,230,5,1,4,7
2018,Porsche,Boxster S,Two-seater,2.5,4,M6,Z,12.1,9,10.7,26,249,4,1,4,7
2018,Porsche,Cayenne,SUV: Standard,3.6,6,A8,Z,12.9,9.7,11.5,25,268,4,1,3,7
2018,Porsche,Cayenne GTS,SUV: Standard,3.6,6,A8,Z,14.5,10.4,12.6,22,296,3,1,2,6
2018,Porsche,Cayenne Platinum,SUV: Standard,3.6,6,A8,Z,13.6,10.2,12.1,23,281,4,1,2,6
2018,Porsche,Cayenne S,SUV: Standard,3.6,6,A8,Z,13.9,9.6,12,24,281,4,1,2,7
2018,Porsche,Cayenne Turbo,SUV: Standard,4.8,8,A8,Z,16.7,11.2,14.3,20,334,3,1,1,6
2018,Porsche,Cayenne Turbo S,SUV: Standard,4.8,8,A8,Z,16.7,11.2,14.3,20,334,3,1,1,6
2018,Porsche,Cayman,Two-seater,2,4,AM7,Z,10.5,8,9.4,30,219,5,1,5,7
2018,Porsche,Cayman,Two-seater,2,4,M6,Z,11,8.3,9.8,29,229,5,1,4,7
2018,Porsche,Cayman GTS,Two-seater,2.5,4,AM7,Z,11.8,9.2,10.6,27,249,4,1,4,7
2018,Porsche,Cayman GTS,Two-seater,2.5,4,M6,Z,12.3,9.4,11,26,257,4,1,3,7
2018,Porsche,Cayman S,Two-seater,2.5,4,AM7,Z,11,8.4,9.9,29,230,5,1,4,7
2018,Porsche,Cayman S,Two-seater,2.5,4,M6,Z,12.1,9,10.7,26,249,4,1,4,7
2018,Porsche,Macan,SUV: Small,2,4,A7,Z,11.6,9.3,10.6,27,248,4,1,4,7
2018,Porsche,Macan GTS,SUV: Small,3,6,A7,Z,13.8,10.3,12.3,23,287,3,1,2,6
2018,Porsche,Macan S,SUV: Small,3,6,A7,Z,13.7,10.3,12.2,23,285,3,1,2,6
2018,Porsche,Macan Turbo,SUV: Small,3.6,6,A7,Z,14.2,10.1,12.3,23,287,3,1,2,6
2018,Porsche,Macan Turbo Kit,SUV: Small,3.6,6,A7,Z,14.1,10.1,12.3,23,286,3,1,2,6
2018,Porsche,Panamera,Full-size,3,6,AM8,Z,11,8.3,9.8,29,229,5,1,4,7
2018,Porsche,Panamera 4,Full-size,3,6,AM8,Z,11.3,8.6,10.1,28,235,5,1,4,7
2018,Porsche,Panamera 4 Executive,Full-size,3,6,AM8,Z,11.3,8.6,10.1,28,235,5,1,4,7
2018,Porsche,Panamera 4 ST,Full-size,3,6,AM8,Z,11.5,9,10.4,27,242,5,1,4,7
2018,Porsche,Panamera 4S,Full-size,2.9,6,AM8,Z,11.3,8.5,10.1,28,235,5,1,4,7
2018,Porsche,Panamera 4S Executive,Full-size,2.9,6,AM8,Z,11.3,8.5,10.1,28,235,5,1,4,7
2018,Porsche,Panamera 4S ST,Full-size,2.9,6,AM8,Z,12.1,9,10.7,26,249,4,1,4,7
2018,Porsche,Panamera Turbo,Full-size,4,8,AM8,Z,12.8,9.2,11.2,25,261,4,1,3,7
2018,Porsche,Panamera Turbo Executive,Full-size,4,8,AM8,Z,12.8,9.2,11.2,25,261,4,1,3,7
2018,Porsche,Panamera Turbo ST,Full-size,4,8,AM8,Z,13.4,10.1,11.9,24,279,4,1,2,6
2018,Ram,1500 FFV,Pickup truck: Standard,3.6,6,A8,X,13.9,9.6,11.9,24,280,4,3,2,7
2018,Ram,1500 FFV,Pickup truck: Standard,3.6,6,A8,E,19.7,13.8,17,17,283,4,3,2,5
2018,Ram,1500,Pickup truck: Standard,5.7,8,A6,X,17,12,14.8,19,346,2,3,1,5
2018,Ram,1500,Pickup truck: Standard,5.7,8,A8,X,15.7,11,13.6,21,319,3,3,1,6
2018,Ram,1500 EcoDiesel,Pickup truck: Standard,3,6,A8,D,11.8,8.6,10.4,27,278,4,1,2,7
2018,Ram,1500 4X4 FFV,Pickup truck: Standard,3.6,6,A8,X,14.5,10.2,12.6,22,294,3,3,2,6
2018,Ram,1500 4X4 FFV,Pickup truck: Standard,3.6,6,A8,E,20.7,14.7,18,16,300,3,3,2,4
2018,Ram,1500 4X4,Pickup truck: Standard,5.7,8,A6,X,18.7,13.3,16.3,17,382,1,3,1,5
2018,Ram,1500 4X4,Pickup truck: Standard,5.7,8,A8,X,16.1,11.5,14,20,328,3,3,1,6
2018,Ram,1500 4X4 EcoDiesel,Pickup truck: Standard,3,6,A8,D,12.3,8.8,10.8,26,289,3,1,2,7
2018,Ram,ProMaster City,Special purpose vehicle,2.4,4,A9,X,11.2,8.3,9.9,29,232,5,3,4,7
2018,Rolls-Royce,Dawn,Compact,6.6,12,AS8,Z,20.3,13,17,17,397,1,3,1,5
2018,Rolls-Royce,Ghost,Full-size,6.6,12,AS8,Z,20.3,13,17,17,397,1,3,1,5
2018,Rolls-Royce,Ghost EWB,Full-size,6.6,12,AS8,Z,20.3,13,17,17,397,1,3,1,5
2018,Rolls-Royce,Phantom,Full-size,6.7,12,AS8,Z,20,12.4,16.6,17,387,1,3,1,5
2018,Rolls-Royce,Phantom EWB,Full-size,6.7,12,AS8,Z,20,12.4,16.6,17,387,1,3,1,5
2018,Rolls-Royce,Wraith,Mid-size,6.6,12,AS8,Z,19.6,12.9,16.6,17,388,1,3,1,5
2018,Subaru,BRZ,Minicompact,2,4,AS6,Z,9.7,7.2,8.6,33,200,6,1,6,8
2018,Subaru,BRZ,Minicompact,2,4,M6,Z,11.2,8.1,9.8,29,229,5,1,4,7
2018,Subaru,BRZ tS,Minicompact,2,4,M6,Z,11.6,8.6,10.2,28,239,5,1,4,7
2018,Subaru,Crosstrek AWD,SUV: Small,2,4,AV7,X,8.8,7.2,8.1,35,188,6,6,6,8
2018,Subaru,Crosstrek AWD,SUV: Small,2,4,M6,X,10.5,8.1,9.4,30,220,5,6,5,7
2018,Subaru,Forester AWD,SUV: Small,2,4,AV8,Z,10.2,8.6,9.5,30,223,5,1,5,7
2018,Subaru,Forester AWD,SUV: Small,2.5,4,AV6,X,9.2,7.4,8.4,34,196,6,5,6,8
2018,Subaru,Forester AWD,SUV: Small,2.5,4,M6,X,10.9,8.3,9.7,29,228,5,5,4,7
2018,Subaru,Impreza 4-Door AWD,Mid-size,2,4,AV7,X,8.3,6.4,7.5,38,174,7,6,7,9
2018,Subaru,Impreza 4-Door AWD,Mid-size,2,4,M5,X,10,7.5,8.9,32,208,6,6,5,8
2018,Subaru,Impreza 5-Door AWD,Station wagon: Small,2,4,AV7,X,8.4,6.5,7.5,38,176,7,6,6,8
2018,Subaru,Impreza 5-Door AWD,Station wagon: Small,2,4,M5,X,10.1,7.7,9,31,211,5,6,5,8
2018,Subaru,Legacy AWD,Mid-size,2.5,4,AV7,X,9.3,7,8.3,34,193,6,5,6,8
2018,Subaru,Legacy AWD,Mid-size,3.6,6,AV6,X,11.9,8.3,10.3,27,241,5,3,4,7
2018,Subaru,Outback AWD,SUV: Small,2.5,4,AV7,X,9.4,7.3,8.5,33,198,6,5,6,8
2018,Subaru,Outback AWD,SUV: Small,3.6,6,AV6,X,12,8.7,10.5,27,247,4,3,4,7
2018,Subaru,WRX AWD,Compact,2,4,AV8,Z,12.6,9.6,11.2,25,256,4,1,3,7
2018,Subaru,WRX AWD,Compact,2,4,M6,Z,11.3,8.5,10,28,235,5,1,4,7
2018,Subaru,WRX STI AWD,Compact,2.5,4,M6,Z,14.1,10.5,12.5,23,291,3,1,2,6
2018,Subaru,WRX STI AWD Type RA,Compact,2.5,4,M6,Z,14.3,10.9,12.8,22,296,3,1,2,6
2018,Toyota,4Runner 4WD,SUV: Standard,4,6,AS5,X,14.3,11.9,13.2,21,308,3,3,1,6
2018,Toyota,4Runner 4WD (Part-Time 4WD),SUV: Standard,4,6,AS5,X,14.3,11.9,13.2,21,308,3,3,1,6
2018,Toyota,86,Minicompact,2,4,AS6,Z,9.9,7.3,8.7,32,204,6,1,5,8
2018,Toyota,86,Minicompact,2,4,M6,Z,11.3,8.3,9.9,29,232,5,1,4,7
2018,Toyota,Avalon,Mid-size,3.5,6,AS6,X,11.4,7.7,9.7,29,226,5,3,4,8
2018,Toyota,Camry,Mid-size,2.5,4,AS8,X,8.1,5.7,6.9,41,164,8,7,7,9
2018,Toyota,Camry LE/SE,Mid-size,2.5,4,AS8,X,8.4,6,7.3,39,172,7,7,7,9
2018,Toyota,Camry XLE/XSE,Mid-size,2.5,4,AS8,X,8.5,6.1,7.4,38,173,7,7,7,9
2018,Toyota,Camry,Mid-size,3.5,6,AS8,X,10.5,7.1,9,31,210,5,5,5,8
2018,Toyota,Camry XSE,Mid-size,3.5,6,AS8,X,10.7,7.4,9.2,31,215,5,5,5,8
2018,Toyota,Camry Hybrid LE,Mid-size,2.5,4,AV6,X,4.9,4.8,4.9,58,113,10,7,9,10
2018,Toyota,Camry Hybrid XLE/SE,Mid-size,2.5,4,AV6,X,5.3,5,5.1,55,121,10,7,9,9
2018,Toyota,C-HR,Compact,2,4,AV7,X,8.7,7.5,8.2,34,189,6,3,6,8
2018,Toyota,Corolla,Mid-size,1.8,4,AV,X,8.3,6.5,7.5,38,174,7,3,7,8
2018,Toyota,Corolla,Mid-size,1.8,4,AV7,X,8.3,6.7,7.5,38,178,7,3,6,8
2018,Toyota,Corolla,Mid-size,1.8,4,M6,X,8.5,6.6,7.6,37,178,7,3,6,8
2018,Toyota,Corolla LE Eco (1-Mode),Mid-size,1.8,4,AV,X,7.8,5.9,6.9,41,163,8,5,7,9
2018,Toyota,Corolla LE Eco (2-Mode),Mid-size,1.8,4,AV,X,8,6.3,7.2,39,168,8,5,7,9
2018,Toyota,Corolla iM,Mid-size,1.8,4,AV7,X,8.3,6.5,7.5,38,176,7,5,6,8
2018,Toyota,Corolla iM,Mid-size,1.8,4,M6,X,8.8,6.8,7.9,36,185,7,5,6,8
2018,Toyota,Highlander,SUV: Small,3.5,6,AS8,X,11.8,8.7,10.3,27,243,5,5,4,7
2018,Toyota,Highlander AWD,SUV: Standard,3.5,6,AS8,X,12.1,9,10.6,27,251,4,5,3,7
2018,Toyota,Highlander AWD (Start/Stop System),SUV: Standard,3.5,6,AS8,X,12,8.9,10.6,27,247,4,5,4,7
2018,Toyota,Highlander AWD LE,SUV: Standard,3.5,6,AS8,X,11.7,8.8,10.4,27,242,5,5,4,7
2018,Toyota,Highlander Hybrid AWD,SUV: Standard,3.5,6,AV6,X,8.1,8.5,8.3,34,193,6,7,6,7
2018,Toyota,Prius,Mid-size,1.8,4,AV,X,4.3,4.6,4.5,63,105,10,7,9,10
2018,Toyota,Prius c,Compact,1.5,4,AV,X,4.9,5.5,5.1,55,120,10,7,9,10
2018,Toyota,Prius v,Station wagon: Mid-size,1.8,4,AV,X,5.5,6,5.8,49,135,9,7,8,9
2018,Toyota,RAV4 LE/XLE,SUV: Small,2.5,4,AS6,X,10,7.8,9,31,210,5,3,5,8
2018,Toyota,RAV4 AWD,SUV: Small,2.5,4,AS6,X,10.5,8.3,9.5,30,222,5,3,5,7
2018,Toyota,RAV4 Limited/SE AWD,SUV: Small,2.5,4,AS6,X,10.7,8.4,9.7,29,226,5,3,4,7
2018,Toyota,RAV4 Hybrid AWD,SUV: Small,2.5,4,AV6,X,6.9,7.8,7.3,39,171,7,7,7,8
2018,Toyota,Sequoia 4WD,SUV: Standard,5.7,8,AS6,X,18.4,13.8,16.4,17,384,1,5,1,5
2018,Toyota,Sienna,Minivan,3.5,6,AS8,X,12.5,8.9,10.9,26,256,4,5,3,7
2018,Toyota,Sienna AWD,Minivan,3.5,6,AS8,X,13.4,9.6,11.7,24,274,4,5,3,7
2018,Toyota,Tacoma,Pickup truck: Small,2.7,4,AS6,X,12.1,10.1,11.2,25,263,4,5,3,6
2018,Toyota,Tacoma,Pickup truck: Small,3.5,6,AS6,X,12.6,10,11.4,25,268,4,5,3,6
2018,Toyota,Tacoma 4WD,Pickup truck: Small,2.7,4,AS6,X,12.7,10.6,11.7,24,274,4,5,3,6
2018,Toyota,Tacoma 4WD,Pickup truck: Small,3.5,6,AS6,X,13.2,10.7,12.1,23,283,4,5,2,6
2018,Toyota,Tacoma 4WD,Pickup truck: Small,3.5,6,M6,X,13.8,11.4,12.7,22,299,3,5,2,6
2018,Toyota,Tacoma 4WD D-Cab Off-Road,Pickup truck: Small,3.5,6,M6,X,13.8,11.7,12.9,22,300,3,5,2,6
2018,Toyota,Tundra,Pickup truck: Standard,5.7,8,AS6,X,17.7,13.6,15.9,18,371,2,5,1,5
2018,Toyota,Tundra 4WD,Pickup truck: Standard,4.6,8,AS6,X,16.8,13.1,14.9,19,354,2,3,1,5
2018,Toyota,Tundra 4WD,Pickup truck: Standard,5.7,8,AS6,X,18,14.2,16.3,17,383,1,5,1,4
2018,Toyota,Yaris,Compact,1.5,4,AS6,X,7.3,5.8,6.6,43,155,8,3,7,9
2018,Toyota,Yaris (SIL),Compact,1.5,4,M6,X,7.8,6,6.8,42,164,8,3,7,9
2018,Toyota,Yaris Hatchback,Compact,1.5,4,A4,X,7.9,6.8,7.4,38,173,7,3,7,8
2018,Toyota,Yaris Hatchback,Compact,1.5,4,M5,X,7.8,6.5,7.2,39,168,8,3,7,8
2018,Volkswagen,Atlas,SUV: Small,2,4,AS8,X,10.8,8.9,10,28,233,5,3,4,7
2018,Volkswagen,Atlas 4MOTION,SUV: Small,3.6,6,AS8,X,13.7,10.1,12.1,23,282,4,5,2,6
2018,Volkswagen,Beetle,Compact,2,4,AS6,X,9,7.2,8.2,34,191,6,7,6,8
2018,Volkswagen,Beetle Convertible,Subcompact,2,4,AS6,X,9,7.2,8.2,34,191,6,7,6,8
2018,Volkswagen,Beetle Dune,Compact,2,4,AS6,X,9.1,6.9,8.1,35,189,6,7,6,8
2018,Volkswagen,Beetle Dune Convertible,Subcompact,2,4,AS6,X,9.1,6.9,8.1,35,189,6,7,6,8
2018,Volkswagen,Golf,Compact,1.8,4,AS6,X,9.6,7.2,8.5,33,199,6,7,6,8
2018,Volkswagen,Golf,Compact,1.8,4,M5,X,9.3,6.9,8.2,34,192,6,7,6,8
2018,Volkswagen,Golf GTI,Compact,2,4,AM6,X,9.6,7.3,8.6,33,200,6,7,6,8
2018,Volkswagen,Golf GTI,Compact,2,4,M6,X,9.6,7.2,8.5,33,199,6,7,6,8
2018,Volkswagen,Golf R,Compact,2,4,AM7,Z,10.6,8,9.4,30,220,5,3,5,7
2018,Volkswagen,Golf R,Compact,2,4,M6,Z,11.1,8.1,9.8,29,227,5,3,4,7
2018,Volkswagen,Golf Alltrack,Station wagon: Small,1.8,4,AM6,X,10.7,8,9.4,30,220,5,7,5,7
2018,Volkswagen,Golf Alltrack,Station wagon: Small,1.8,4,M6,X,11.1,7.8,9.6,29,225,5,7,5,8
2018,Volkswagen,Golf SportWagen,Station wagon: Small,1.8,4,AS6,X,9.6,7.2,8.5,33,199,6,7,6,8
2018,Volkswagen,Golf SportWagen,Station wagon: Small,1.8,4,M5,X,9.4,6.9,8.2,34,192,6,7,6,8
2018,Volkswagen,Golf SportWagen 4MOTION,Station wagon: Small,1.8,4,AM6,X,10.8,8.1,9.6,29,224,5,7,5,7
2018,Volkswagen,Golf SportWagen 4MOTION,Station wagon: Small,1.8,4,M6,X,10.8,7.6,9.3,30,218,5,7,5,8
2018,Volkswagen,Passat,Mid-size,2,4,AS6,X,9.3,6.5,8.1,35,188,6,7,6,8
2018,Volkswagen,Passat,Mid-size,3.6,6,AM6,X,12.2,8.5,10.6,27,246,4,3,4,7
2018,Volkswagen,Tiguan,SUV: Small,2,4,AS8,X,10.6,8.7,9.8,29,229,5,7,4,7
2018,Volkswagen,Tiguan 4MOTION,SUV: Small,2,4,AS8,X,11.3,8.8,10.2,28,237,5,7,4,7
2018,Volvo,S60 T5 AWD,Compact,2,4,AS8,X,11,8.1,9.7,29,226,5,3,4,7
2018,Volvo,S60 T6 AWD,Compact,2,4,AS8,Z,10.9,7.7,9.4,30,221,5,3,5,8
2018,Volvo,S60 Polestar,Compact,2,4,AS8,Z,11.8,8.5,10.3,27,241,5,1,4,7
2018,Volvo,S60 CC T5 AWD,Compact,2,4,AS8,X,10.8,7.8,9.4,30,220,5,3,5,8
2018,Volvo,S90 T5 AWD,Mid-size,2,4,AS8,Z,10.1,7.4,8.8,32,206,6,5,5,8
2018,Volvo,S90 T6 AWD,Mid-size,2,4,AS8,Z,10.6,7.6,9.3,30,216,5,5,5,8
2018,Volvo,V60 T5 AWD,Station wagon: Small,2,4,AS8,X,11,8.1,9.7,29,226,5,3,4,7
2018,Volvo,V60 T6 AWD,Station wagon: Small,2,4,AS8,Z,10.9,7.7,9.4,30,221,5,3,5,8
2018,Volvo,V60 Polestar,Station wagon: Small,2,4,AS8,Z,11.8,8.5,10.3,27,241,5,1,4,7
2018,Volvo,V60 CC T5 AWD,Station wagon: Small,2,4,AS8,X,10.8,7.8,9.4,30,220,5,3,5,8
2018,Volvo,V90 T6 AWD,Station wagon: Mid-size,2,4,AS8,Z,10.6,7.6,9.3,30,216,5,5,5,8
2018,Volvo,V90 CC T5 AWD,Station wagon: Mid-size,2,4,AS8,Z,10.4,7.7,9.2,31,214,5,5,5,8
2018,Volvo,V90 CC T6 AWD,Station wagon: Mid-size,2,4,AS8,Z,10.9,8,9.6,29,224,5,5,5,7
2018,Volvo,XC60 T5 AWD,SUV: Small,2,4,AS8,Z,10.7,8.5,9.8,29,228,5,5,4,7
2018,Volvo,XC60 T6 AWD,SUV: Small,2,4,AS8,Z,11.4,8.7,10.2,28,240,5,5,4,7
2018,Volvo,XC90 T5 AWD,SUV: Standard,2,4,AS8,Z,10.9,8.3,9.7,29,227,5,5,4,7
2018,Volvo,XC90 T6 AWD,SUV: Standard,2,4,AS8,Z,11.5,8.8,10.3,27,240,5,5,4,7
NA,NA,NA,NA,NA,NA,NA,NA,NA,NA,NA,NA,NA,NA,NA,NA,NA
Understanding the Table,NA,NA,NA,NA,NA,NA,NA,NA,NA,NA,NA,NA,NA,NA,NA,NA
Model,4WD/4X4 = Four-wheel drive,NA,NA,NA,NA,NA,NA,NA,NA,NA,NA,NA,NA,NA,NA,NA
NA,AWD = All-wheel drive,NA,NA,NA,NA,NA,NA,NA,NA,NA,NA,NA,NA,NA,NA,NA
NA,FFV = Flexible-fuel vehicle,NA,NA,NA,NA,NA,NA,NA,NA,NA,NA,NA,NA,NA,NA,NA
NA,SWB = Short wheelbase,NA,NA,NA,NA,NA,NA,NA,NA,NA,NA,NA,NA,NA,NA,NA
NA,LWB = Long wheelbase,NA,NA,NA,NA,NA,NA,NA,NA,NA,NA,NA,NA,NA,NA,NA
NA,EWB = Extended wheelbase,NA,NA,NA,NA,NA,NA,NA,NA,NA,NA,NA,NA,NA,NA,NA
Transmission,A = Automatic,NA,NA,NA,NA,NA,NA,NA,NA,NA,NA,NA,NA,NA,NA,NA
NA,AM = Automated manual,NA,NA,NA,NA,NA,NA,NA,NA,NA,NA,NA,NA,NA,NA,NA
NA,AS = Automatic with select shift,NA,NA,NA,NA,NA,NA,NA,NA,NA,NA,NA,NA,NA,NA,NA
NA,AV = Continuously variable,NA,NA,NA,NA,NA,NA,NA,NA,NA,NA,NA,NA,NA,NA,NA
NA,M = Manual,NA,NA,NA,NA,NA,NA,NA,NA,NA,NA,NA,NA,NA,NA,NA
NA,3 � 10 = Number of gears,NA,NA,NA,NA,NA,NA,NA,NA,NA,NA,NA,NA,NA,NA,NA
Fuel Type,X = Regular gasoline,NA,NA,NA,NA,NA,NA,NA,NA,NA,NA,NA,NA,NA,NA,NA
NA,Z = Premium gasoline,NA,NA,NA,NA,NA,NA,NA,NA,NA,NA,NA,NA,NA,NA,NA
NA,D = Diesel,NA,NA,NA,NA,NA,NA,NA,NA,NA,NA,NA,NA,NA,NA,NA
NA,E = Ethanol (E85),NA,NA,NA,NA,NA,NA,NA,NA,NA,NA,NA,NA,NA,NA,NA
NA,N = Natural gas,NA,NA,NA,NA,NA,NA,NA,NA,NA,NA,NA,NA,NA,NA,NA
Fuel Consumption,"City and highway fuel consumption ratings are shown in litres per 100 kilometres (L/100 km) - the combined rating (55% city, 45% hwy) is shown in L/100 km and in miles per imperial gallon (mpg)",NA,NA,NA,NA,NA,NA,NA,NA,NA,NA,NA,NA,NA,NA,NA
CO2 Emissions,the tailpipe emissions of carbon dioxide (in grams per kilometre) for combined city and highway driving,NA,NA,NA,NA,NA,NA,NA,NA,NA,NA,NA,NA,NA,NA,NA
CO2 Rating,the tailpipe emissions of carbon dioxide rated on a scale from 1 (worst) to 10 (best),NA,NA,NA,NA,NA,NA,NA,NA,NA,NA,NA,NA,NA,NA,NA
Smog Rating,the tailpipe emissions of smog-forming pollutants rated on a scale from 1 (worst) to 10 (best),NA,NA,NA,NA,NA,NA,NA,NA,NA,NA,NA,NA,NA,NA,NA
