Year,Make,Model,Vehicle Class,Engine Size (L),Cylinders,Transmission,Fuel Type,Fuel Consumption (City) (L/100 km),Fuel Consumption (Hwy) (L/100 km),Fuel Consumption (Comb) (L/100 km),Fuel Consumption (Comb) (mpg),CO2 Emissions (g/km),CO2 Rating,Smog Rating,CO2_Rating,Smog_Rating
2017,ACURA,ILX,COMPACT,2.4,4,AM8,Z,9.4,6.8,8.2,34,192,7,6,6,8
2017,ACURA,MDX SH-AWD,SUV - SMALL,3.5,6,AS9,Z,12.6,9,11,26,259,4,6,3,7
2017,ACURA,MDX SH-AWD ELITE,SUV - SMALL,3.5,6,AS9,Z,12.2,9,10.7,26,251,5,6,3,7
2017,ACURA,MDX HYBRID AWD,SUV - SMALL,3,6,AM7,Z,9.1,9,9,31,210,6,6,5,7
2017,ACURA,NSX,TWO-SEATER,3.5,6,AM9,Z,11.1,10.8,11,26,261,4,6,3,6
2017,ACURA,RDX AWD,SUV - SMALL,3.5,6,AS6,Z,12.4,8.7,10.7,26,250,5,6,4,7
2017,ACURA,RLX HYBRID,MID-SIZE,3.5,6,AM7,Z,8.2,7.8,8.1,35,190,7,8,6,8
2017,ACURA,TLX,COMPACT,2.4,4,AM8,Z,9.6,6.6,8.3,34,197,6,6,6,8
2017,ACURA,TLX SH-AWD,COMPACT,3.5,6,AS9,Z,11.2,7.5,9.6,29,226,5,6,4,8
2017,ALFA ROMEO,4C,TWO-SEATER,1.8,4,AM6,Z,9.7,6.9,8.4,34,197,6,5,6,8
2017,ALFA ROMEO,4C SPIDER,TWO-SEATER,1.8,4,AM6,Z,9.7,6.9,8.4,34,197,6,5,6,8
2017,ALFA ROMEO,GIULIA,MID-SIZE,2,4,A8,Z,10,7.2,8.7,32,205,6,6,5,8
2017,ALFA ROMEO,GIULIA AWD,MID-SIZE,2,4,A8,Z,10.5,7.7,9.2,31,217,6,6,5,8
2017,ALFA ROMEO,GIULIA QUADRIFOGLIO,MID-SIZE,2.9,6,A8,Z,13.8,9.6,11.9,24,280,4,6,2,7
2017,ASTON MARTIN,DB11 V12,MINICOMPACT,5.2,12,A8,Z,15.5,11.4,13.7,21,322,3,6,1,6
2017,ASTON MARTIN,RAPIDE S,SUBCOMPACT,6,12,A8,Z,16.7,10.9,14.1,20,331,3,6,1,6
2017,ASTON MARTIN,VANQUISH,MINICOMPACT,6,12,A8,Z,17.5,11.4,14.7,19,345,2,6,1,6
2017,ASTON MARTIN,V12 VANTAGE S,TWO-SEATER,6,12,AM7,Z,19.4,12.8,16.4,17,388,1,6,1,5
2017,ASTON MARTIN,V12 VANTAGE S,TWO-SEATER,6,12,M7,Z,23.2,14.4,19.2,15,450,1,6,1,4
2017,AUDI,A3,SUBCOMPACT,2,4,AM7,X,9.1,6.8,8,35,188,7,8,6,8
2017,AUDI,A3 QUATTRO,SUBCOMPACT,2,4,AM6,X,9.7,7.5,8.7,32,205,6,8,5,8
2017,AUDI,A3 CABRIOLET QUATTRO,SUBCOMPACT,2,4,AM6,X,10.8,8,9.5,30,223,5,8,5,7
2017,AUDI,A4 ULTRA,COMPACT,2,4,AM7,Z,8.6,6.4,7.6,37,177,7,6,6,9
2017,AUDI,A4 QUATTRO,COMPACT,2,4,AM7,Z,9.8,7.7,8.8,32,205,6,6,5,8
2017,AUDI,A4 QUATTRO,COMPACT,2,4,M6,Z,9.9,7,8.6,33,204,6,6,5,8
2017,AUDI,A4 ALLROAD QUATTRO,STATION WAGON - SMALL,2,4,AM7,Z,10.2,8.3,9.3,30,217,6,6,5,7
2017,AUDI,A5 QUATTRO,SUBCOMPACT,2,4,AS8,Z,11,8,9.7,29,226,5,6,4,7
2017,AUDI,A5 QUATTRO,SUBCOMPACT,2,4,M6,Z,10.4,7.3,9,31,210,6,6,5,8
2017,AUDI,A5 CABRIOLET QUATTRO,SUBCOMPACT,2,4,AS8,Z,11.3,8.2,9.9,29,231,5,6,4,7
2017,AUDI,A6 QUATTRO,MID-SIZE,2,4,AS8,Z,10.9,7.5,9.4,30,220,5,7,5,8
2017,AUDI,A6 QUATTRO,MID-SIZE,3,6,AS8,Z,11.5,8.2,10,28,238,5,6,4,7
2017,AUDI,A7 QUATTRO,MID-SIZE,3,6,AS8,Z,11.5,8.2,10,28,238,5,6,4,7
2017,AUDI,A8,MID-SIZE,3,6,AS8,Z,12.6,8,10.5,27,246,5,6,4,7
2017,AUDI,A8,MID-SIZE,4,8,AS8,Z,12.9,8,10.7,26,249,5,6,4,7
2017,AUDI,A8L,FULL-SIZE,4,8,AS8,Z,13.1,8.3,10.9,26,255,5,6,3,7
2017,AUDI,Q3,COMPACT,2,4,AS6,Z,11.9,8.4,10.3,27,243,5,6,4,7
2017,AUDI,Q3 QUATTRO,COMPACT,2,4,AS6,Z,11.9,8.4,10.3,27,241,5,6,4,7
2017,AUDI,Q5,SUV - SMALL,2,4,AS8,Z,12,8.6,10.5,27,246,5,6,4,7
2017,AUDI,Q5,SUV - SMALL,3,6,AS8,Z,13.2,9.2,11.4,25,267,4,6,3,7
2017,AUDI,Q7,SUV - STANDARD,2,4,AS8,Z,11.9,9.6,10.8,26,253,5,6,3,7
2017,AUDI,Q7,SUV - STANDARD,3,6,AS8,Z,12.6,9.4,11.1,25,260,4,5,3,7
2017,AUDI,R8,TWO-SEATER,5.2,10,AM7,Z,16.5,11.2,14.1,20,330,3,5,1,6
2017,AUDI,R8 SPYDER,TWO-SEATER,5.2,10,AM7,Z,16.5,11.2,14.1,20,330,3,5,1,6
2017,AUDI,RS 7,MID-SIZE,4,8,AS8,Z,16.2,9.3,13.1,22,309,3,6,1,7
2017,AUDI,S3,SUBCOMPACT,2,4,AM6,Z,11,8.5,9.9,29,232,5,6,4,7
2017,AUDI,S5,SUBCOMPACT,3,6,AM7,Z,13,8.5,11,26,259,4,6,3,7
2017,AUDI,S5,SUBCOMPACT,3,6,M6,Z,13.8,9,11.7,24,273,4,6,3,7
2017,AUDI,S5 CABRIOLET,SUBCOMPACT,3,6,AM7,Z,13.3,9.1,11.4,25,266,4,6,3,7
2017,AUDI,S6,MID-SIZE,4,8,AM7,Z,13.3,8.8,11.3,25,263,4,6,3,7
2017,AUDI,S7,MID-SIZE,4,8,AM7,Z,13.4,8.8,11.4,25,265,4,6,3,7
2017,AUDI,S8,MID-SIZE,4,8,AS8,Z,16.2,9.9,13.4,21,312,3,6,1,7
2017,AUDI,SQ5,SUV - SMALL,3,6,AS8,Z,14.1,9.9,12.2,23,285,4,6,2,7
2017,AUDI,TT COUPE QUATTRO,SUBCOMPACT,2,4,AM6,X,10.1,7.8,9.1,31,209,6,8,5,8
2017,AUDI,TT ROADSTER QUATTRO,TWO-SEATER,2,4,AM6,X,10.1,7.8,9.1,31,209,6,8,5,8
2017,AUDI,TTS COUPE QUATTRO,SUBCOMPACT,2,4,AM6,Z,10.3,8.6,9.5,30,222,5,6,5,7
2017,BENTLEY,BENTAYGA,SUV - STANDARD,6,12,AS8,Z,18.8,12.2,15.9,18,370,2,6,1,5
2017,BENTLEY,CONTINENTAL GT,COMPACT,4,8,AS8,Z,16.1,9.4,13.1,22,307,3,6,1,7
2017,BENTLEY,CONTINENTAL GT,COMPACT,6,12,AS8,Z,18.9,11.2,15.4,18,360,2,5,1,6
2017,BENTLEY,CONTINENTAL GT CONVERTIBLE,SUBCOMPACT,4,8,AS8,Z,17.7,10.3,14.4,20,337,2,6,1,6
2017,BENTLEY,CONTINENTAL GT CONVERTIBLE,SUBCOMPACT,6,12,AS8,Z,19.6,11.7,16,18,375,2,5,1,6
2017,BENTLEY,FLYING SPUR,MID-SIZE,4,8,AS8,Z,17,9.9,13.8,20,321,3,6,1,7
2017,BENTLEY,FLYING SPUR,MID-SIZE,6,12,AS8,Z,19.6,11.7,16,18,375,2,5,1,6
2017,BENTLEY,MULSANNE,MID-SIZE,6.8,8,AS8,Z,21.3,12.8,17.5,16,407,1,5,1,5
2017,BENTLEY,MULSANNE EWB,MID-SIZE,6.8,8,AS8,Z,22.2,13.6,18.3,15,430,1,5,1,5
2017,BMW,230i CABRIOLET,SUBCOMPACT,2,4,AS8,Z,10,7.2,8.7,32,207,6,8,5,8
2017,BMW,230i COUPE,SUBCOMPACT,2,4,AS8,Z,9.8,6.8,8.4,34,197,6,8,6,8
2017,BMW,230i COUPE,SUBCOMPACT,2,4,M6,Z,11.1,7.3,9.4,30,219,5,8,5,8
2017,BMW,230i xDRIVE CABRIOLET,SUBCOMPACT,2,4,AS8,Z,10.5,7.4,9.1,31,213,6,8,5,8
2017,BMW,230i xDRIVE COUPE,SUBCOMPACT,2,4,AS8,Z,10.2,7.4,9,31,210,6,8,5,8
2017,BMW,320i,COMPACT,2,4,AS8,Z,10,6.5,8.4,34,200,6,6,6,8
2017,BMW,320i,COMPACT,2,4,M6,Z,10.2,6.7,8.6,33,202,6,6,5,8
2017,BMW,320i xDRIVE,COMPACT,2,4,AS8,Z,10.3,6.9,8.8,32,206,6,6,5,8
2017,BMW,328d xDRIVE,COMPACT,2,4,AS8,D,7.9,5.9,7,40,189,7,6,6,9
2017,BMW,328d xDRIVE TOURING,STATION WAGON - SMALL,2,4,AS8,D,7.9,5.9,7,40,189,7,6,6,9
2017,BMW,330i xDRIVE,COMPACT,2,4,AS8,Z,10.5,7.4,9.1,31,213,6,8,5,8
2017,BMW,330i xDRIVE GRAN TURISMO,FULL-SIZE,2,4,AS8,Z,10.5,7.4,9.1,31,213,6,8,5,8
2017,BMW,330i xDRIVE TOURING,STATION WAGON - SMALL,2,4,AS8,Z,10.5,7.4,9.1,31,213,6,8,5,8
2017,BMW,340i,COMPACT,3,6,AS8,Z,11.1,7.8,9.6,29,224,5,6,5,8
2017,BMW,340i,COMPACT,3,6,M6,Z,12.2,8.2,10.4,27,242,5,6,4,7
2017,BMW,340i xDRIVE,COMPACT,3,6,AS8,Z,11.4,7.8,9.8,29,228,5,6,4,8
2017,BMW,340i xDRIVE,COMPACT,3,6,M6,Z,12.2,8.5,10.5,27,246,5,6,4,7
2017,BMW,340i xDRIVE GRAN TURISMO,FULL-SIZE,3,6,AS8,Z,11.9,8.1,10.2,28,238,5,6,4,7
2017,BMW,430i xDRIVE CABRIOLET,SUBCOMPACT,2,4,AS8,Z,10.6,7.3,9.1,31,211,6,8,5,8
2017,BMW,430i xDRIVE COUPE,COMPACT,2,4,AS8,Z,10.5,7.4,9.1,31,213,6,8,5,8
2017,BMW,430i xDRIVE GRAN COUPE,COMPACT,2,4,AS8,Z,10.5,7.4,9.1,31,213,6,8,5,8
2017,BMW,440i COUPE,COMPACT,3,6,AS8,Z,11.1,7.8,9.6,29,224,5,6,5,8
2017,BMW,440i COUPE,COMPACT,3,6,M6,Z,12.2,8.2,10.4,27,242,5,6,4,7
2017,BMW,440i xDRIVE CABRIOLET,SUBCOMPACT,3,6,AS8,Z,11.9,8.1,10.2,28,238,5,6,4,7
2017,BMW,440i xDRIVE COUPE,COMPACT,3,6,AS8,Z,11.4,7.8,9.8,29,228,5,6,4,8
2017,BMW,440i xDRIVE COUPE,COMPACT,3,6,M6,Z,12.2,8.5,10.5,27,246,5,6,4,7
2017,BMW,440i xDRIVE GRAN COUPE,COMPACT,3,6,AS8,Z,11.4,7.8,9.8,29,228,5,6,4,8
2017,BMW,530i xDRIVE,MID-SIZE,2,4,AS8,Z,10.5,7.4,9.1,31,213,6,8,5,8
2017,BMW,540i xDRIVE,MID-SIZE,3,6,AS8,Z,11.4,7.8,9.8,29,228,5,7,4,8
2017,BMW,640i xDRIVE CABRIOLET,SUBCOMPACT,3,6,AS8,Z,12.4,8.4,10.6,27,249,5,6,4,7
2017,BMW,640i xDRIVE GRAN COUPE,COMPACT,3,6,AS8,Z,12.4,8.4,10.6,27,249,5,6,4,7
2017,BMW,650i xDRIVE CABRIOLET,SUBCOMPACT,4.4,8,AS8,Z,14.7,9.7,12.5,23,292,4,6,2,7
2017,BMW,650i xDRIVE COUPE,COMPACT,4.4,8,AS8,Z,13.8,9.1,11.7,24,273,4,6,3,7
2017,BMW,650i xDRIVE GRAN COUPE,COMPACT,4.4,8,AS8,Z,14.7,9.7,12.5,23,292,4,6,2,7
2017,BMW,740Li xDRIVE,FULL-SIZE,3,6,AS8,Z,11.9,8.1,10.2,28,238,5,6,4,7
2017,BMW,750i xDRIVE,FULL-SIZE,4.4,8,AS8,Z,13.8,9.1,11.7,24,273,4,6,3,7
2017,BMW,750Li xDRIVE,FULL-SIZE,4.4,8,AS8,Z,14.7,9.7,12.5,23,292,4,6,2,7
2017,BMW,ALPINA B6 xDRIVE GRAN COUPE,COMPACT,4.4,8,AS8,Z,14.7,9.7,12.5,23,292,4,6,2,7
2017,BMW,ALPINA B7 xDRIVE,FULL-SIZE,4.4,8,AS8,Z,14.7,9.7,12.5,23,292,4,6,2,7
2017,BMW,M2,SUBCOMPACT,3,6,AM7,Z,11.8,8.9,10.5,27,245,5,6,4,7
2017,BMW,M2,SUBCOMPACT,3,6,M6,Z,13.1,9.2,11.4,25,267,4,6,3,7
2017,BMW,M240i CABRIOLET,SUBCOMPACT,3,6,AS8,Z,11.1,7.8,9.6,29,224,5,6,5,8
2017,BMW,M240i CABRIOLET,SUBCOMPACT,3,6,M6,Z,12.2,8.2,10.4,27,242,5,6,4,7
2017,BMW,M240i COUPE,SUBCOMPACT,3,6,AS8,Z,11.1,7.8,9.6,29,224,5,6,5,8
2017,BMW,M240i COUPE,SUBCOMPACT,3,6,M6,Z,12.5,8.4,10.7,26,250,5,6,4,7
2017,BMW,M240i xDRIVE CABRIOLET,SUBCOMPACT,3,6,AS8,Z,11.4,7.8,9.8,29,228,5,6,4,8
2017,BMW,M240i xDRIVE COUPE,SUBCOMPACT,3,6,AS8,Z,11.4,7.8,9.8,29,228,5,6,4,8
2017,BMW,M3,COMPACT,3,6,AM7,Z,14,9.7,12.1,23,284,4,6,2,7
2017,BMW,M3,COMPACT,3,6,M6,Z,13.7,9.1,11.7,24,273,4,6,3,7
2017,BMW,M4 CABRIOLET,SUBCOMPACT,3,6,AM7,Z,14.1,9.6,12.1,23,283,4,6,2,7
2017,BMW,M4 CABRIOLET,SUBCOMPACT,3,6,M6,Z,13.7,9.1,11.7,24,273,4,6,3,7
2017,BMW,M4 COUPE,COMPACT,3,6,AM7,Z,14,9.7,12.1,23,284,4,6,2,7
2017,BMW,M4 COUPE,COMPACT,3,6,M6,Z,13.7,9.1,11.7,24,273,4,6,3,7
2017,BMW,M6,COMPACT,4.4,8,AM7,Z,17.2,11.6,14.7,19,343,2,6,1,6
2017,BMW,M6,COMPACT,4.4,8,M6,Z,16.2,10.9,13.8,20,324,3,6,1,6
2017,BMW,M6 CABRIOLET,SUBCOMPACT,4.4,8,AM7,Z,17.2,11.6,14.7,19,343,2,6,1,6
2017,BMW,M6 CABRIOLET,SUBCOMPACT,4.4,8,M6,Z,16.2,10.9,13.8,20,324,3,6,1,6
2017,BMW,M6 GRAN COUPE,COMPACT,4.4,8,AM7,Z,17.2,11.6,14.7,19,343,2,6,1,6
2017,BMW,M6 GRAN COUPE,COMPACT,4.4,8,M6,Z,16.2,10.9,13.8,20,324,3,6,1,6
2017,BMW,M760i xDRIVE,FULL-SIZE,6.6,12,AS8,Z,17.7,11.9,15.1,19,355,2,6,1,6
2017,BMW,X1 xDRIVE28i,SUV - SMALL,2,4,AS8,Z,10.5,7.4,9.1,31,213,6,8,5,8
2017,BMW,X3 xDRIVE28d,SUV - SMALL,2,4,AS8,D,8.7,7.1,8,35,211,6,6,5,8
2017,BMW,X3 xDRIVE28i,SUV - SMALL,2,4,AS8,Z,11.1,8.5,10,28,233,5,6,4,7
2017,BMW,X3 xDRIVE35i,SUV - SMALL,3,6,AS8,Z,12.7,9.1,11.1,25,260,4,6,3,7
2017,BMW,X4 M40i,SUV - SMALL,3,6,AS8,Z,12.7,9.1,11.1,25,260,4,6,3,7
2017,BMW,X4 xDRIVE28i,SUV - SMALL,2,4,AS8,Z,11.8,8.6,10.3,27,240,5,6,4,7
2017,BMW,X5 M,SUV - STANDARD,4.4,8,AS8,Z,16.6,12.1,14.6,19,341,2,6,1,5
2017,BMW,X5 xDRIVE35d,SUV - STANDARD,3,6,AS8,D,10.3,8,9.3,30,249,5,6,4,7
2017,BMW,X5 xDRIVE35i,SUV - STANDARD,3,6,AS8,Z,13,9.8,11.5,25,270,4,6,3,7
2017,BMW,X5 xDRIVE50i,SUV - STANDARD,4.4,8,AS8,Z,15.6,11.3,13.7,21,320,3,6,1,6
2017,BMW,X6 M,SUV - STANDARD,4.4,8,AS8,Z,16.6,12.1,14.6,19,341,2,6,1,5
2017,BMW,X6 xDRIVE35i,SUV - STANDARD,3,6,AS8,Z,13,9.8,11.5,25,270,4,6,3,7
2017,BMW,X6 xDRIVE50i,SUV - STANDARD,4.4,8,AS8,Z,15.6,11.3,13.7,21,320,3,6,1,6
2017,BUICK,ENCLAVE,SUV - STANDARD,3.6,6,A6,X,15.7,10.6,13.4,21,315,3,5,1,6
2017,BUICK,ENCLAVE AWD,SUV - STANDARD,3.6,6,A6,X,16,10.9,13.7,21,322,3,5,1,6
2017,BUICK,ENCORE (LUV Engine),SUV - SMALL,1.4,4,AS6,X,9.3,7.2,8.3,34,194,7,6,6,8
2017,BUICK,ENCORE (LE2 Engine),SUV - SMALL,1.4,4,AS6,X,8.6,7.1,7.9,36,185,7,6,6,8
2017,BUICK,ENCORE AWD (LUV Engine),SUV - SMALL,1.4,4,AS6,X,9.8,7.7,8.8,32,208,6,6,5,8
2017,BUICK,ENCORE AWD (LE2 Engine),SUV - SMALL,1.4,4,AS6,X,8.9,7.6,8.3,34,196,6,6,6,8
2017,BUICK,ENVISION AWD,SUV - SMALL,2,4,A6,Z,11.8,9.1,10.6,27,248,5,6,4,7
2017,BUICK,ENVISION AWD,SUV - SMALL,2.5,4,A6,X,11.1,8.4,9.9,29,232,5,6,4,7
2017,BUICK,LACROSSE,MID-SIZE,3.6,6,AS8,X,11.2,7.5,9.5,30,224,5,6,5,8
2017,BUICK,LACROSSE AWD,MID-SIZE,3.6,6,AS8,X,11.6,8.1,10,28,235,5,6,4,7
2017,BUICK,REGAL,MID-SIZE,2,4,AS6,Z,11.5,8,9.9,29,233,5,6,4,7
2017,BUICK,REGAL AWD,MID-SIZE,2,4,AS6,Z,12.1,8.9,10.7,26,250,5,6,4,7
2017,BUICK,VERANO,COMPACT,2.4,4,AS6,X,11.3,7.6,9.7,29,226,5,6,4,8
2017,CADILLAC,ATS,COMPACT,2,4,AS8,Z,10.6,7.7,9.3,30,217,6,6,5,8
2017,CADILLAC,ATS,COMPACT,2,4,M6,Z,11.8,8,10.1,28,236,5,6,4,7
2017,CADILLAC,ATS,COMPACT,2.5,4,AS8,X,10.7,7.4,9.2,31,216,6,6,5,8
2017,CADILLAC,ATS,COMPACT,3.6,6,AS8,X,11.6,8,10,28,234,5,6,4,7
2017,CADILLAC,ATS AWD,COMPACT,2,4,AS8,Z,10.8,7.9,9.5,30,222,5,6,5,8
2017,CADILLAC,ATS AWD,COMPACT,3.6,6,AS8,X,12.2,8.6,10.6,27,248,5,6,4,7
2017,CADILLAC,ATS-V,COMPACT,3.6,6,AS8,Z,13.9,9.4,11.9,24,279,4,6,2,7
2017,CADILLAC,ATS-V,COMPACT,3.6,6,M6,Z,14.4,10.4,12.6,22,295,4,6,2,6
2017,CADILLAC,CT6,FULL-SIZE,2,4,AS8,Z,11,7.8,9.5,30,223,5,6,5,8
2017,CADILLAC,CT6 AWD,FULL-SIZE,3,6,AS8,Z,13,9.1,11.2,25,263,4,6,3,7
2017,CADILLAC,CT6 AWD,FULL-SIZE,3.6,6,AS8,X,12.8,8.8,11,26,259,4,6,3,7
2017,CADILLAC,CTS,MID-SIZE,2,4,AS8,Z,11,7.8,9.5,30,223,5,6,5,8
2017,CADILLAC,CTS,MID-SIZE,3.6,6,AS8,X,11.6,8,10,28,234,5,6,4,7
2017,CADILLAC,CTS AWD,MID-SIZE,2,4,AS8,Z,11.2,8.2,9.8,29,229,5,6,4,7
2017,CADILLAC,CTS AWD,MID-SIZE,3.6,6,AS8,X,12.2,8.6,10.6,27,248,5,6,4,7
2017,CADILLAC,CTS Vsport,MID-SIZE,3.6,6,AS8,Z,15,9.9,12.7,22,299,3,6,2,7
2017,CADILLAC,CTS-V,MID-SIZE,6.2,8,AS8,Z,16.5,11.1,14,20,329,3,5,1,6
2017,CADILLAC,ESCALADE 4WD,SUV - STANDARD,6.2,8,A8,Z,16.1,11.7,14.1,20,331,3,5,1,6
2017,CADILLAC,XT5,SUV - SMALL,3.6,6,AS8,X,12.1,8.6,10.5,27,245,5,5,4,7
2017,CADILLAC,XT5 AWD,SUV - SMALL,3.6,6,AS8,X,12.9,8.9,11.1,25,260,4,5,3,7
2017,CADILLAC,XTS,FULL-SIZE,3.6,6,AS6,X,13.2,8.5,11.1,25,260,4,6,3,7
2017,CADILLAC,XTS AWD,FULL-SIZE,3.6,6,AS6,X,13.7,9,11.6,24,272,4,6,3,7
2017,CADILLAC,XTS Vsport AWD,FULL-SIZE,3.6,6,AS6,Z,15,10.3,12.8,22,299,3,6,2,6
2017,CHEVROLET,CAMARO,SUBCOMPACT,2,4,AS8,Z,10.9,7.7,9.5,30,222,5,6,5,8
2017,CHEVROLET,CAMARO,SUBCOMPACT,2,4,M6,Z,11.9,8,10.1,28,236,5,6,4,7
2017,CHEVROLET,CAMARO,SUBCOMPACT,3.6,6,AS8,X,12.3,8.6,10.6,27,249,5,6,4,7
2017,CHEVROLET,CAMARO,SUBCOMPACT,3.6,6,M6,X,14.4,8.4,11.7,24,274,4,6,3,7
2017,CHEVROLET,CAMARO SS,SUBCOMPACT,6.2,8,AS8,Z,14.2,8.7,11.7,24,273,4,5,3,7
2017,CHEVROLET,CAMARO SS,SUBCOMPACT,6.2,8,M6,Z,14.3,9.4,12.1,23,284,4,5,2,7
2017,CHEVROLET,CAMARO ZL1,SUBCOMPACT,6.2,8,AS10,Z,19,11.6,15.6,18,367,2,5,1,6
2017,CHEVROLET,CAMARO ZL1,SUBCOMPACT,6.2,8,M6,Z,17.2,12,14.9,19,349,2,5,1,5
2017,CHEVROLET,CITY EXPRESS,SPECIAL PURPOSE VEHICLE,2,4,AV,X,9.8,9,9.4,30,220,5,6,5,7
2017,CHEVROLET,COLORADO,PICKUP TRUCK - SMALL,2.5,4,A6,X,12,9.2,10.7,26,252,5,6,3,7
2017,CHEVROLET,COLORADO,PICKUP TRUCK - SMALL,2.5,4,M6,X,12.2,9.2,10.9,26,254,5,6,3,7
2017,CHEVROLET,COLORADO,PICKUP TRUCK - SMALL,2.8,4,A6,D,10.8,7.9,9.5,30,255,5,6,3,8
2017,CHEVROLET,COLORADO,PICKUP TRUCK - SMALL,3.6,6,A8,X,13.4,9.6,11.7,24,274,4,7,3,7
2017,CHEVROLET,COLORADO 4WD,PICKUP TRUCK - SMALL,2.5,4,A6,X,12.7,9.6,11.3,25,263,4,6,3,7
2017,CHEVROLET,COLORADO 4WD,PICKUP TRUCK - SMALL,2.8,4,A6,D,12.1,8.4,10.4,27,280,4,6,2,7
2017,CHEVROLET,COLORADO 4WD,PICKUP TRUCK - SMALL,3.6,6,A8,X,14,9.9,12.2,23,286,4,7,2,7
2017,CHEVROLET,COLORADO ZR2 4WD,PICKUP TRUCK - SMALL,2.8,4,A6,D,12.5,10.7,11.7,24,315,3,6,1,6
2017,CHEVROLET,COLORADO ZR2 4WD,PICKUP TRUCK - SMALL,3.6,6,A8,X,15,13,14.1,20,331,3,7,1,5
2017,CHEVROLET,CORVETTE,TWO-SEATER,6.2,8,AS8,Z,15.2,8.9,12.4,23,290,4,5,2,7
2017,CHEVROLET,CORVETTE,TWO-SEATER,6.2,8,M7,Z,14.2,9,11.9,24,278,4,5,2,7
2017,CHEVROLET,CORVETTE Z06,TWO-SEATER,6.2,8,AS8,Z,17.6,10.3,14.3,20,336,2,5,1,6
2017,CHEVROLET,CORVETTE Z06,TWO-SEATER,6.2,8,M7,Z,15.6,10.6,13.4,21,312,3,5,1,6
2017,CHEVROLET,CRUZE,COMPACT,1.4,4,AS6,X,7.9,5.9,7,40,165,8,6,7,9
2017,CHEVROLET,CRUZE,COMPACT,1.4,4,M6,X,8.3,6,7.3,39,170,7,6,7,9
2017,CHEVROLET,CRUZE PREMIER,COMPACT,1.4,4,AS6,X,8.1,6,7.2,39,169,8,6,7,9
2017,CHEVROLET,CRUZE DIESEL,COMPACT,1.6,4,A9,D,7.6,5,6.4,44,172,7,6,7,9
2017,CHEVROLET,CRUZE DIESEL,COMPACT,1.6,4,M6,D,7.7,4.5,6.3,45,169,8,6,7,10
2017,CHEVROLET,CRUZE HATCHBACK,COMPACT,1.4,4,AS6,X,8.1,6.2,7.3,39,172,7,6,7,9
2017,CHEVROLET,CRUZE HATCHBACK,COMPACT,1.4,4,M6,X,8.3,6.4,7.4,38,173,7,6,7,9
2017,CHEVROLET,CRUZE HATCHBACK PREMIER,COMPACT,1.4,4,AS6,X,8.4,6.4,7.5,38,176,7,6,6,9
2017,CHEVROLET,EQUINOX,SUV - SMALL,2.4,4,A6,X,11,7.5,9.4,30,221,5,6,5,8
2017,CHEVROLET,EQUINOX FFV,SUV - SMALL,2.4,4,A6,X,11,7.5,9.4,30,221,5,6,5,8
2017,CHEVROLET,EQUINOX FFV,SUV - SMALL,2.4,4,A6,E,15.6,11,13.6,21,223,5,6,5,6
2017,CHEVROLET,EQUINOX,SUV - SMALL,3.6,6,A6,X,14.1,9.7,12.1,23,285,4,6,2,7
2017,CHEVROLET,EQUINOX AWD,SUV - SMALL,2.4,4,A6,X,11.5,8.3,10.1,28,237,5,6,4,7
2017,CHEVROLET,EQUINOX AWD FFV,SUV - SMALL,2.4,4,A6,X,11.5,8.3,10.1,28,237,5,6,4,7
2017,CHEVROLET,EQUINOX AWD FFV,SUV - SMALL,2.4,4,A6,E,16.3,11.8,14.2,20,234,5,6,4,6
2017,CHEVROLET,EQUINOX AWD,SUV - SMALL,3.6,6,A6,X,15,10.4,13,22,304,3,6,1,6
2017,CHEVROLET,EXPRESS 2500 PASSENGER,VAN - PASSENGER,6,8,A6,X,21.8,14.8,18.6,15,438,1,2,1,4
2017,CHEVROLET,EXPRESS 3500 PASSENGER,VAN - PASSENGER,6,8,A6,X,22.3,14.9,19,15,445,1,2,1,4
2017,CHEVROLET,IMPALA,FULL-SIZE,2.5,4,AS6,X,10.9,7.9,9.5,30,224,5,6,5,8
2017,CHEVROLET,IMPALA FFV,FULL-SIZE,3.6,6,AS6,X,12.5,8.3,10.6,27,249,5,6,4,7
2017,CHEVROLET,IMPALA FFV,FULL-SIZE,3.6,6,AS6,E,17,11.7,14.6,19,240,5,6,4,6
2017,CHEVROLET,MALIBU,MID-SIZE,1.5,4,A6,X,8.8,6.5,7.8,36,182,7,6,6,8
2017,CHEVROLET,MALIBU,MID-SIZE,2,4,A9,Z,10.7,7.1,9.1,31,212,6,6,5,8
2017,CHEVROLET,MALIBU HYBRID,MID-SIZE,1.8,4,AV,X,4.8,5.5,5.1,55,121,10,6,9,10
2017,CHEVROLET,SILVERADO,PICKUP TRUCK - STANDARD,5.3,8,A6,X,14.6,10.3,12.7,22,297,4,5,2,6
2017,CHEVROLET,SILVERADO,PICKUP TRUCK - STANDARD,5.3,8,A8,X,15.2,10.7,13.1,22,309,3,5,1,6
2017,CHEVROLET,SILVERADO,PICKUP TRUCK - STANDARD,6.2,8,A8,Z,15.9,11.2,13.8,20,324,3,5,1,6
2017,CHEVROLET,SILVERADO FFV,PICKUP TRUCK - STANDARD,4.3,6,A6,X,13.4,10,11.9,24,279,4,7,2,6
2017,CHEVROLET,SILVERADO FFV,PICKUP TRUCK - STANDARD,4.3,6,A6,E,19.3,14.3,17.1,17,284,4,7,2,4
2017,CHEVROLET,SILVERADO FFV,PICKUP TRUCK - STANDARD,5.3,8,A6,X,14.6,10.3,12.7,22,298,4,5,2,6
2017,CHEVROLET,SILVERADO FFV,PICKUP TRUCK - STANDARD,5.3,8,A6,E,19.7,13.9,17.1,17,284,4,5,2,5
2017,CHEVROLET,SILVERADO 4WD,PICKUP TRUCK - STANDARD,5.3,8,A6,X,15,10.7,13.1,22,307,3,5,1,6
2017,CHEVROLET,SILVERADO 4WD,PICKUP TRUCK - STANDARD,5.3,8,A8,X,15.9,11.5,13.9,20,327,3,5,1,6
2017,CHEVROLET,SILVERADO 4WD,PICKUP TRUCK - STANDARD,6.2,8,A8,Z,16,11.7,14.1,20,330,3,5,1,6
2017,CHEVROLET,SILVERADO 4WD FFV,PICKUP TRUCK - STANDARD,4.3,6,A6,X,14.1,10.6,12.5,23,294,4,7,2,6
2017,CHEVROLET,SILVERADO 4WD FFV,PICKUP TRUCK - STANDARD,4.3,6,A6,E,20.2,15.2,18,16,294,4,7,2,4
2017,CHEVROLET,SILVERADO 4WD FFV,PICKUP TRUCK - STANDARD,5.3,8,A6,X,15,10.7,13.1,22,307,3,5,1,6
2017,CHEVROLET,SILVERADO 4WD FFV,PICKUP TRUCK - STANDARD,5.3,8,A6,E,20.7,14.4,17.9,16,315,3,5,1,4
2017,CHEVROLET,SILVERADO eASSIST 4WD,PICKUP TRUCK - STANDARD,5.3,8,A8,X,14.4,11.2,13,22,303,3,5,1,6
2017,CHEVROLET,SONIC,COMPACT,1.4,4,AS6,X,8.8,6.6,7.8,36,184,7,6,6,8
2017,CHEVROLET,SONIC,COMPACT,1.4,4,M6,X,8.4,6.3,7.4,38,174,7,6,7,9
2017,CHEVROLET,SONIC,COMPACT,1.8,4,AS6,X,9.7,6.9,8.4,34,197,6,6,6,8
2017,CHEVROLET,SONIC,COMPACT,1.8,4,M5,X,9.2,7.1,8.3,34,194,7,6,6,8
2017,CHEVROLET,SONIC 5,STATION WAGON - SMALL,1.4,4,AS6,X,8.8,6.6,7.8,36,184,7,6,6,8
2017,CHEVROLET,SONIC 5,STATION WAGON - SMALL,1.4,4,M6,X,8.4,6.3,7.4,38,174,7,6,7,9
2017,CHEVROLET,SONIC 5,STATION WAGON - SMALL,1.8,4,AS6,X,9.7,6.9,8.4,34,197,6,6,6,8
2017,CHEVROLET,SONIC 5,STATION WAGON - SMALL,1.8,4,M5,X,9.2,7.1,8.3,34,194,7,6,6,8
2017,CHEVROLET,SPARK,SUBCOMPACT,1.4,4,AV,X,7.8,6.2,7.1,40,167,8,7,7,9
2017,CHEVROLET,SPARK,SUBCOMPACT,1.4,4,M5,X,8,6.2,7.2,39,168,8,7,7,9
2017,CHEVROLET,SUBURBAN,SUV - STANDARD,5.3,8,A6,X,15.1,10.4,13,22,305,3,5,1,6
2017,CHEVROLET,SUBURBAN FFV,SUV - STANDARD,5.3,8,A6,X,15.1,10.4,13,22,305,3,5,1,6
2017,CHEVROLET,SUBURBAN FFV,SUV - STANDARD,5.3,8,A6,E,20,13.5,17.1,17,284,4,5,2,5
2017,CHEVROLET,SUBURBAN 4WD,SUV - STANDARD,5.3,8,A6,X,15.4,10.8,13.3,21,312,3,5,1,6
2017,CHEVROLET,SUBURBAN 4WD FFV,SUV - STANDARD,5.3,8,A6,X,15.4,10.8,13.3,21,312,3,5,1,6
2017,CHEVROLET,SUBURBAN 4WD FFV,SUV - STANDARD,5.3,8,A6,E,22.1,15.4,19.1,15,317,3,5,1,4
2017,CHEVROLET,TAHOE,SUV - STANDARD,5.3,8,A6,X,15.1,10.4,13,22,305,3,5,1,6
2017,CHEVROLET,TAHOE FFV,SUV - STANDARD,5.3,8,A6,X,15.1,10.4,13,22,305,3,5,1,6
2017,CHEVROLET,TAHOE FFV,SUV - STANDARD,5.3,8,A6,E,20,13.5,17.1,17,284,4,5,2,5
2017,CHEVROLET,TAHOE 4WD,SUV - STANDARD,5.3,8,A6,X,15.2,10.8,13.2,21,310,3,5,1,6
2017,CHEVROLET,TAHOE 4WD FFV,SUV - STANDARD,5.3,8,A6,X,15.2,10.8,13.2,21,310,3,5,1,6
2017,CHEVROLET,TAHOE 4WD FFV,SUV - STANDARD,5.3,8,A6,E,20.8,14.5,18,16,299,3,5,2,4
2017,CHEVROLET,TRAVERSE,SUV - STANDARD,3.6,6,A6,X,15.7,10.6,13.4,21,315,3,5,1,6
2017,CHEVROLET,TRAVERSE AWD,SUV - STANDARD,3.6,6,A6,X,16,10.9,13.7,21,322,3,5,1,6
2017,CHEVROLET,TRAX,SUV - SMALL,1.4,4,AS6,X,9.3,7.2,8.3,34,194,7,6,6,8
2017,CHEVROLET,TRAX,SUV - SMALL,1.4,4,M6,X,9.2,7.1,8.2,34,194,7,6,6,8
2017,CHEVROLET,TRAX AWD,SUV - SMALL,1.4,4,AS6,X,9.8,7.7,8.8,32,208,6,6,5,8
2017,CHRYSLER,200 FFV,MID-SIZE,2.4,4,A9,X,10.2,6.6,8.6,33,201,6,6,5,8
2017,CHRYSLER,200 FFV,MID-SIZE,2.4,4,A9,E,13.9,8.9,11.7,24,192,7,6,6,7
2017,CHRYSLER,200 FFV,MID-SIZE,3.6,6,A9,X,12.4,7.6,10.2,28,241,5,6,4,8
2017,CHRYSLER,200 FFV,MID-SIZE,3.6,6,A9,E,16.8,10.4,13.9,20,230,5,6,4,6
2017,CHRYSLER,200 AWD FFV,MID-SIZE,3.6,6,A9,X,12.8,8.3,10.8,26,252,5,6,3,7
2017,CHRYSLER,200 AWD FFV,MID-SIZE,3.6,6,A9,E,17.1,11.1,14.4,20,237,5,6,4,6
2017,CHRYSLER,300,FULL-SIZE,3.6,6,A8,X,12.4,7.8,10.3,27,242,5,6,4,8
2017,CHRYSLER,300 (MDS),FULL-SIZE,5.7,8,A8,X,14.7,9.4,12.3,23,289,4,6,2,7
2017,CHRYSLER,300 AWD,FULL-SIZE,3.6,6,A8,X,12.8,8.7,11,26,258,4,6,3,7
2017,CHRYSLER,300 AWD FFV,FULL-SIZE,3.6,6,A8,X,12.8,8.7,11,26,258,4,6,3,7
2017,CHRYSLER,300 AWD FFV,FULL-SIZE,3.6,6,A8,E,17.6,12,15,19,248,5,6,4,5
2017,CHRYSLER,PACIFICA,MINIVAN,3.6,6,A9,X,12.9,8.4,10.9,26,257,5,6,3,7
2017,CHRYSLER,PACIFICA (Stop-Start),MINIVAN,3.6,6,A9,X,12.4,8.4,10.6,27,249,5,6,4,7
2017,DODGE,CHALLENGER,MID-SIZE,3.6,6,A8,X,12.4,7.8,10.3,27,242,5,6,4,8
2017,DODGE,CHALLENGER,MID-SIZE,5.7,8,M6,Z,15.6,10.1,13.1,22,307,3,5,1,6
2017,DODGE,CHALLENGER,MID-SIZE,6.4,8,M6,Z,16.7,10.4,13.9,20,325,3,5,1,6
2017,DODGE,CHALLENGER (MDS),MID-SIZE,5.7,8,A8,X,14.7,9.4,12.3,23,289,4,6,2,7
2017,DODGE,CHALLENGER (MDS),MID-SIZE,6.4,8,A8,Z,15.6,9.6,12.9,22,302,3,5,1,7
2017,DODGE,CHALLENGER GT,MID-SIZE,3.6,6,A8,X,12.8,8.7,11,26,258,4,6,3,7
2017,DODGE,CHALLENGER SRT,MID-SIZE,6.4,8,M6,Z,16.7,10.4,13.9,20,325,3,5,1,6
2017,DODGE,CHALLENGER SRT (MDS),MID-SIZE,6.4,8,A8,Z,15.6,9.6,12.9,22,302,3,5,1,7
2017,DODGE,CHALLENGER SRT HELLCAT,MID-SIZE,6.2,8,A8,Z,17.6,10.7,14.5,19,339,2,5,1,6
2017,DODGE,CHALLENGER SRT HELLCAT,MID-SIZE,6.2,8,M6,Z,18.1,11.4,15.1,19,352,2,5,1,6
2017,DODGE,CHARGER,FULL-SIZE,3.6,6,A5,X,13.7,9,11.6,24,271,4,6,3,7
2017,DODGE,CHARGER,FULL-SIZE,3.6,6,A8,X,12.4,7.8,10.3,27,242,5,6,4,8
2017,DODGE,CHARGER (MDS),FULL-SIZE,5.7,8,A5,X,15.6,9.7,12.9,22,302,3,6,1,7
2017,DODGE,CHARGER (MDS),FULL-SIZE,5.7,8,A8,X,14.7,9.4,12.3,23,289,4,6,2,7
2017,DODGE,CHARGER (MDS),FULL-SIZE,6.4,8,A8,Z,15.6,9.6,12.9,22,302,3,5,1,7
2017,DODGE,CHARGER AWD,FULL-SIZE,3.6,6,A8,X,12.8,8.7,11,26,258,4,6,3,7
2017,DODGE,CHARGER AWD FFV,FULL-SIZE,3.6,6,A8,X,12.8,8.7,11,26,258,4,6,3,7
2017,DODGE,CHARGER AWD FFV,FULL-SIZE,3.6,6,A8,E,17.6,12,15,19,248,5,6,4,5
2017,DODGE,CHARGER AWD,FULL-SIZE,5.7,8,A5,X,16,10.1,13.3,21,312,3,6,1,6
2017,DODGE,CHARGER SRT (MDS),FULL-SIZE,6.4,8,A8,Z,15.6,9.6,12.9,22,302,3,5,1,7
2017,DODGE,CHARGER SRT HELLCAT,FULL-SIZE,6.2,8,A8,Z,17.6,10.7,14.5,19,339,2,5,1,6
2017,DODGE,DURANGO AWD,SUV - STANDARD,3.6,6,A8,X,12.7,9.6,11.3,25,265,4,6,3,7
2017,DODGE,DURANGO AWD,SUV - STANDARD,5.7,8,A8,X,16.6,10.7,14,20,328,3,6,1,6
2017,DODGE,GRAND CARAVAN FFV,MINIVAN,3.6,6,A6,X,13.7,9.4,11.8,24,276,4,6,2,7
2017,DODGE,GRAND CARAVAN FFV,MINIVAN,3.6,6,A6,E,19.4,13.3,16.7,17,274,4,6,3,5
2017,DODGE,JOURNEY,SUV - SMALL,2.4,4,A4,X,12.7,9.2,11.1,25,261,4,6,3,7
2017,DODGE,JOURNEY FFV,SUV - SMALL,3.6,6,A6,X,14.2,9.5,12.1,23,284,4,6,2,7
2017,DODGE,JOURNEY FFV,SUV - SMALL,3.6,6,A6,E,19.1,13.2,16.4,17,274,4,6,3,5
2017,DODGE,JOURNEY AWD,SUV - SMALL,3.6,6,A6,X,14.5,10,12.4,23,292,4,6,2,6
2017,DODGE,VIPER,TWO-SEATER,8.4,10,M6,Z,19.9,12.6,16.6,17,387,1,5,1,5
2017,FIAT,124 SPIDER,TWO-SEATER,1.4,4,A6,X,9.3,6.5,8,35,187,7,6,6,8
2017,FIAT,124 SPIDER,TWO-SEATER,1.4,4,M6,X,9,6.7,7.9,36,185,7,6,6,8
2017,FIAT,500 CABRIO,MINICOMPACT,1.4,4,A6,X,8.7,7.1,8,35,186,7,6,6,8
2017,FIAT,500 CABRIO,MINICOMPACT,1.4,4,M5,X,8,6.5,7.3,39,171,7,6,7,8
2017,FIAT,500 HATCHBACK,MINICOMPACT,1.4,4,A6,X,8.7,7.1,8,35,186,7,6,6,8
2017,FIAT,500 HATCHBACK,MINICOMPACT,1.4,4,M5,X,7.7,6.1,7,40,163,8,6,7,9
2017,FIAT,500 ABARTH CABRIO,MINICOMPACT,1.4,4,A6,X,9.7,7.4,8.7,32,202,6,6,5,8
2017,FIAT,500 ABARTH CABRIO,MINICOMPACT,1.4,4,M5,X,8.5,7.1,7.9,36,186,7,6,6,8
2017,FIAT,500 ABARTH HATCHBACK,MINICOMPACT,1.4,4,A6,X,9.7,7.4,8.7,32,202,6,6,5,8
2017,FIAT,500 ABARTH HATCHBACK,MINICOMPACT,1.4,4,M5,X,8.5,7.1,7.9,36,186,7,6,6,8
2017,FIAT,500L,STATION WAGON - SMALL,1.4,4,A6,X,10.7,7.9,9.4,30,221,5,6,5,8
2017,FIAT,500X,SUV - SMALL,1.4,4,M6,X,9.5,7.1,8.4,34,197,6,6,6,8
2017,FIAT,500X,SUV - SMALL,2.4,4,A9,X,10.7,7.7,9.3,30,219,5,6,5,8
2017,FIAT,500X AWD,SUV - SMALL,2.4,4,A9,X,11,8,9.7,29,226,5,6,4,7
2017,FORD,C-MAX HYBRID,FULL-SIZE,2,4,AV,X,5.7,6.2,5.9,48,138,9,8,8,9
2017,FORD,EDGE,SUV - SMALL,2,4,AS6,X,11.5,8,9.9,29,233,5,7,4,7
2017,FORD,EDGE (Start/Stop),SUV - SMALL,2,4,AS6,X,11.3,8,9.8,29,230,5,7,4,7
2017,FORD,EDGE,SUV - SMALL,3.5,6,AS6,X,13.5,9.1,11.5,25,270,4,6,3,7
2017,FORD,EDGE AWD,SUV - SMALL,2,4,AS6,X,11.9,8.6,10.4,27,244,5,7,4,7
2017,FORD,EDGE AWD,SUV - SMALL,2.7,6,AS6,X,13.8,9.8,12,24,281,4,7,2,7
2017,FORD,EDGE AWD,SUV - SMALL,3.5,6,AS6,X,13.9,10,12.1,23,284,4,6,2,6
2017,FORD,ESCAPE,SUV - SMALL,1.5,4,AS6,X,10.2,7.8,9.1,31,214,6,6,5,8
2017,FORD,ESCAPE,SUV - SMALL,2,4,AS6,X,10.6,8,9.5,30,222,5,7,5,7
2017,FORD,ESCAPE FFV,SUV - SMALL,2.5,4,AS6,X,11.1,8.1,9.7,29,229,5,6,4,7
2017,FORD,ESCAPE FFV,SUV - SMALL,2.5,4,AS6,E,15.2,10.8,13.3,21,219,5,6,5,6
2017,FORD,ESCAPE AWD,SUV - SMALL,1.5,4,AS6,X,10.7,8.3,9.6,29,226,5,6,4,7
2017,FORD,ESCAPE AWD,SUV - SMALL,2,4,AS6,X,11.5,8.7,10.2,28,239,5,7,4,7
2017,FORD,EXPEDITION 4X4,SUV - STANDARD,3.5,6,AS6,X,15.9,12,14.2,20,333,3,5,1,5
2017,FORD,EXPEDITION EL 4X4,SUV - STANDARD,3.5,6,AS6,X,16.1,12.2,14.3,20,337,2,5,1,5
2017,FORD,EXPLORER,SUV - STANDARD,2.3,4,AS6,X,12.6,8.6,10.8,26,254,5,6,3,7
2017,FORD,EXPLORER FFV,SUV - STANDARD,3.5,6,AS6,X,13.9,9.7,12,24,281,4,5,2,7
2017,FORD,EXPLORER FFV,SUV - STANDARD,3.5,6,AS6,E,18.7,12.9,16.1,18,264,4,5,3,5
2017,FORD,EXPLORER AWD,SUV - STANDARD,2.3,4,AS6,X,13.1,9.2,11.3,25,266,4,6,3,7
2017,FORD,EXPLORER AWD,SUV - STANDARD,3.5,6,AS6,X,14.8,10.7,13,22,305,3,6,1,6
2017,FORD,EXPLORER FFV AWD,SUV - STANDARD,3.5,6,AS6,X,14.4,10.5,12.6,22,296,4,5,2,6
2017,FORD,EXPLORER FFV AWD,SUV - STANDARD,3.5,6,AS6,E,19.6,14.2,17.2,16,284,4,5,2,4
2017,FORD,F-150,PICKUP TRUCK - STANDARD,2.7,6,AS6,X,12.2,9.3,10.9,26,256,5,6,3,7
2017,FORD,F-150 (LT Tire Pkg),PICKUP TRUCK - STANDARD,2.7,6,AS6,X,12.4,9.8,11.2,25,263,4,6,3,7
2017,FORD,F-150 (Payload Pkg),PICKUP TRUCK - STANDARD,2.7,6,AS6,X,13.1,9.8,11.6,24,272,4,6,3,7
2017,FORD,F-150,PICKUP TRUCK - STANDARD,3.5,6,AS10,X,12.7,9.5,11.3,25,264,4,5,3,7
2017,FORD,F-150 (LT Tire Pkg),PICKUP TRUCK - STANDARD,3.5,6,AS10,X,13,10.2,11.7,24,274,4,5,3,6
2017,FORD,F-150 (Payload Pkg),PICKUP TRUCK - STANDARD,3.5,6,AS10,X,13.8,10.7,12.4,23,290,4,5,2,6
2017,FORD,F-150 FFV,PICKUP TRUCK - STANDARD,3.5,6,A6,X,13.2,9.7,11.6,24,272,4,6,3,7
2017,FORD,F-150 FFV,PICKUP TRUCK - STANDARD,3.5,6,A6,E,17.9,13.2,15.8,18,258,4,6,3,5
2017,FORD,F-150 FFV,PICKUP TRUCK - STANDARD,5,8,AS6,X,15.4,10.6,13.2,21,310,3,6,1,6
2017,FORD,F-150 FFV,PICKUP TRUCK - STANDARD,5,8,AS6,E,20.5,14.3,17.7,16,291,4,6,2,4
2017,FORD,F-150 FFV (Payload Pkg),PICKUP TRUCK - STANDARD,5,8,AS6,X,16.8,11.8,14.5,19,340,2,6,1,6
2017,FORD,F-150 FFV (Payload Pkg),PICKUP TRUCK - STANDARD,5,8,AS6,E,20.5,14.3,17.7,16,291,4,6,2,4
2017,FORD,F-150 4X4,PICKUP TRUCK - STANDARD,2.7,6,AS6,X,13.1,10.2,11.8,24,276,4,6,2,6
2017,FORD,F-150 4X4 (LT Tire Pkg),PICKUP TRUCK - STANDARD,2.7,6,AS6,X,13.5,11.2,12.5,23,293,4,6,2,6
2017,FORD,F-150 4X4 (Payload Pkg),PICKUP TRUCK - STANDARD,2.7,6,AS6,X,13.3,10.7,12.3,23,288,4,6,2,6
2017,FORD,F-150 4X4,PICKUP TRUCK - STANDARD,3.5,6,AS10,X,13.6,10.3,12.1,23,284,4,5,2,6
2017,FORD,F-150 4X4 (LT Tire Pkg),PICKUP TRUCK - STANDARD,3.5,6,AS10,X,13.6,10.7,12.3,23,288,4,5,2,6
2017,FORD,F-150 4X4 (Payload Pkg),PICKUP TRUCK - STANDARD,3.5,6,AS10,X,14,11,12.7,22,298,4,5,2,6
2017,FORD,F-150 FFV 4X4,PICKUP TRUCK - STANDARD,3.5,6,A6,X,14,10.6,12.5,23,293,4,6,2,6
2017,FORD,F-150 FFV 4X4,PICKUP TRUCK - STANDARD,3.5,6,A6,E,19,14.3,16.9,17,281,4,6,2,4
2017,FORD,F-150 FFV 4X4,PICKUP TRUCK - STANDARD,5,8,AS6,X,15.9,11.3,13.8,20,323,3,6,1,6
2017,FORD,F-150 FFV 4X4,PICKUP TRUCK - STANDARD,5,8,AS6,E,21.5,15.1,18.6,15,305,3,6,1,4
2017,FORD,F-150 FFV 4X4 (LT Tire Pkg),PICKUP TRUCK - STANDARD,5,8,AS6,X,16,11.8,14.1,20,330,3,6,1,6
2017,FORD,F-150 FFV 4X4 (LT Tire Pkg),PICKUP TRUCK - STANDARD,5,8,AS6,E,21.5,15.1,18.6,15,306,3,6,1,4
2017,FORD,F-150 FFV 4X4 (Payload Pkg),PICKUP TRUCK - STANDARD,5,8,AS6,X,16.8,12.4,14.8,19,347,2,6,1,5
2017,FORD,F-150 FFV 4X4 (Payload Pkg),PICKUP TRUCK - STANDARD,5,8,AS6,E,22.2,16.5,19.6,14,326,3,6,1,3
2017,FORD,F-150 RAPTOR 4X4,PICKUP TRUCK - STANDARD,3.5,6,AS10,X,15.6,13.2,14.5,19,339,2,5,1,5
2017,FORD,FIESTA,SUBCOMPACT,1.6,4,AS6,X,8.6,6.4,7.6,37,178,7,6,6,9
2017,FORD,FIESTA,SUBCOMPACT,1.6,4,M5,X,8.6,6.7,7.8,36,182,7,6,6,8
2017,FORD,FIESTA SFE,SUBCOMPACT,1,3,M5,X,7.6,5.7,6.8,42,158,8,6,7,9
2017,FORD,FIESTA ST,COMPACT,1.6,4,M6,X,9,7.1,8.2,34,192,7,6,6,8
2017,FORD,FLEX,SUV - STANDARD,3.5,6,AS6,X,14.7,10.2,12.7,22,298,4,6,2,6
2017,FORD,FLEX AWD,SUV - STANDARD,3.5,6,AS6,X,14.7,10.7,12.9,22,303,3,6,1,6
2017,FORD,FLEX AWD GTDI,SUV - STANDARD,3.5,6,AS6,X,15.7,11.2,13.7,21,321,3,6,1,6
2017,FORD,FOCUS (Start/Stop),COMPACT,1,3,AS6,X,8.5,6.2,7.5,38,176,7,6,6,9
2017,FORD,FOCUS (Start/Stop),COMPACT,1,3,M6,X,7.9,5.9,7,40,164,8,6,7,9
2017,FORD,FOCUS FFV,COMPACT,2,4,AM6,X,9.1,6.4,7.9,36,185,7,6,6,9
2017,FORD,FOCUS FFV,COMPACT,2,4,AM6,E,12.2,8.8,10.6,27,177,7,6,6,7
2017,FORD,FOCUS FFV,COMPACT,2,4,AS6,X,9.2,6.6,8,35,189,7,6,6,8
2017,FORD,FOCUS FFV,COMPACT,2,4,AS6,E,12.4,9.1,10.9,26,182,7,6,6,7
2017,FORD,FOCUS FFV,COMPACT,2,4,M5,X,9.5,7,8.3,34,195,6,6,6,8
2017,FORD,FOCUS FFV,COMPACT,2,4,M5,E,12.9,9.5,11.4,25,188,7,6,6,7
2017,FORD,FOCUS RS AWD,MID-SIZE,2.3,4,M6,Z,12.2,9.4,10.9,26,256,5,6,3,7
2017,FORD,FOCUS ST,MID-SIZE,2,4,M6,X,10.5,7.8,9.3,30,219,5,6,5,8
2017,FORD,FUSION,MID-SIZE,1.5,4,AS6,X,10,7,8.7,32,204,6,8,5,8
2017,FORD,FUSION,MID-SIZE,2,4,AS6,X,11.2,7.6,9.6,29,225,5,7,5,8
2017,FORD,FUSION,MID-SIZE,2.5,4,A6,X,11.3,7.5,9.6,29,224,5,7,5,8
2017,FORD,FUSION AWD,MID-SIZE,2,4,AS6,X,11.8,8.1,10.1,28,238,5,7,4,7
2017,FORD,FUSION AWD,MID-SIZE,2.7,6,AS6,X,13.5,9,11.5,25,270,4,7,3,7
2017,FORD,FUSION HYBRID,MID-SIZE,2,4,AV,X,5.5,5.7,5.6,50,131,9,8,8,9
2017,FORD,GT,TWO-SEATER,3.5,6,AM7,Z,20.6,13.2,17.3,16,406,1,6,1,5
2017,FORD,MUSTANG,SUBCOMPACT,2.3,4,AS6,X,11,7.9,9.6,29,226,5,6,4,8
2017,FORD,MUSTANG (Performance Pkg),SUBCOMPACT,2.3,4,AS6,X,11.8,8.3,10.2,28,239,5,6,4,7
2017,FORD,MUSTANG,SUBCOMPACT,2.3,4,M6,X,11.2,7.8,9.8,29,230,5,6,4,8
2017,FORD,MUSTANG (Performance Pkg),SUBCOMPACT,2.3,4,M6,X,11.2,8.4,9.8,29,230,5,6,4,7
2017,FORD,MUSTANG,SUBCOMPACT,3.7,6,AS6,X,12.8,8.9,11.1,25,259,4,6,3,7
2017,FORD,MUSTANG,SUBCOMPACT,3.7,6,M6,X,13.8,8.8,11.5,25,271,4,6,3,7
2017,FORD,MUSTANG,SUBCOMPACT,5,8,AS6,X,15.6,9.6,12.9,22,303,3,6,1,7
2017,FORD,MUSTANG,SUBCOMPACT,5,8,M6,X,15.8,9.8,13.1,22,307,3,6,1,7
2017,FORD,MUSTANG (Performance Pkg),SUBCOMPACT,5,8,M6,X,16.7,10.2,13.8,20,324,3,6,1,6
2017,FORD,MUSTANG CONVERTIBLE,SUBCOMPACT,2.3,4,AS6,X,11.8,8.3,10.2,28,239,5,6,4,7
2017,FORD,MUSTANG CONVERTIBLE,SUBCOMPACT,2.3,4,M6,X,11.2,8.7,10.1,28,237,5,6,4,7
2017,FORD,MUSTANG CONVERTIBLE,SUBCOMPACT,5,8,AS6,X,15.5,10.3,13.2,21,309,3,6,1,6
2017,FORD,MUSTANG CONVERTIBLE,SUBCOMPACT,5,8,M6,X,16.7,10.2,13.8,20,324,3,6,1,6
2017,FORD,SHELBY GT350 MUSTANG,SUBCOMPACT,5.2,8,M6,Z,17.2,11.3,14.6,19,341,2,6,1,6
2017,FORD,T-150 WAGON,VAN - PASSENGER,3.5,6,AS6,X,16.2,12.8,14.6,19,344,2,2,1,5
2017,FORD,T-150 WAGON FFV,VAN - PASSENGER,3.7,6,AS6,X,16.7,13,15.1,19,354,2,2,1,5
2017,FORD,T-150 WAGON FFV,VAN - PASSENGER,3.7,6,AS6,E,23,18.5,20.9,14,343,2,2,1,2
2017,FORD,TAURUS,FULL-SIZE,2,4,AS6,X,11.8,8.1,10.1,28,238,5,6,4,7
2017,FORD,TAURUS FFV,FULL-SIZE,3.5,6,AS6,X,13.1,8.7,11.1,25,260,4,6,3,7
2017,FORD,TAURUS FFV,FULL-SIZE,3.5,6,AS6,E,17.6,11.7,15,19,249,5,6,4,6
2017,FORD,TAURUS AWD,FULL-SIZE,3.5,6,AS6,X,14.7,9.8,12.5,23,293,4,6,2,7
2017,FORD,TAURUS FFV AWD,FULL-SIZE,3.5,6,AS6,X,13.6,9.9,12.4,23,291,4,6,2,7
2017,FORD,TAURUS FFV AWD,FULL-SIZE,3.5,6,AS6,E,18.7,13.4,16.3,17,271,4,6,3,5
2017,FORD,TRANSIT CONNECT VAN FFV,SPECIAL PURPOSE VEHICLE,2.5,4,AS6,X,11.9,8.7,10.4,27,244,5,6,4,7
2017,FORD,TRANSIT CONNECT VAN FFV,SPECIAL PURPOSE VEHICLE,2.5,4,AS6,E,16.1,11.9,14.2,20,234,5,6,4,6
2017,FORD,TRANSIT CONNECT WAGON LWB FFV,SPECIAL PURPOSE VEHICLE,2.5,4,AS6,X,12.4,8.8,10.8,26,253,5,6,3,7
2017,FORD,TRANSIT CONNECT WAGON LWB FFV,SPECIAL PURPOSE VEHICLE,2.5,4,AS6,E,16.8,12.1,14.7,19,242,5,6,4,5
2017,GENESIS,G80 AWD,FULL-SIZE,3.8,6,AS8,X,14.3,9.5,12.1,23,286,4,6,2,7
2017,GENESIS,G80 AWD,FULL-SIZE,5,8,AS8,Z,17.2,10.5,14.2,20,332,3,6,1,6
2017,GENESIS,G90 AWD,FULL-SIZE,3.3,6,AS8,Z,13.7,9.7,11.9,24,279,4,6,2,7
2017,GENESIS,G90 AWD,FULL-SIZE,5,8,AS8,Z,15.2,10.2,13,22,306,3,7,1,6
2017,GMC,ACADIA,SUV - STANDARD,2.5,4,A6,X,11,9.2,10.2,28,239,5,6,4,7
2017,GMC,ACADIA,SUV - STANDARD,3.6,6,A6,X,13,9.3,11.3,25,265,4,5,3,7
2017,GMC,ACADIA AWD,SUV - STANDARD,2.5,4,A6,X,11.2,9.4,10.4,27,243,5,6,4,7
2017,GMC,ACADIA AWD,SUV - STANDARD,3.6,6,A6,X,13.3,9.5,11.6,24,271,4,5,3,7
2017,GMC,CANYON,PICKUP TRUCK - SMALL,2.5,4,A6,X,12,9.2,10.7,26,252,5,6,3,7
2017,GMC,CANYON,PICKUP TRUCK - SMALL,2.5,4,M6,X,12.2,9.2,10.9,26,254,5,6,3,7
2017,GMC,CANYON,PICKUP TRUCK - SMALL,2.8,4,A6,D,10.8,7.9,9.5,30,255,5,6,3,8
2017,GMC,CANYON,PICKUP TRUCK - SMALL,3.6,6,A8,X,13.4,9.6,11.7,24,274,4,7,3,7
2017,GMC,CANYON 4WD,PICKUP TRUCK - SMALL,2.5,4,A6,X,12.7,9.6,11.3,25,263,4,6,3,7
2017,GMC,CANYON 4WD,PICKUP TRUCK - SMALL,2.8,4,A6,D,12.1,8.4,10.4,27,280,4,6,2,7
2017,GMC,CANYON 4WD,PICKUP TRUCK - SMALL,3.6,6,A8,X,14,9.9,12.2,23,286,4,7,2,7
2017,GMC,SAVANA 2500 PASSENGER,VAN - PASSENGER,6,8,A6,X,21.8,14.8,18.6,15,438,1,2,1,4
2017,GMC,SAVANA 3500 PASSENGER,VAN - PASSENGER,6,8,A6,X,22.3,14.9,19,15,445,1,2,1,4
2017,GMC,SIERRA,PICKUP TRUCK - STANDARD,5.3,8,A6,X,14.6,10.3,12.7,22,297,4,5,2,6
2017,GMC,SIERRA,PICKUP TRUCK - STANDARD,5.3,8,A8,X,15.2,10.7,13.1,22,309,3,5,1,6
2017,GMC,SIERRA,PICKUP TRUCK - STANDARD,6.2,8,A8,Z,15.9,11.2,13.8,20,323,3,5,1,6
2017,GMC,SIERRA FFV,PICKUP TRUCK - STANDARD,4.3,6,A6,X,13.4,10,11.9,24,279,4,7,2,6
2017,GMC,SIERRA FFV,PICKUP TRUCK - STANDARD,4.3,6,A6,E,19.3,14.3,17.1,17,284,4,7,2,4
2017,GMC,SIERRA FFV,PICKUP TRUCK - STANDARD,5.3,8,A6,X,14.6,10.3,12.7,22,298,4,5,2,6
2017,GMC,SIERRA FFV,PICKUP TRUCK - STANDARD,5.3,8,A6,E,19.7,13.9,17.1,17,284,4,5,2,5
2017,GMC,SIERRA 4WD,PICKUP TRUCK - STANDARD,5.3,8,A6,X,15,10.7,13.1,22,307,3,5,1,6
2017,GMC,SIERRA 4WD,PICKUP TRUCK - STANDARD,5.3,8,A8,X,15.9,11.5,13.9,20,327,3,5,1,6
2017,GMC,SIERRA 4WD,PICKUP TRUCK - STANDARD,6.2,8,A8,Z,16,11.7,14.1,20,330,3,5,1,6
2017,GMC,SIERRA 4WD FFV,PICKUP TRUCK - STANDARD,4.3,6,A6,X,14.1,10.6,12.5,23,294,4,7,2,6
2017,GMC,SIERRA 4WD FFV,PICKUP TRUCK - STANDARD,4.3,6,A6,E,20.3,15.2,18,16,294,4,7,2,4
2017,GMC,SIERRA 4WD FFV,PICKUP TRUCK - STANDARD,5.3,8,A6,X,15,10.7,13.1,22,307,3,5,1,6
2017,GMC,SIERRA 4WD FFV,PICKUP TRUCK - STANDARD,5.3,8,A6,E,20.7,14.4,17.9,16,317,3,5,1,4
2017,GMC,SIERRA eASSIST 4WD,PICKUP TRUCK - STANDARD,5.3,8,A8,X,14.4,11.2,13,22,303,3,5,1,6
2017,GMC,TERRAIN,SUV - SMALL,2.4,4,A6,X,11,7.5,9.4,30,221,5,6,5,8
2017,GMC,TERRAIN FFV,SUV - SMALL,2.4,4,A6,X,11,7.5,9.4,30,221,5,6,5,8
2017,GMC,TERRAIN FFV,SUV - SMALL,2.4,4,A6,E,15.6,11,13.6,21,223,5,6,5,6
2017,GMC,TERRAIN,SUV - SMALL,3.6,6,A6,X,14.1,9.7,12.1,23,285,4,6,2,7
2017,GMC,TERRAIN AWD,SUV - SMALL,2.4,4,A6,X,11.5,8.3,10.1,28,237,5,6,4,7
2017,GMC,TERRAIN AWD,SUV - SMALL,3.6,6,A6,X,15,10.4,13,22,304,3,6,1,6
2017,GMC,YUKON,SUV - STANDARD,5.3,8,A6,X,15.1,10.4,13,22,305,3,5,1,6
2017,GMC,YUKON FFV,SUV - STANDARD,5.3,8,A6,X,15.1,10.4,13,22,305,3,5,1,6
2017,GMC,YUKON FFV,SUV - STANDARD,5.3,8,A6,E,20,13.5,17.1,17,284,4,5,2,5
2017,GMC,YUKON 4WD,SUV - STANDARD,5.3,8,A6,X,15.2,10.8,13.2,21,310,3,5,1,6
2017,GMC,YUKON 4WD FFV,SUV - STANDARD,5.3,8,A6,X,15.2,10.8,13.2,21,310,3,5,1,6
2017,GMC,YUKON 4WD FFV,SUV - STANDARD,5.3,8,A6,E,20.8,14.5,18,16,299,3,5,2,4
2017,GMC,YUKON DENALI 4WD,SUV - STANDARD,6.2,8,A8,Z,16,11.7,14.1,20,330,3,5,1,6
2017,GMC,YUKON XL,SUV - STANDARD,5.3,8,A6,X,15.1,10.4,13,22,305,3,5,1,6
2017,GMC,YUKON XL FFV,SUV - STANDARD,5.3,8,A6,X,15.1,10.4,13,22,305,3,5,1,6
2017,GMC,YUKON XL FFV,SUV - STANDARD,5.3,8,A6,E,20,13.5,17.1,17,284,4,5,2,5
2017,GMC,YUKON XL 4WD,SUV - STANDARD,5.3,8,A6,X,15.4,10.8,13.3,21,312,3,5,1,6
2017,GMC,YUKON XL 4WD FFV,SUV - STANDARD,5.3,8,A6,X,15.4,10.8,13.3,21,312,3,5,1,6
2017,GMC,YUKON XL 4WD FFV,SUV - STANDARD,5.3,8,A6,E,22.1,15.4,19.1,15,317,3,5,1,4
2017,GMC,YUKON XL DENALI 4WD,SUV - STANDARD,6.2,8,A8,Z,16.3,11.7,14.2,20,333,3,5,1,6
2017,HONDA,ACCORD,MID-SIZE,2.4,4,AV7,X,9.2,6.9,8.2,34,190,7,8,6,8
2017,HONDA,ACCORD,MID-SIZE,2.4,4,M6,X,10.4,7.4,9,31,210,6,6,5,8
2017,HONDA,ACCORD COUPE,MID-SIZE,3.5,6,AS6,X,11.4,7.4,9.6,29,225,5,6,5,8
2017,HONDA,ACCORD COUPE,MID-SIZE,3.5,6,M6,X,12.9,8.4,10.9,26,254,5,6,3,7
2017,HONDA,ACCORD SEDAN,MID-SIZE,2.4,4,AV,X,8.7,6.6,7.8,36,180,7,8,6,8
2017,HONDA,ACCORD SEDAN,MID-SIZE,3.5,6,A6,X,11.4,7.2,9.5,30,223,5,6,5,8
2017,HONDA,ACCORD HYBRID,MID-SIZE,2,4,AV,X,4.9,5.1,5,56,114,10,8,9,10
2017,HONDA,CIVIC COUPE,COMPACT,1.5,4,AV7,X,7.5,5.9,6.8,42,158,8,6,7,9
2017,HONDA,CIVIC COUPE,COMPACT,1.5,4,M6,X,7.7,5.7,6.8,42,159,8,6,7,9
2017,HONDA,CIVIC COUPE,COMPACT,2,4,AV,X,7.8,6,7,40,163,8,6,7,9
2017,HONDA,CIVIC COUPE,COMPACT,2,4,M6,X,8.5,6.1,7.4,38,173,7,6,7,9
2017,HONDA,CIVIC SEDAN,MID-SIZE,1.5,4,AV,X,7.4,5.6,6.6,43,153,8,6,7,9
2017,HONDA,CIVIC SEDAN,MID-SIZE,2,4,AV,X,7.8,6,7,40,163,8,6,7,9
2017,HONDA,CIVIC SEDAN,MID-SIZE,2,4,M6,X,8.5,6,7.4,38,172,7,6,7,9
2017,HONDA,CIVIC HATCHBACK,FULL-SIZE,1.5,4,AV,X,7.7,6,6.9,41,162,8,6,7,9
2017,HONDA,CIVIC HATCHBACK,FULL-SIZE,1.5,4,AV7,X,7.9,6.6,7.3,39,170,7,6,7,8
2017,HONDA,CIVIC HATCHBACK,FULL-SIZE,1.5,4,AV7,Z,7.9,6.6,7.3,39,170,7,6,7,8
2017,HONDA,CIVIC HATCHBACK,FULL-SIZE,1.5,4,M6,X,8,6.2,7.2,39,167,8,6,7,9
2017,HONDA,CIVIC HATCHBACK,FULL-SIZE,1.5,4,M6,Z,8,6.2,7.2,39,167,8,6,7,9
2017,HONDA,CR-V,SUV - SMALL,1.5,4,AV,X,8.4,7,7.8,36,181,7,7,6,8
2017,HONDA,CR-V AWD,SUV - SMALL,1.5,4,AV,X,8.7,7.2,8,35,188,7,7,6,8
2017,HONDA,FIT,STATION WAGON - SMALL,1.5,4,AV,X,7,5.9,6.5,43,154,8,6,7,9
2017,HONDA,FIT,STATION WAGON - SMALL,1.5,4,AV7,X,7.6,6.4,7,40,164,8,6,7,9
2017,HONDA,FIT,STATION WAGON - SMALL,1.5,4,M6,X,8.1,6.6,7.4,38,174,7,6,7,8
2017,HONDA,HR-V,STATION WAGON - SMALL,1.8,4,AV,X,8.3,6.9,7.7,37,180,7,6,6,8
2017,HONDA,HR-V,STATION WAGON - SMALL,1.8,4,AV7,X,8.3,6.9,7.7,37,180,7,6,6,8
2017,HONDA,HR-V,STATION WAGON - SMALL,1.8,4,M6,X,9.4,7.1,8.4,34,195,6,6,6,8
2017,HONDA,HR-V AWD,STATION WAGON - SMALL,1.8,4,AV,X,8.9,7.5,8.2,34,194,7,6,6,8
2017,HONDA,HR-V AWD,STATION WAGON - SMALL,1.8,4,AV7,X,8.9,7.5,8.2,34,194,7,6,6,8
2017,HONDA,ODYSSEY,MINIVAN,3.5,6,A6,X,12.3,8.6,10.7,26,251,5,5,3,7
2017,HONDA,PILOT,SUV - SMALL,3.5,6,A6,X,12.4,8.8,10.8,26,254,5,6,3,7
2017,HONDA,PILOT AWD,SUV - SMALL,3.5,6,A6,X,13,9.3,11.3,25,266,4,6,3,7
2017,HONDA,PILOT AWD,SUV - SMALL,3.5,6,AS9,X,12.4,9.3,11,26,256,5,6,3,7
2017,HONDA,RIDGELINE AWD,PICKUP TRUCK - STANDARD,3.5,6,A6,X,12.8,9.5,11.3,25,264,4,6,3,7
2017,HYUNDAI,ACCENT,COMPACT,1.6,4,AS6,X,8.9,6.6,7.9,36,182,7,6,6,8
2017,HYUNDAI,ACCENT,COMPACT,1.6,4,M6,X,8.8,6.5,7.8,36,184,7,6,6,8
2017,HYUNDAI,ELANTRA,MID-SIZE,2,4,AS6,X,8.3,6.4,7.4,38,174,7,7,7,9
2017,HYUNDAI,ELANTRA,MID-SIZE,2,4,M6,X,9.1,6.6,8,35,187,7,7,6,8
2017,HYUNDAI,ELANTRA GT,MID-SIZE,2,4,AS6,X,9.8,7.3,8.7,32,206,6,6,5,8
2017,HYUNDAI,ELANTRA GT,MID-SIZE,2,4,M6,X,9.8,7.2,8.7,32,204,6,6,5,8
2017,HYUNDAI,IONIQ,FULL-SIZE,1.6,4,AM6,X,4.3,4.4,4.4,64,103,10,8,9,10
2017,HYUNDAI,IONIQ BLUE,FULL-SIZE,1.6,4,AM6,X,4.2,4,4.1,69,96,10,8,10,10
2017,HYUNDAI,SANTA FE,SUV - SMALL,3.3,6,AS6,X,12.9,9.4,11.3,25,265,4,6,3,7
2017,HYUNDAI,SANTA FE AWD,SUV - SMALL,3.3,6,AS6,X,13,9.7,11.5,25,269,4,6,3,7
2017,HYUNDAI,SANTA FE SPORT,SUV - SMALL,2.4,4,AS6,X,11.1,8.6,10,28,235,5,7,4,7
2017,HYUNDAI,SANTA FE SPORT AWD,SUV - SMALL,2,4,AS6,X,12.5,9.6,11.2,25,264,4,6,3,7
2017,HYUNDAI,SANTA FE SPORT AWD,SUV - SMALL,2.4,4,AS6,X,12,9.1,10.7,26,253,5,7,3,7
2017,HYUNDAI,SANTA FE ULTIMATE AWD,SUV - SMALL,3.3,6,AS6,X,13.9,10.8,12.5,23,295,4,6,2,6
2017,HYUNDAI,SONATA,FULL-SIZE,2,4,AS6,X,10.5,7.6,9.2,31,216,6,6,5,8
2017,HYUNDAI,SONATA,FULL-SIZE,2.4,4,AS6,X,9.4,6.7,8.2,34,194,7,7,6,8
2017,HYUNDAI,SONATA SPORT/LIMITED,FULL-SIZE,2.4,4,AS6,X,10,7.2,8.7,32,207,6,7,5,8
2017,HYUNDAI,SONATA HYBRID,MID-SIZE,2,4,AS6,X,6.3,5.7,6,47,143,9,6,8,9
2017,HYUNDAI,SONATA HYBRID SE,MID-SIZE,2,4,AS6,X,6,5.3,5.7,50,137,9,6,8,9
2017,HYUNDAI,TUCSON,SUV - SMALL,1.6,4,AM7,X,9.9,8.5,9.3,30,221,5,6,5,7
2017,HYUNDAI,TUCSON,SUV - SMALL,2,4,AS6,X,10.1,7.8,9,31,213,6,6,5,8
2017,HYUNDAI,TUCSON AWD,SUV - SMALL,2,4,AS6,X,11,9.1,10.2,28,241,5,6,4,7
2017,HYUNDAI,VELOSTER,COMPACT,1.6,4,AM6,X,8.3,6.7,7.6,37,180,7,6,6,8
2017,HYUNDAI,VELOSTER,COMPACT,1.6,4,M6,X,8.9,6.9,8,35,188,7,6,6,8
2017,HYUNDAI,VELOSTER TURBO,COMPACT,1.6,4,AS6,X,8.9,7.3,8.2,34,193,7,6,6,8
2017,HYUNDAI,VELOSTER TURBO,COMPACT,1.6,4,M6,X,9.4,7.2,8.4,34,200,6,6,6,8
2017,INFINITI,Q50 AWD,MID-SIZE,2,4,AS7,Z,10.7,8.4,9.6,29,226,5,6,4,7
2017,INFINITI,Q50 AWD,MID-SIZE,3,6,AS7,Z,12.6,8.8,10.9,26,256,5,6,3,7
2017,INFINITI,Q50S RED SPORT AWD,MID-SIZE,3,6,AS7,Z,12.3,9.2,10.9,26,257,5,6,3,7
2017,INFINITI,Q50 HYBRID AWD,COMPACT,3.5,6,AS7,Z,9.1,7.7,8.5,33,200,6,6,6,8
2017,INFINITI,Q60 AWD,SUBCOMPACT,2,4,AS7,Z,11.2,8.5,10,28,233,5,6,4,7
2017,INFINITI,Q60 AWD,SUBCOMPACT,3,6,AS7,Z,12.4,8.8,10.8,26,253,5,6,3,7
2017,INFINITI,Q60S RED SPORT AWD,SUBCOMPACT,3,6,AS7,Z,12.5,9.2,11,26,259,4,6,3,7
2017,INFINITI,Q70 AWD,MID-SIZE,3.7,6,AS7,Z,13.2,9.8,11.7,24,274,4,6,3,7
2017,INFINITI,Q70 AWD,MID-SIZE,5.6,8,AS7,Z,14.9,10.2,12.8,22,300,3,6,2,6
2017,INFINITI,Q70 HYBRID,MID-SIZE,3.5,6,AS7,Z,8.4,7.1,7.8,36,184,7,6,6,8
2017,INFINITI,QX30,COMPACT,2,4,AM7,Z,9.7,7.1,8.5,33,200,6,6,6,8
2017,INFINITI,QX30 AWD,COMPACT,2,4,AM7,Z,10.6,8,9.4,30,221,5,6,5,7
2017,INFINITI,QX50 AWD,STATION WAGON - SMALL,3.7,6,AS7,Z,13.7,9.8,11.9,24,280,4,6,2,7
2017,INFINITI,QX60,SUV - SMALL,3.5,6,AV7,Z,11.9,8.8,10.5,27,246,5,7,4,7
2017,INFINITI,QX60 AWD,SUV - SMALL,3.5,6,AV7,Z,12.5,9.1,10.9,26,257,4,6,3,7
2017,INFINITI,QX60 HYBRID AWD,SUV - STANDARD,2.5,4,AV7,X,9.5,8.6,9.1,31,214,6,6,5,7
2017,INFINITI,QX70 AWD,SUV - SMALL,3.7,6,AS7,Z,14.5,10.8,12.8,22,301,3,6,1,6
2017,INFINITI,QX80 4WD,SUV - STANDARD,5.6,8,AS7,Z,17.4,12.2,15.1,19,355,2,6,1,5
2017,JAGUAR,F-PACE 35t,SUV - SMALL,3,6,AS8,Z,13.3,10,11.8,24,277,4,8,2,6
2017,JAGUAR,F-TYPE CONVERTIBLE,TWO-SEATER,3,6,AS8,Z,11.9,8.5,10.4,27,242,5,8,4,7
2017,JAGUAR,F-TYPE CONVERTIBLE,TWO-SEATER,3,6,M6,Z,14.9,9.8,12.6,22,296,4,8,2,7
2017,JAGUAR,F-TYPE COUPE,TWO-SEATER,3,6,AS8,Z,11.9,8.5,10.4,27,242,5,8,4,7
2017,JAGUAR,F-TYPE COUPE,TWO-SEATER,3,6,M6,Z,14.9,9.8,12.6,22,296,4,8,2,7
2017,JAGUAR,F-TYPE R CONVERTIBLE AWD,TWO-SEATER,5,8,AS8,Z,15.6,10.4,13.3,21,311,3,6,1,6
2017,JAGUAR,F-TYPE R COUPE AWD,TWO-SEATER,5,8,AS6,Z,15.6,10.4,13.3,21,311,3,6,1,6
2017,JAGUAR,F-TYPE S CONVERTIBLE,TWO-SEATER,3,6,AS8,Z,12.4,8.8,10.8,26,253,5,8,3,7
2017,JAGUAR,F-TYPE S CONVERTIBLE,TWO-SEATER,3,6,M6,Z,15.3,10,12.9,22,302,3,8,1,6
2017,JAGUAR,F-TYPE S CONVERTIBLE AWD,TWO-SEATER,3,6,AS8,Z,13,9.2,11.3,25,265,4,8,3,7
2017,JAGUAR,F-TYPE S COUPE,TWO-SEATER,3,6,AS8,Z,12.4,8.8,10.8,26,253,5,8,3,7
2017,JAGUAR,F-TYPE S COUPE,TWO-SEATER,3,6,M6,Z,15.3,10,12.9,22,302,3,8,1,6
2017,JAGUAR,F-TYPE S COUPE AWD,TWO-SEATER,3,6,AS8,Z,13,9.2,11.3,25,265,4,8,3,7
2017,JAGUAR,XE 20d AWD,COMPACT,2,4,AS8,D,7.8,5.8,6.9,41,186,7,5,6,9
2017,JAGUAR,XE 35t AWD,COMPACT,3,6,AS8,Z,11.8,8.2,10.2,28,238,5,8,4,7
2017,JAGUAR,XF 20d AWD,MID-SIZE,2,4,AS8,D,7.8,5.8,6.9,41,186,7,5,6,9
2017,JAGUAR,XF 35t AWD,MID-SIZE,3,6,AS8,Z,12,8.4,10.4,27,243,5,8,4,7
2017,JAGUAR,XJ R-SPORT 3.0 AWD,FULL-SIZE,3,6,AS8,Z,14,9,11.8,24,276,4,8,2,7
2017,JAGUAR,XJL PORTFOLIO 3.0 AWD,FULL-SIZE,3,6,AS8,Z,14,9.4,11.9,24,280,4,8,2,7
2017,JAGUAR,XJR,FULL-SIZE,5,8,AS8,Z,15.8,10.3,13.3,21,313,3,6,1,6
2017,JAGUAR,XJR  LWB,FULL-SIZE,5,8,AS8,Z,15.8,10.3,13.3,21,313,3,6,1,6
2017,JEEP,CHEROKEE,SUV - SMALL,2.4,4,A9,X,11,7.8,9.6,29,225,5,6,5,8
2017,JEEP,CHEROKEE,SUV - SMALL,3.2,6,A9,X,11.4,8.3,10,28,234,5,6,4,7
2017,JEEP,CHEROKEE 4X4 ACTIVE DRIVE I,SUV - SMALL,2.4,4,A9,X,11.3,8.4,10,28,235,5,6,4,7
2017,JEEP,CHEROKEE 4X4 ACTIVE DRIVE I,SUV - SMALL,3.2,6,A9,X,11.6,8.6,10.3,27,241,5,6,4,7
2017,JEEP,CHEROKEE 4X4 ACTIVE DRIVE II,SUV - SMALL,2.4,4,A9,X,11.4,8.7,10.2,28,240,5,5,4,7
2017,JEEP,CHEROKEE 4X4 ACTIVE DRIVE II,SUV - SMALL,3.2,6,A9,X,12.8,9,11.1,25,259,4,6,3,7
2017,JEEP,CHEROKEE 4X4 ACTIVE DRIVE LOCK,SUV - SMALL,2.4,4,A9,X,12.1,9.4,10.9,26,256,5,5,3,7
2017,JEEP,CHEROKEE 4X4 ACTIVE DRIVE LOCK,SUV - SMALL,3.2,6,A9,X,12.9,9.9,11.6,24,269,4,6,3,7
2017,JEEP,COMPASS,SUV - SMALL,2,4,AV,X,10.8,9,10,28,235,5,6,4,7
2017,JEEP,COMPASS,SUV - SMALL,2,4,M5,X,10.3,7.9,9.3,30,216,6,5,5,8
2017,JEEP,COMPASS,SUV - SMALL,2.4,4,A6,X,11.3,8.7,10.1,28,238,5,6,4,7
2017,JEEP,COMPASS,SUV - SMALL,2.4,4,M5,X,10.2,8.3,9.3,30,219,5,5,5,7
2017,JEEP,COMPASS 4X4,SUV - SMALL,2.4,4,A6,X,11.7,9.2,10.6,27,249,5,6,4,7
2017,JEEP,COMPASS 4X4,SUV - SMALL,2.4,4,AV,X,11.7,10.3,11.1,25,259,4,6,3,6
2017,JEEP,COMPASS 4X4,SUV - SMALL,2.4,4,M5,X,10.6,8.7,9.8,29,230,5,5,4,7
2017,JEEP,GRAND CHEROKEE 4X4,SUV - STANDARD,3.6,6,A8,X,12.7,9.6,11.3,25,265,4,6,3,7
2017,JEEP,GRAND CHEROKEE 4X4,SUV - STANDARD,5.7,8,A8,X,16.6,10.7,14,20,328,3,6,1,6
2017,JEEP,GRAND CHEROKEE SRT8,SUV - STANDARD,6.4,8,A8,Z,18.3,12.6,15.7,18,368,2,5,1,5
2017,JEEP,NEW COMPASS,SUV - SMALL,2.4,4,A6,X,10.6,7.6,9.3,30,218,5,6,5,8
2017,JEEP,NEW COMPASS,SUV - SMALL,2.4,4,M6,X,10.4,7.3,9,31,211,6,6,5,8
2017,JEEP,NEW COMPASS 4X4,SUV - SMALL,2.4,4,A9,X,10.8,7.8,9.5,30,222,5,6,5,8
2017,JEEP,NEW COMPASS 4X4,SUV - SMALL,2.4,4,M6,X,10.8,7.6,9.4,30,221,5,6,5,8
2017,JEEP,PATRIOT,SUV - SMALL,2,4,AV,X,10.8,9,10,28,235,5,6,4,7
2017,JEEP,PATRIOT,SUV - SMALL,2,4,M5,X,10.3,7.9,9.3,30,216,6,5,5,8
2017,JEEP,PATRIOT,SUV - SMALL,2.4,4,A6,X,11.3,8.7,10.1,28,238,5,6,4,7
2017,JEEP,PATRIOT,SUV - SMALL,2.4,4,M5,X,10.2,8.3,9.3,30,219,5,5,5,7
2017,JEEP,PATRIOT 4X4,SUV - SMALL,2.4,4,A6,X,11.7,9.2,10.6,27,249,5,6,4,7
2017,JEEP,PATRIOT 4X4,SUV - SMALL,2.4,4,AV,X,11.7,10.3,11.1,25,259,4,6,3,6
2017,JEEP,PATRIOT 4X4,SUV - SMALL,2.4,4,M5,X,10.6,8.7,9.8,29,230,5,5,4,7
2017,JEEP,RENEGADE,SUV - SMALL,1.4,4,M6,X,9.9,7.7,8.9,32,209,6,6,5,8
2017,JEEP,RENEGADE FFV,SUV - SMALL,2.4,4,A9,X,10.8,7.8,9.5,30,222,5,6,5,8
2017,JEEP,RENEGADE FFV,SUV - SMALL,2.4,4,A9,E,14.4,10.2,12.5,23,206,6,6,5,6
2017,JEEP,RENEGADE 4X4,SUV - SMALL,1.4,4,M6,X,9.9,7.7,8.9,32,211,6,6,5,8
2017,JEEP,RENEGADE 4X4,SUV - SMALL,2.4,4,A9,X,11.2,8.2,9.8,29,230,5,6,4,7
2017,JEEP,WRANGLER 4X4,SUV - SMALL,3.6,6,A5,X,14.1,11.1,12.8,22,299,3,6,2,6
2017,JEEP,WRANGLER 4X4,SUV - SMALL,3.6,6,M6,X,14.2,11,12.8,22,298,4,6,2,6
2017,JEEP,WRANGLER UNLIMITED 4X4,SUV - SMALL,3.6,6,A5,X,14.7,11.7,13.4,21,313,3,6,1,6
2017,JEEP,WRANGLER UNLIMITED 4X4,SUV - SMALL,3.6,6,M6,X,15,11.4,13.3,21,312,3,6,1,6
2017,KIA,CADENZA,FULL-SIZE,3.3,6,AS8,X,11.5,8.5,10.2,28,237,5,6,4,7
2017,KIA,FORTE (MPI),MID-SIZE,2,4,AS6,X,7.9,6.3,7.2,39,170,7,7,7,9
2017,KIA,FORTE (GDI),MID-SIZE,2,4,AS6,X,9.4,7,8.3,34,198,6,6,6,8
2017,KIA,FORTE,MID-SIZE,2,4,M6,X,9.4,6.8,8.3,34,195,6,7,6,8
2017,KIA,FORTE 5,FULL-SIZE,1.6,4,AM7,X,9.4,7.9,8.7,32,207,6,6,5,8
2017,KIA,FORTE 5,FULL-SIZE,2,4,AS6,X,9.7,7,8.3,34,197,6,6,6,8
2017,KIA,FORTE 5,FULL-SIZE,2,4,M6,X,9.8,7.3,8.7,32,204,6,6,5,8
2017,KIA,FORTE KOUP,COMPACT,1.6,4,AM7,X,9.6,7.4,8.6,33,204,6,6,5,8
2017,KIA,FORTE KOUP,COMPACT,1.6,4,M6,X,10.1,8,9.2,31,216,6,6,5,7
2017,KIA,FORTE KOUP,COMPACT,2,4,AS6,X,9.6,7.3,8.6,33,203,6,6,5,8
2017,KIA,FORTE KOUP,COMPACT,2,4,M6,X,9.9,7.6,8.8,32,209,6,6,5,8
2017,KIA,K900,FULL-SIZE,3.8,6,AS8,X,13.8,9.3,11.8,24,279,4,6,2,7
2017,KIA,K900,FULL-SIZE,5,8,AS8,Z,15.6,10.6,13.3,21,317,3,6,1,6
2017,KIA,NIRO,STATION WAGON - SMALL,1.6,4,AM6,X,4.6,5.1,4.8,59,114,10,8,9,10
2017,KIA,NIRO FE,STATION WAGON - SMALL,1.6,4,AM6,X,4.5,4.8,4.7,60,110,10,8,9,10
2017,KIA,NIRO TOURING,STATION WAGON - SMALL,1.6,4,AM6,X,5.1,5.8,5.4,52,129,9,8,8,9
2017,KIA,OPTIMA,FULL-SIZE,2.4,4,AS6,X,9.6,6.8,8.4,34,198,6,7,6,8
2017,KIA,OPTIMA FE,FULL-SIZE,2.4,4,AS6,X,9.3,6.6,8,35,190,7,7,6,8
2017,KIA,OPTIMA TURBO,FULL-SIZE,2,4,AS6,X,10.9,7.6,9.4,30,224,5,6,5,8
2017,KIA,OPTIMA HYBRID,MID-SIZE,2,4,AS6,X,6,5.1,5.6,50,132,9,6,8,9
2017,KIA,RIO,COMPACT,1.6,4,AS6,X,8.8,6.5,7.8,36,181,7,6,6,8
2017,KIA,RIO,COMPACT,1.6,4,M6,X,8.8,6.6,7.8,36,181,7,6,6,8
2017,KIA,RONDO,STATION WAGON - MID-SIZE,2,4,AS6,X,9.9,7.6,8.9,32,210,6,7,5,8
2017,KIA,SEDONA,MINIVAN,3.3,6,AS6,X,13.2,9.7,11.6,24,275,4,6,3,7
2017,KIA,SEDONA SX,MINIVAN,3.3,6,AS6,X,12.9,9.5,11.4,25,269,4,6,3,7
2017,KIA,SEDONA SXL,MINIVAN,3.3,6,AS6,X,14.1,10.5,12.5,23,296,4,6,2,6
2017,KIA,SORENTO,SUV - SMALL,2.4,4,AS6,X,11.2,8.3,9.9,29,234,5,7,4,7
2017,KIA,SORENTO AWD,SUV - SMALL,2,4,AS6,X,12.3,9.4,11,26,259,4,6,3,7
2017,KIA,SORENTO AWD,SUV - SMALL,2.4,4,AS6,X,11.5,9.3,10.5,27,246,5,7,4,7
2017,KIA,SORENTO AWD,SUV - SMALL,3.3,6,AS6,X,14,10.1,12.2,23,289,4,6,2,6
2017,KIA,SORENTO AWD FE,SUV - SMALL,3.3,6,AS6,X,13.2,9.3,11.4,25,270,4,6,3,7
2017,KIA,SOUL,STATION WAGON - SMALL,1.6,4,AS6,X,9.4,7.8,8.7,32,205,6,6,5,8
2017,KIA,SOUL,STATION WAGON - SMALL,1.6,4,M6,X,9.7,7.8,8.8,32,208,6,6,5,8
2017,KIA,SOUL,STATION WAGON - SMALL,2,4,AS6,X,9.5,7.8,8.7,32,206,6,7,5,8
2017,KIA,SOUL TURBO,STATION WAGON - SMALL,1.6,4,AM7,X,9.1,7.7,8.5,33,199,6,6,6,8
2017,KIA,SPORTAGE,SUV - SMALL,2.4,4,AS6,X,10.4,8,9.3,30,220,5,7,5,7
2017,KIA,SPORTAGE AWD,SUV - SMALL,2,4,AS6,X,11.9,10.2,11.1,25,263,4,6,3,6
2017,KIA,SPORTAGE AWD,SUV - SMALL,2.4,4,AS6,X,11.3,9.5,10.5,27,247,5,7,4,7
2017,LAMBORGHINI,AVENTADOR COUPE,TWO-SEATER,6.5,12,AM7,Z,22.2,12.7,17.9,16,428,1,5,1,5
2017,LAMBORGHINI,AVENTADOR COUPE LP 740,TWO-SEATER,6.5,12,AM7,Z,23.9,14.5,19.7,14,461,1,5,1,4
2017,LAMBORGHINI,AVENTADOR ROADSTER,TWO-SEATER,6.5,12,AM7,Z,23,13.5,18.7,15,438,1,5,1,5
2017,LAMBORGHINI,AVENTADOR ROADSTER LP 740,TWO-SEATER,6.5,12,AM7,Z,23.9,14.5,19.7,14,461,1,5,1,4
2017,LAMBORGHINI,HURACAN,TWO-SEATER,5.2,10,AM7,Z,16.4,11.4,14.2,20,331,3,5,1,6
2017,LAMBORGHINI,HURACAN SPYDER,TWO-SEATER,5.2,10,AM7,Z,16.9,11.8,14.6,19,340,2,5,1,6
2017,LAND ROVER,DISCOVERY SPORT,SUV - SMALL,2,4,AS9,Z,12,9.2,10.7,26,252,5,8,3,7
2017,LAND ROVER,RANGE ROVER EVOQUE,SUV - SMALL,2,4,AS9,Z,11.3,8,9.8,29,231,5,8,4,7
2017,LAND ROVER,RANGE ROVER EVOQUE CONVERTIBLE,SUV - SMALL,2,4,AS9,Z,12,8.5,10.4,27,243,5,8,4,7
2017,LEXUS,CT 200h,COMPACT,1.8,4,AV,X,5.5,5.9,5.7,50,132,9,8,8,9
2017,LEXUS,ES 300h,MID-SIZE,2.5,4,AV6,X,5.8,6.1,5.9,48,139,9,8,8,9
2017,LEXUS,ES 350,MID-SIZE,3.5,6,AS6,X,11.4,7.7,9.7,29,226,5,6,4,8
2017,LEXUS,GS 350 AWD,MID-SIZE,3.5,6,AS6,Z,12.4,9.2,11,26,257,5,7,3,7
2017,LEXUS,GS 450h,MID-SIZE,3.5,6,AV8,Z,8,6.9,7.5,38,176,7,8,6,8
2017,LEXUS,GS F,COMPACT,5,8,AS8,Z,14.9,9.7,12.5,23,293,4,7,2,7
2017,LEXUS,GX 460,SUV - STANDARD,4.6,8,AS6,Z,16,12.9,14.6,19,341,2,6,1,5
2017,LEXUS,IS 200t,COMPACT,2,4,AS8,Z,10.6,7.3,9.1,31,214,6,6,5,8
2017,LEXUS,IS 300 AWD,COMPACT,3.5,6,AS6,Z,12.6,9.2,11,26,258,4,6,3,7
2017,LEXUS,IS 350 AWD,COMPACT,3.5,6,AS6,Z,12.6,9.2,11,26,258,4,6,3,7
2017,LEXUS,LS 460 AWD,MID-SIZE,4.6,8,AS8,Z,15.1,10.3,12.9,22,303,3,6,1,6
2017,LEXUS,LS 460 L AWD,MID-SIZE,4.6,8,AS8,Z,15.1,10.3,12.9,22,303,3,6,1,6
2017,LEXUS,LX 570,SUV - STANDARD,5.7,8,AS8,Z,18.2,13,15.8,18,372,2,5,1,5
2017,LEXUS,NX 200t AWD,SUV - SMALL,2,4,AS6,Z,10.7,8.5,9.7,29,226,5,6,4,7
2017,LEXUS,NX 200t AWD F SPORT,SUV - SMALL,2,4,AS6,Z,10.8,8.9,9.9,29,232,5,6,4,7
2017,LEXUS,NX 300h AWD,SUV - SMALL,2.5,4,AV6,X,7.2,7.9,7.5,38,176,7,8,6,8
2017,LEXUS,RC 300 AWD,SUBCOMPACT,3.5,6,AS6,Z,12.6,9.2,11,26,258,4,6,3,7
2017,LEXUS,RC 350 AWD,SUBCOMPACT,3.5,6,AS6,Z,12.6,9.2,11,26,258,4,6,3,7
2017,LEXUS,RC F,SUBCOMPACT,5,8,AS8,Z,15.2,9.5,12.6,22,289,4,7,2,7
2017,LEXUS,RX 350 AWD,SUV - SMALL,3.5,6,AS8,X,12.2,9,10.8,26,252,5,7,3,7
2017,LEXUS,RX 450h AWD,SUV - STANDARD,3.5,6,AV6,Z,7.5,8.4,7.9,36,185,7,8,6,8
2017,LINCOLN,CONTINENTAL AWD,FULL-SIZE,2.7,6,AS6,X,14,9.5,12,24,281,4,7,2,7
2017,LINCOLN,CONTINENTAL AWD,FULL-SIZE,3,6,AS6,X,14.4,9.7,12.3,23,288,4,7,2,7
2017,LINCOLN,CONTINENTAL AWD,FULL-SIZE,3.7,6,AS6,X,14.3,9.7,12.2,23,287,4,6,2,7
2017,LINCOLN,MKC AWD,SUV - SMALL,2,4,AS6,X,12.3,9.3,10.9,26,256,5,7,3,7
2017,LINCOLN,MKC AWD (Start/Stop),SUV - SMALL,2,4,AS6,X,12.1,9.3,10.8,26,254,5,7,3,7
2017,LINCOLN,MKC AWD,SUV - SMALL,2.3,4,AS6,X,13.1,9.4,11.4,25,268,4,6,3,7
2017,LINCOLN,MKT AWD,SUV - STANDARD,3.5,6,AS6,X,15.7,11.2,13.7,21,321,3,6,1,6
2017,LINCOLN,MKT LIVERY AWD,SPECIAL PURPOSE VEHICLE,3.7,6,A6,X,14.7,10.2,12.7,22,298,4,6,2,6
2017,LINCOLN,MKX AWD,SUV - SMALL,2.7,6,AS6,X,14.1,9.8,12.1,23,284,4,7,2,7
2017,LINCOLN,MKX AWD,SUV - SMALL,3.7,6,AS6,X,14.4,10.3,12.5,23,293,4,6,2,6
2017,LINCOLN,MKZ,MID-SIZE,2,4,AS6,X,11.2,7.6,9.8,29,230,5,7,4,8
2017,LINCOLN,MKZ,MID-SIZE,3,6,AS6,X,13.4,8.7,11.2,25,264,4,7,3,7
2017,LINCOLN,MKZ AWD,MID-SIZE,2,4,AS6,X,11.8,8.4,10.2,28,239,5,7,4,7
2017,LINCOLN,MKZ AWD,MID-SIZE,3,6,AS6,X,14,9.2,11.8,24,278,4,7,2,7
2017,LINCOLN,MKZ HYBRID,MID-SIZE,2,4,AV,X,5.7,6.2,5.9,48,139,9,8,8,9
2017,LINCOLN,NAVIGATOR 4X4,SUV - STANDARD,3.5,6,AS6,X,15.9,12,14.2,20,333,3,5,1,5
2017,LINCOLN,NAVIGATOR L 4X4,SUV - STANDARD,3.5,6,AS6,X,16.1,12.4,14.5,19,339,2,5,1,5
2017,MASERATI,GHIBLI,MID-SIZE,3,6,AS8,Z,14.1,9.8,12.4,23,286,4,5,2,7
2017,MASERATI,GHIBLI S,MID-SIZE,3,6,AS8,Z,14.7,10,12.4,23,293,4,5,2,6
2017,MASERATI,GHIBLI SQ4,MID-SIZE,3,6,AS8,Z,14.7,9.9,12.6,22,295,4,5,2,7
2017,MASERATI,GRANTURISMO,SUBCOMPACT,4.7,8,AS6,Z,18.2,11.4,15.1,19,355,2,5,1,6
2017,MASERATI,GRANTURISMO CONVERTIBLE,SUBCOMPACT,4.7,8,AS6,Z,18.2,11.6,15.2,19,358,2,5,1,6
2017,MASERATI,LEVANTE,SUV - STANDARD,3,6,AS8,Z,16.8,11.9,14.7,19,340,2,5,1,6
2017,MASERATI,LEVANTE S,SUV - STANDARD,3,6,AS8,Z,16.8,12.4,14.7,19,346,2,5,1,5
2017,MASERATI,QUATTROPORTE GTS,FULL-SIZE,3.8,8,AS8,Z,16.1,10.8,13.8,20,321,3,5,1,6
2017,MASERATI,QUATTROPORTE S,FULL-SIZE,3,6,AS8,Z,14.9,10.3,13.1,22,300,3,5,2,6
2017,MASERATI,QUATTROPORTE SQ4,FULL-SIZE,3,6,AS8,Z,15,10.3,13.1,22,301,3,5,1,6
2017,MAZDA,CX-3,COMPACT,2,4,AS6,X,8.2,6.9,7.6,37,179,7,6,6,8
2017,MAZDA,CX-3 4WD,COMPACT,2,4,AS6,X,8.8,7.5,8.2,34,192,7,6,6,8
2017,MAZDA,CX-5,SUV - SMALL,2,4,M6,X,9.4,7.4,8.5,33,199,6,6,6,8
2017,MAZDA,CX-5,SUV - SMALL,2.5,4,AS6,X,9.8,7.7,8.6,33,204,6,6,5,8
2017,MAZDA,CX-5 4WD,SUV - SMALL,2.5,4,AS6,X,10.2,8.3,9.2,31,221,5,6,5,7
2017,MAZDA,CX-9,SUV - SMALL,2.5,4,AS6,X,10.6,8.4,9.6,29,225,5,6,5,7
2017,MAZDA,CX-9 4WD,SUV - SMALL,2.5,4,AS6,X,11.5,8.9,10.4,27,242,5,6,4,7
2017,MAZDA,MAZDA3 4-DOOR,COMPACT,2,4,AS6,X,8.4,6.4,7.5,38,176,7,8,6,9
2017,MAZDA,MAZDA3 4-DOOR,COMPACT,2,4,M6,X,8.5,6.2,7.5,38,175,7,8,7,9
2017,MAZDA,MAZDA3 4-DOOR (SIL),COMPACT,2,4,M6,X,8.5,6.2,7.5,38,175,7,8,7,9
2017,MAZDA,MAZDA3 4-DOOR,COMPACT,2.5,4,AS6,X,8.8,6.6,7.8,36,182,7,8,6,8
2017,MAZDA,MAZDA3 4-DOOR (i-ELOOP),COMPACT,2.5,4,AS6,X,8.5,6.4,7.6,37,176,7,8,6,9
2017,MAZDA,MAZDA3 4-DOOR (SIL),COMPACT,2.5,4,M6,X,9.3,6.9,8.2,34,194,7,6,6,8
2017,MAZDA,MAZDA3 5-DOOR,MID-SIZE,2,4,AS6,X,8.4,6.4,7.5,38,174,7,8,7,9
2017,MAZDA,MAZDA3 5-DOOR (SIL),MID-SIZE,2,4,M6,X,8.6,6.4,7.6,37,178,7,8,6,9
2017,MAZDA,MAZDA3 5-DOOR,MID-SIZE,2.5,4,AS6,X,9,6.7,7.8,36,183,7,8,6,8
2017,MAZDA,MAZDA3 5-DOOR (i-ELOOP),MID-SIZE,2.5,4,AS6,X,8.7,6.6,7.8,36,181,7,8,6,8
2017,MAZDA,MAZDA3 5-DOOR (SIL),MID-SIZE,2.5,4,M6,X,9.6,7,8.4,34,198,6,6,6,8
2017,MAZDA,MAZDA5,MINIVAN,2.5,4,AS5,X,10.8,8.2,9.6,29,226,5,6,4,7
2017,MAZDA,MAZDA5,MINIVAN,2.5,4,M6,X,11.1,8.3,9.8,29,230,5,6,4,7
2017,MAZDA,MAZDA6,MID-SIZE,2.5,4,AS6,X,9.1,6.7,8,35,187,7,8,6,8
2017,MAZDA,MAZDA6 (i-ELOOP),MID-SIZE,2.5,4,AS6,X,8.9,6.7,7.9,36,186,7,8,6,8
2017,MAZDA,MAZDA6 (SIL),MID-SIZE,2.5,4,M6,X,9.8,6.9,8.4,34,196,6,8,6,8
2017,MAZDA,MX-5,TWO-SEATER,2,4,AS6,Z,9,6.7,8,35,187,7,6,6,8
2017,MAZDA,MX-5 (SIL),TWO-SEATER,2,4,M6,Z,8.9,7.1,8.1,35,190,7,6,6,8
2017,MERCEDES-BENZ,AMG C 63,COMPACT,4,8,AS7,Z,13.4,9.6,11.7,24,273,4,5,3,7
2017,MERCEDES-BENZ,AMG C 63 CABRIOLET,SUBCOMPACT,4,8,AS7,Z,14,10.1,12.2,23,291,4,5,2,6
2017,MERCEDES-BENZ,AMG C 63 COUPE,SUBCOMPACT,4,8,AS7,Z,13.8,10.1,12.1,23,285,4,5,2,6
2017,MERCEDES-BENZ,AMG C 63 S,COMPACT,4,8,AS7,Z,13.4,9.6,11.7,24,273,4,5,3,7
2017,MERCEDES-BENZ,AMG C 63 S CABRIOLET,SUBCOMPACT,4,8,AS7,Z,14,10.1,12.2,23,291,4,5,2,6
2017,MERCEDES-BENZ,AMG C 63 S COUPE,SUBCOMPACT,4,8,AS7,Z,13.8,10.1,12.1,23,285,4,5,2,6
2017,MERCEDES-BENZ,AMG CLA 45,COMPACT,2,4,AS7,Z,10.7,7.6,9.3,30,221,5,5,5,8
2017,MERCEDES-BENZ,AMG CLS 63 S 4MATIC,COMPACT,5.5,8,AS7,Z,15.1,10.8,13.1,22,308,3,5,1,6
2017,MERCEDES-BENZ,AMG G 63,SUV - STANDARD,5.5,8,AS7,Z,20,16.6,18.5,15,413,1,5,1,3
2017,MERCEDES-BENZ,AMG G 65,SUV - STANDARD,6,12,AS7,Z,22.2,18,20.3,14,467,1,5,1,2
2017,MERCEDES-BENZ,AMG GLA 45 4MATIC,SUV - SMALL,2,4,AS7,Z,11.3,8.5,10,28,233,5,5,4,7
2017,MERCEDES-BENZ,AMG GLC 43 4MATIC COUPE,SUV - SMALL,3,6,A9,Z,17.4,11.1,14.6,19,353,2,5,1,6
2017,MERCEDES-BENZ,AMG GLE 43 4MATIC,SUV - STANDARD,3,6,A9,Z,13.6,10.1,12,24,281,4,5,2,6
2017,MERCEDES-BENZ,AMG GLE 43 4MATIC COUPE,SUV - STANDARD,3,6,A9,Z,13.6,10.2,12,24,281,4,5,2,6
2017,MERCEDES-BENZ,AMG GLE 63 S 4MATIC,SUV - STANDARD,5.5,8,AS7,Z,17.3,13.5,15.6,18,363,2,5,1,5
2017,MERCEDES-BENZ,AMG GLE 63 S 4MATIC COUPE,SUV - STANDARD,5.5,8,AS7,Z,17.2,12.8,15.2,19,363,2,5,1,5
2017,MERCEDES-BENZ,AMG GLS 63,SUV - STANDARD,5.5,8,AS7,Z,18.2,14,16.3,17,369,2,5,1,4
2017,MERCEDES-BENZ,AMG GT COUPE,TWO-SEATER,4,8,AS7,Z,14.5,10.8,12.8,22,303,3,5,1,6
2017,MERCEDES-BENZ,AMG GT S COUPE,TWO-SEATER,4,8,AS7,Z,14.5,10.8,12.8,22,303,3,5,1,6
2017,MERCEDES-BENZ,AMG S 63 4MATIC,FULL-SIZE,5.5,8,AS7,Z,15.7,10.1,13.2,21,313,3,5,1,6
2017,MERCEDES-BENZ,AMG S 63 CABRIOLET,COMPACT,5.5,8,AS7,Z,16.4,10.6,13.8,20,322,3,5,1,6
2017,MERCEDES-BENZ,AMG S 63 COUPE,COMPACT,5.5,8,AS7,Z,15.3,10.2,13,22,305,3,5,1,6
2017,MERCEDES-BENZ,AMG S 65,FULL-SIZE,6,12,AS7,Z,17.6,10.9,14.6,19,349,2,5,1,6
2017,MERCEDES-BENZ,AMG S 65 CABRIOLET,COMPACT,6,12,AS7,Z,17.1,11,14.3,20,348,2,5,1,6
2017,MERCEDES-BENZ,AMG S 65 COUPE,COMPACT,6,12,AS7,Z,18.7,11.6,15.5,18,365,2,5,1,6
2017,MERCEDES-BENZ,AMG SL 63,TWO-SEATER,5.5,8,AS7,Z,14.7,9.5,12.4,23,298,4,5,2,7
2017,MERCEDES-BENZ,AMG SL 65,TWO-SEATER,6,12,AS7,Z,17.6,10.8,14.5,19,340,2,5,1,6
2017,MERCEDES-BENZ,AMG SLC 43,TWO-SEATER,3,6,A9,Z,11.6,8.2,10.1,28,234,5,5,4,7
2017,MERCEDES-BENZ,B 250,MID-SIZE,2,4,AS7,Z,9.7,6.6,8.3,34,179,7,5,6,8
2017,MERCEDES-BENZ,C 300 4MATIC,COMPACT,2,4,AS7,Z,10.1,7.8,9,31,212,6,5,5,8
2017,MERCEDES-BENZ,C 300 4MATIC CABRIOLET,SUBCOMPACT,2,4,A9,Z,10.8,8,9.5,30,222,5,5,5,7
2017,MERCEDES-BENZ,C 300 4MATIC COUPE,SUBCOMPACT,2,4,AS7,Z,10.4,8,9.3,30,218,5,5,5,7
2017,MERCEDES-BENZ,CLA 250,COMPACT,2,4,AS7,Z,9.6,6.4,8.1,35,190,7,5,6,9
2017,MERCEDES-BENZ,CLS 550 4MATIC,COMPACT,4.7,8,A9,Z,13.6,9.4,11.7,24,275,4,5,3,7
2017,MERCEDES-BENZ,E 300 4MATIC,MID-SIZE,2,4,A9,Z,10.8,8.1,9.5,30,246,5,5,4,7
2017,MERCEDES-BENZ,E 400 4MATIC,MID-SIZE,3,6,A9,Z,11.8,8.6,10.4,27,245,5,5,4,7
2017,MERCEDES-BENZ,E 400 4MATIC WAGON,STATION WAGON - MID-SIZE,3,6,A9,Z,12.4,9.3,11,26,259,4,5,3,7
2017,MERCEDES-BENZ,E 400 CABRIOLET,SUBCOMPACT,3,6,AS7,Z,11.5,8.1,10,28,233,5,5,4,7
2017,MERCEDES-BENZ,E 400 COUPE,SUBCOMPACT,3,6,AS7,Z,11.8,8.4,10.2,28,239,5,5,4,7
2017,MERCEDES-BENZ,E 550 CABRIOLET,SUBCOMPACT,4.7,8,AS7,Z,13.7,9.2,11.7,24,275,4,5,3,7
2017,MERCEDES-BENZ,E 550 COUPE,SUBCOMPACT,4.7,8,AS7,Z,13.4,8.9,11.4,25,268,4,5,3,7
2017,MERCEDES-BENZ,G 550,SUV - STANDARD,4,8,AS7,Z,19,16.6,17.9,16,401,1,5,1,3
2017,MERCEDES-BENZ,GLA 250 4MATIC,SUV - SMALL,2,4,AS7,Z,10.3,7.6,9.1,31,212,6,5,5,8
2017,MERCEDES-BENZ,GLA 250 4MATIC,SUV - SMALL,2,4,AS7,E,13.6,10,12,24,128,9,5,8,6
2017,MERCEDES-BENZ,GLC 300 4MATIC,SUV - SMALL,2,4,A9,Z,11.1,8.5,10,28,233,5,5,4,7
2017,MERCEDES-BENZ,GLE 400 4MATIC,SUV - STANDARD,3,6,A9,Z,13.1,10.1,11.7,24,276,4,5,2,6
2017,MERCEDES-BENZ,GLE 550 4MATIC,SUV - STANDARD,4.7,8,A9,Z,15.3,11.3,13.5,21,318,3,5,1,6
2017,MERCEDES-BENZ,GLS 450 4MATIC,SUV - STANDARD,3,6,A9,Z,14.4,11.4,13,22,306,3,5,1,6
2017,MERCEDES-BENZ,GLS 550 4MATIC,SUV - STANDARD,4.7,8,A9,Z,16.7,12.9,15,19,347,2,5,1,5
2017,MERCEDES-BENZ,MAYBACH S 600,FULL-SIZE,6,12,AS7,Z,18.2,11,15,19,359,2,5,1,6
2017,MERCEDES-BENZ,METRIS CARGO,SPECIAL PURPOSE VEHICLE,2,4,AS7,Z,11.1,9.1,10.2,28,240,5,5,4,7
2017,MERCEDES-BENZ,METRIS PASSENGER,SPECIAL PURPOSE VEHICLE,2,4,AS7,Z,11.5,9.3,10.5,27,248,5,5,4,7
2017,MERCEDES-BENZ,S 400 4MATIC SWB,MID-SIZE,3,6,AS7,Z,12.6,8.6,10.8,26,253,5,5,3,7
2017,MERCEDES-BENZ,S 550 4MATIC SWB,MID-SIZE,4.7,8,A9,Z,14.3,9.2,12,24,280,4,5,2,7
2017,MERCEDES-BENZ,S 550 4MATIC LWB,FULL-SIZE,4.7,8,A9,Z,14.3,9.2,12,24,280,4,5,2,7
2017,MERCEDES-BENZ,S 550 4MATIC CABRIOLET,COMPACT,4.7,8,A9,Z,13.9,9.3,11.8,24,276,4,5,2,7
2017,MERCEDES-BENZ,S 550 4MATIC COUPE,COMPACT,4.7,8,A9,Z,14.1,9.3,11.9,24,278,4,5,2,7
2017,MERCEDES-BENZ,S 600,FULL-SIZE,6,12,AS7,Z,17.5,10.8,14.5,19,350,2,5,1,6
2017,MERCEDES-BENZ,SL 450,TWO-SEATER,3,6,A9,Z,11.5,8.4,10.1,28,237,5,5,4,7
2017,MERCEDES-BENZ,SL 550,TWO-SEATER,4.7,8,A9,Z,13.6,9.5,11.7,24,275,4,5,3,7
2017,MERCEDES-BENZ,SLC 300,TWO-SEATER,2,4,A9,Z,9.5,7.2,8.5,33,200,6,5,6,8
2017,MINI,COOPER 3 DOOR,SUBCOMPACT,1.5,3,AS6,Z,8.8,6.8,7.9,36,184,7,8,6,8
2017,MINI,COOPER 3 DOOR,SUBCOMPACT,1.5,3,M6,Z,8.5,6.2,7.5,38,175,7,8,7,9
2017,MINI,COOPER 5 DOOR,SUBCOMPACT,1.5,3,AS6,Z,8.8,6.8,7.9,36,184,7,8,6,8
2017,MINI,COOPER 5 DOOR,SUBCOMPACT,1.5,3,M6,Z,8.5,6.3,7.5,38,175,7,8,7,9
2017,MINI,COOPER CLUBMAN,MID-SIZE,1.5,3,AS6,Z,9.5,7.2,8.4,34,197,6,8,6,8
2017,MINI,COOPER CLUBMAN,MID-SIZE,1.5,3,M6,Z,9.6,7,8.4,34,197,6,8,6,8
2017,MINI,COOPER CLUBMAN ALL4,MID-SIZE,1.5,3,AS8,Z,10.2,7.8,9.1,31,213,6,6,5,8
2017,MINI,COOPER CLUBMAN ALL4,MID-SIZE,1.5,3,M6,Z,10.6,7.4,9.1,31,214,6,6,5,8
2017,MINI,COOPER CONVERTIBLE,MINICOMPACT,1.5,3,AS6,Z,8.8,6.8,7.9,36,184,7,8,6,8
2017,MINI,COOPER CONVERTIBLE,MINICOMPACT,1.5,3,M6,Z,8.5,6.3,7.5,38,175,7,8,7,9
2017,MINI,COOPER COUNTRYMAN,MID-SIZE,1.5,3,AS6,Z,9.5,7.2,8.4,34,197,6,6,6,8
2017,MINI,COOPER COUNTRYMAN,MID-SIZE,1.5,3,M6,Z,9.6,7,8.4,34,197,6,6,6,8
2017,MINI,COOPER COUNTRYMAN ALL4,MID-SIZE,1.5,3,AS8,Z,10.3,7.9,9.2,31,215,6,6,5,8
2017,MINI,COOPER COUNTRYMAN ALL4,MID-SIZE,1.5,3,M6,Z,10.6,7.4,9.1,31,214,6,6,5,8
2017,MINI,COOPER S 3 DOOR,SUBCOMPACT,2,4,AS6,Z,9.3,7.2,8.3,34,196,6,8,6,8
2017,MINI,COOPER S 3 DOOR,SUBCOMPACT,2,4,M6,Z,10.2,7.3,8.9,32,210,6,8,5,8
2017,MINI,COOPER S 5 DOOR,SUBCOMPACT,2,4,AS6,Z,9.3,7.2,8.3,34,196,6,8,6,8
2017,MINI,COOPER S 5 DOOR,SUBCOMPACT,2,4,M6,Z,10.2,7.3,8.9,32,210,6,8,5,8
2017,MINI,COOPER S CLUBMAN,MID-SIZE,2,4,AS8,Z,10,7.2,8.7,32,205,6,8,5,8
2017,MINI,COOPER S CLUBMAN,MID-SIZE,2,4,M6,Z,10.8,7.7,9.4,30,220,5,8,5,8
2017,MINI,COOPER S CLUBMAN ALL4,MID-SIZE,2,4,AS8,Z,10.2,7.4,9,31,210,6,8,5,8
2017,MINI,COOPER S CLUBMAN ALL4,MID-SIZE,2,4,M6,Z,11.4,7.8,9.7,29,227,5,8,4,8
2017,MINI,COOPER S CONVERTIBLE,MINICOMPACT,2,4,AS6,Z,9.4,7.2,8.4,34,196,6,8,6,8
2017,MINI,COOPER S CONVERTIBLE,MINICOMPACT,2,4,M6,Z,10.2,7.3,8.9,32,210,6,8,5,8
2017,MINI,COOPER S COUNTRYMAN  ALL4,MID-SIZE,2,4,AS8,Z,10.5,7.4,9.1,31,213,6,8,5,8
2017,MINI,COOPER S COUNTRYMAN  ALL4,MID-SIZE,2,4,M6,Z,11.3,7.7,9.7,29,227,5,8,4,8
2017,MINI,JOHN COOPER WORKS 3 DOOR,SUBCOMPACT,2,4,AS6,Z,9.3,7.2,8.3,34,196,6,6,6,8
2017,MINI,JOHN COOPER WORKS 3 DOOR,SUBCOMPACT,2,4,M6,Z,10.2,7.3,8.9,32,210,6,6,5,8
2017,MINI,JOHN COOPER WORKS CLUBMAN ALL4,MID-SIZE,2,4,AS8,Z,10.2,7.4,9,31,210,6,6,5,8
2017,MINI,JOHN COOPER WORKS CLUBMAN ALL4,MID-SIZE,2,4,M6,Z,11.4,7.8,9.7,29,227,5,6,4,8
2017,MINI,JOHN COOPER WORKS CONVERTIBLE,MINICOMPACT,2,4,AS6,Z,9.4,7.2,8.4,34,196,6,6,6,8
2017,MINI,JOHN COOPER WORKS CONVERTIBLE,MINICOMPACT,2,4,M6,Z,10.8,7.7,9.4,30,220,5,6,5,8
2017,MITSUBISHI,LANCER,COMPACT,2,4,AV6,X,8.7,6.9,7.9,36,183,7,5,6,8
2017,MITSUBISHI,LANCER,COMPACT,2,4,M5,X,9.7,7.1,8.5,33,200,6,5,6,8
2017,MITSUBISHI,LANCER,COMPACT,2.4,4,AV6,X,9.9,7.7,8.9,32,206,6,5,5,8
2017,MITSUBISHI,LANCER,COMPACT,2.4,4,M5,X,10.5,7.8,9.3,30,218,5,5,5,8
2017,MITSUBISHI,LANCER 4WD,COMPACT,2.4,4,AV6,X,10.2,7.9,9.2,31,212,6,5,5,8
2017,MITSUBISHI,LANCER SPORTBACK,STATION WAGON - SMALL,2,4,AV6,X,9.3,7.2,8.4,34,194,7,5,6,8
2017,MITSUBISHI,LANCER SPORTBACK,STATION WAGON - SMALL,2,4,M5,X,9.9,7.3,8.7,32,205,6,5,5,8
2017,MITSUBISHI,MIRAGE,COMPACT,1.2,3,AV,X,6.4,5.5,6,47,141,9,7,8,9
2017,MITSUBISHI,MIRAGE,COMPACT,1.2,3,M5,X,7.1,5.8,6.5,43,150,8,7,8,9
2017,MITSUBISHI,MIRAGE G4,COMPACT,1.2,3,AV,X,6.9,5.7,6.4,44,149,8,7,8,9
2017,MITSUBISHI,MIRAGE G4,COMPACT,1.2,3,M5,X,7.2,5.9,6.6,43,155,8,7,7,9
2017,MITSUBISHI,OUTLANDER,SUV - SMALL,2.4,4,AV6,X,9.2,7.5,8.4,34,197,6,7,6,8
2017,MITSUBISHI,OUTLANDER 4WD,SUV - SMALL,2.4,4,AV6,X,9.8,8.1,9,31,211,6,7,5,7
2017,MITSUBISHI,OUTLANDER 4WD,SUV - SMALL,3,6,AS6,Z,11.9,8.5,10.4,27,242,5,7,4,7
2017,MITSUBISHI,RVR,SUV - SMALL,2,4,AV6,X,9.7,7.8,8.8,32,204,6,7,5,8
2017,MITSUBISHI,RVR,SUV - SMALL,2,4,M5,X,10.3,8.2,9.3,30,216,6,7,5,7
2017,MITSUBISHI,RVR 4WD,SUV - SMALL,2,4,AV6,X,10.1,8.2,9.2,31,213,6,7,5,7
2017,NISSAN,370Z,TWO-SEATER,3.7,6,AS7,Z,12.6,9.3,11.1,25,261,4,6,3,7
2017,NISSAN,370Z,TWO-SEATER,3.7,6,M6,Z,13.3,9.3,11.5,25,269,4,6,3,7
2017,NISSAN,370Z ROADSTER,TWO-SEATER,3.7,6,AS7,Z,13,9.7,11.5,25,270,4,6,3,7
2017,NISSAN,370Z ROADSTER,TWO-SEATER,3.7,6,M6,Z,13.6,9.7,11.8,24,278,4,6,2,7
2017,NISSAN,ALTIMA,MID-SIZE,2.5,4,AV,X,8.8,6,7.5,38,176,7,8,6,9
2017,NISSAN,ALTIMA,MID-SIZE,3.5,6,AV7,X,10.6,7.3,9.1,31,214,6,6,5,8
2017,NISSAN,ALTIMA SR,MID-SIZE,2.5,4,AV7,X,8.8,6.5,7.8,36,183,7,8,6,8
2017,NISSAN,ARMADA 4WD,SUV - STANDARD,5.6,8,AS7,X,17.5,12.9,15.4,18,362,2,6,1,5
2017,NISSAN,FRONTIER,PICKUP TRUCK - SMALL,2.5,4,A5,X,13.5,10.5,12.2,23,286,4,6,2,6
2017,NISSAN,FRONTIER,PICKUP TRUCK - SMALL,2.5,4,M5,X,12.2,10.4,11.4,25,268,4,6,3,6
2017,NISSAN,FRONTIER,PICKUP TRUCK - SMALL,4,6,A5,X,14.8,10.6,12.9,22,304,3,6,1,6
2017,NISSAN,FRONTIER 4WD,PICKUP TRUCK - SMALL,4,6,A5,X,15.8,11.5,13.8,20,326,3,6,1,6
2017,NISSAN,FRONTIER 4WD,PICKUP TRUCK - SMALL,4,6,M6,X,15.1,11.5,13.5,21,317,3,6,1,6
2017,NISSAN,GT-R,SUBCOMPACT,3.8,6,AM6,Z,14.5,10.7,12.8,22,300,3,6,2,6
2017,NISSAN,JUKE,STATION WAGON - SMALL,1.6,4,AV7,Z,8.5,7.5,8,35,189,7,6,6,8
2017,NISSAN,JUKE,STATION WAGON - SMALL,1.6,4,M6,Z,8.6,7.2,8,35,188,7,6,6,8
2017,NISSAN,JUKE AWD,STATION WAGON - SMALL,1.6,4,AV7,Z,9,7.8,8.4,34,199,6,6,6,8
2017,NISSAN,JUKE NISMO RS,STATION WAGON - SMALL,1.6,4,M6,Z,9,7.6,8.4,34,197,6,6,6,8
2017,NISSAN,JUKE NISMO RS AWD,STATION WAGON - SMALL,1.6,4,AV8,Z,9.5,8.3,8.9,32,209,6,6,5,7
2017,NISSAN,MAXIMA,MID-SIZE,3.5,6,AV7,Z,11.1,7.8,9.6,29,225,5,6,5,8
2017,NISSAN,MICRA,COMPACT,1.6,4,A4,X,8.9,6.8,7.9,36,186,7,6,6,8
2017,NISSAN,MICRA,COMPACT,1.6,4,M5,X,8.7,6.8,7.9,36,185,7,6,6,8
2017,NISSAN,MURANO,STATION WAGON - MID-SIZE,3.5,6,AV7,X,11,8.3,9.8,29,230,5,7,4,7
2017,NISSAN,MURANO AWD,STATION WAGON - MID-SIZE,3.5,6,AV7,X,11.2,8.4,9.9,29,232,5,7,4,7
2017,NISSAN,NV200 CARGO VAN,SPECIAL PURPOSE VEHICLE,2,4,AV,X,9.8,9,9.4,30,220,5,6,5,7
2017,NISSAN,PATHFINDER,SUV - SMALL,3.5,6,AV,X,11.6,8.5,10.2,28,240,5,7,4,7
2017,NISSAN,PATHFINDER 4WD,SUV - SMALL,3.5,6,AV,X,12.1,8.9,10.7,26,250,5,7,4,7
2017,NISSAN,PATHFINDER 4WD PLATINUM,SUV - SMALL,3.5,6,AV,X,12.4,9.2,11,26,258,4,6,3,7
2017,NISSAN,QASHQAI,STATION WAGON - SMALL,2,4,AV,X,8.8,7.3,8.1,35,191,7,7,6,8
2017,NISSAN,QASHQAI,STATION WAGON - SMALL,2,4,M6,X,10,8.1,9.2,31,216,6,7,5,7
2017,NISSAN,QASHQAI AWD,STATION WAGON - SMALL,2,4,AV,X,9.1,7.5,8.4,34,197,6,7,6,8
2017,NISSAN,ROGUE,SUV - SMALL,2.5,4,AV,X,9.2,7,8.2,34,192,7,7,6,8
2017,NISSAN,ROGUE AWD,SUV - SMALL,2.5,4,AV,X,9.6,7.4,8.6,33,203,6,7,5,8
2017,NISSAN,SENTRA (Turbo),MID-SIZE,1.6,4,AV7,Z,8.9,7.3,8.2,34,193,7,6,6,8
2017,NISSAN,SENTRA (Turbo),MID-SIZE,1.6,4,M6,Z,9.1,7.3,8.3,34,195,6,6,6,8
2017,NISSAN,SENTRA,MID-SIZE,1.8,4,AV,X,8.1,6.3,7.3,39,171,7,8,7,9
2017,NISSAN,SENTRA,MID-SIZE,1.8,4,M6,X,9,6.8,8,35,187,7,5,6,8
2017,NISSAN,SENTRA NISMO,MID-SIZE,1.6,4,AV7,Z,9.4,7.8,8.7,32,205,6,6,5,8
2017,NISSAN,SENTRA NISMO,MID-SIZE,1.6,4,M6,Z,9.5,7.6,8.7,32,204,6,6,5,8
2017,NISSAN,TITAN,PICKUP TRUCK - STANDARD,5.6,8,AS7,X,15,11.2,13.3,21,312,3,6,1,6
2017,NISSAN,TITAN 4WD,PICKUP TRUCK - STANDARD,5.6,8,AS7,X,15.2,11.1,13.4,21,315,3,6,1,6
2017,NISSAN,TITAN 4WD PRO-4X,PICKUP TRUCK - STANDARD,5.6,8,AS7,X,16,12,14.2,20,333,3,6,1,5
2017,NISSAN,VERSA,MID-SIZE,1.6,4,AV,X,7.6,6.2,7,40,164,8,6,7,9
2017,NISSAN,VERSA,MID-SIZE,1.6,4,M5,X,8.6,6.6,7.7,37,180,7,6,6,8
2017,PORSCHE,911 CARRERA,MINICOMPACT,3,6,AM7,Z,10.6,8,9.4,30,221,5,5,5,7
2017,PORSCHE,911 CARRERA,MINICOMPACT,3,6,M7,Z,11.8,8.1,10.1,28,237,5,5,4,7
2017,PORSCHE,911 CARRERA CABRIOLET,MINICOMPACT,3,6,AM7,Z,10.8,8.3,9.7,29,227,5,5,4,7
2017,PORSCHE,911 CARRERA CABRIOLET,MINICOMPACT,3,6,M7,Z,12,8.2,10.3,27,241,5,5,4,7
2017,PORSCHE,911 CARRERA S,MINICOMPACT,3,6,AM7,Z,10.8,8.3,9.7,29,226,5,5,4,7
2017,PORSCHE,911 CARRERA S,MINICOMPACT,3,6,M7,Z,12.1,8.3,10.4,27,242,5,5,4,7
2017,PORSCHE,911 CARRERA S CABRIOLET,MINICOMPACT,3,6,AM7,Z,10.8,8.4,9.7,29,228,5,5,4,7
2017,PORSCHE,911 CARRERA S CABRIOLET,MINICOMPACT,3,6,M7,Z,12.1,8.3,10.4,27,243,5,5,4,7
2017,PORSCHE,911 CARRERA 4,MINICOMPACT,3,6,AM7,Z,10.7,8.3,9.6,29,225,5,5,5,7
2017,PORSCHE,911 CARRERA 4,MINICOMPACT,3,6,M7,Z,12.1,8.3,10.4,27,242,5,5,4,7
2017,PORSCHE,911 CARRERA 4 CABRIOLET,MINICOMPACT,3,6,AM7,Z,11,8.4,9.8,29,230,5,5,4,7
2017,PORSCHE,911 CARRERA 4 CABRIOLET,MINICOMPACT,3,6,M7,Z,12.2,8.5,10.5,27,246,5,5,4,7
2017,PORSCHE,911 CARRERA 4S,MINICOMPACT,3,6,AM7,Z,11,8.5,9.9,29,232,5,5,4,7
2017,PORSCHE,911 CARRERA 4S,MINICOMPACT,3,6,M7,Z,12.1,8.4,10.4,27,243,5,5,4,7
2017,PORSCHE,911 CARRERA 4S CABRIOLET,MINICOMPACT,3,6,AM7,Z,10.9,8.5,9.9,29,231,5,5,4,7
2017,PORSCHE,911 CARRERA 4S CABRIOLET,MINICOMPACT,3,6,M7,Z,12.2,8.5,10.5,27,246,5,5,4,7
2017,PORSCHE,911 TARGA 4,MINICOMPACT,3,6,AM7,Z,10.9,8.4,9.8,29,228,5,5,4,7
2017,PORSCHE,911 TARGA 4,MINICOMPACT,3,6,M7,Z,12.2,8.5,10.5,27,246,5,5,4,7
2017,PORSCHE,911 TARGA 4S,MINICOMPACT,3,6,AM7,Z,11.1,8.6,10,28,233,5,5,4,7
2017,PORSCHE,911 TARGA 4S,MINICOMPACT,3,6,M7,Z,12.2,8.5,10.5,27,246,5,5,4,7
2017,PORSCHE,911 TURBO,MINICOMPACT,3.8,6,AM7,Z,12.6,9.9,11.4,25,266,4,5,3,7
2017,PORSCHE,911 TURBO CABRIOLET,MINICOMPACT,3.8,6,AM7,Z,12.6,9.9,11.4,25,267,4,5,3,7
2017,PORSCHE,911 TURBO S,MINICOMPACT,3.8,6,AM7,Z,12.6,9.9,11.4,25,266,4,5,3,7
2017,PORSCHE,911 TURBO S CABRIOLET,MINICOMPACT,3.8,6,AM7,Z,12.6,9.9,11.4,25,267,4,5,3,7
2017,PORSCHE,BOXSTER,TWO-SEATER,2,4,AM7,Z,10.5,8,9.4,30,219,5,5,5,7
2017,PORSCHE,BOXSTER,TWO-SEATER,2,4,M6,Z,11,8.3,9.8,29,229,5,5,4,7
2017,PORSCHE,BOXSTER S,TWO-SEATER,2.5,4,AM7,Z,11,8.4,9.9,29,230,5,5,4,7
2017,PORSCHE,BOXSTER S,TWO-SEATER,2.5,4,M6,Z,12.1,9,10.7,26,249,5,5,4,7
2017,PORSCHE,CAYENNE,SUV - STANDARD,3.6,6,A8,Z,12.9,9.7,11.5,25,268,4,5,3,7
2017,PORSCHE,CAYENNE PLATINUM,SUV - STANDARD,3.6,6,A8,Z,13.6,10.2,12.1,23,281,4,5,2,6
2017,PORSCHE,CAYENNE S,SUV - STANDARD,3.6,6,A8,Z,13.9,9.6,12,24,281,4,5,2,7
2017,PORSCHE,CAYENNE GTS,SUV - STANDARD,3.6,6,A8,Z,14.5,10.4,12.6,22,296,4,5,2,6
2017,PORSCHE,CAYENNE TURBO,SUV - STANDARD,4.8,8,A8,Z,16.7,11.2,14.2,20,334,3,5,1,6
2017,PORSCHE,CAYENNE TURBO S,SUV - STANDARD,4.8,8,A8,Z,16.7,11.2,14.2,20,334,3,5,1,6
2017,PORSCHE,CAYMAN,TWO-SEATER,2,4,AM7,Z,10.5,8,9.4,30,219,5,5,5,7
2017,PORSCHE,CAYMAN,TWO-SEATER,2,4,M6,Z,11,8.3,9.8,29,229,5,5,4,7
2017,PORSCHE,CAYMAN S,TWO-SEATER,2.5,4,AM7,Z,11,8.4,9.9,29,230,5,5,4,7
2017,PORSCHE,CAYMAN S,TWO-SEATER,2.5,4,M6,Z,12.1,9,10.7,26,249,5,5,4,7
2017,PORSCHE,MACAN,SUV - SMALL,2,4,A7,Z,11.6,9.3,10.6,27,248,5,5,4,7
2017,PORSCHE,MACAN S,SUV - SMALL,3,6,A7,Z,13.7,10.3,12.2,23,285,4,5,2,6
2017,PORSCHE,MACAN GTS,SUV - SMALL,3,6,A7,Z,13.8,10.3,12.3,23,287,4,5,2,6
2017,PORSCHE,MACAN TURBO,SUV - SMALL,3.6,6,A7,Z,14.2,10.1,12.3,23,287,4,5,2,6
2017,RAM,1500 FFV,PICKUP TRUCK - STANDARD,3.6,6,A8,X,13.9,9.6,11.9,24,280,4,6,2,7
2017,RAM,1500 FFV,PICKUP TRUCK - STANDARD,3.6,6,A8,E,19.7,13.8,17,17,283,4,6,2,5
2017,RAM,1500,PICKUP TRUCK - STANDARD,5.7,8,A6,X,17,12,14.8,19,346,2,6,1,5
2017,RAM,1500,PICKUP TRUCK - STANDARD,5.7,8,A8,X,15.7,11,13.6,21,319,3,6,1,6
2017,RAM,1500 ECODIESEL,PICKUP TRUCK - STANDARD,3,6,A8,D,11.8,8.6,10.4,27,278,4,5,2,7
2017,RAM,1500 4X4 FFV,PICKUP TRUCK - STANDARD,3.6,6,A8,X,14.5,10.2,12.6,22,294,4,6,2,6
2017,RAM,1500 4X4 FFV,PICKUP TRUCK - STANDARD,3.6,6,A8,E,20.7,14.7,18,16,300,3,6,2,4
2017,RAM,1500 4X4,PICKUP TRUCK - STANDARD,5.7,8,A6,X,17.5,12.7,15.4,18,361,2,6,1,5
2017,RAM,1500 4X4,PICKUP TRUCK - STANDARD,5.7,8,A8,X,16.1,11.5,14,20,328,3,6,1,6
2017,RAM,1500 4X4 ECODIESEL,PICKUP TRUCK - STANDARD,3,6,A8,D,12.3,8.8,10.8,26,289,4,5,2,7
2017,RAM,PROMASTER CITY,SPECIAL PURPOSE VEHICLE,2.4,4,A9,X,11.2,8.3,9.9,29,232,5,6,4,7
2017,ROLLS-ROYCE,DAWN,COMPACT,6.6,12,AS8,Z,20,12.6,16.7,17,390,1,6,1,5
2017,ROLLS-ROYCE,GHOST,FULL-SIZE,6.6,12,AS8,Z,20,12.6,16.7,17,390,1,6,1,5
2017,ROLLS-ROYCE,GHOST EWB,FULL-SIZE,6.6,12,AS8,Z,20,12.6,16.7,17,390,1,6,1,5
2017,ROLLS-ROYCE,PHANTOM,FULL-SIZE,6.7,12,AS8,Z,20.7,12.7,17.1,17,400,1,6,1,5
2017,ROLLS-ROYCE,PHANTOM EWB,FULL-SIZE,6.7,12,AS8,Z,20.7,12.7,17.1,17,400,1,6,1,5
2017,ROLLS-ROYCE,PHANTOM COUPE,COMPACT,6.7,12,AS8,Z,20.7,12.7,17.1,17,400,1,6,1,5
2017,ROLLS-ROYCE,PHANTOM DROPHEAD COUPE,COMPACT,6.7,12,AS8,Z,20.6,12.8,17.1,17,401,1,6,1,5
2017,ROLLS-ROYCE,WRAITH,MID-SIZE,6.6,12,AS8,Z,19,12.5,16.1,18,375,2,6,1,5
2017,SMART,FORTWO CABRIOLET,TWO-SEATER,0.9,3,AM6,Z,7,6.3,6.7,42,152,8,5,7,9
2017,SUBARU,BRZ,MINICOMPACT,2,4,AS6,Z,9.7,7.2,8.6,33,200,6,5,6,8
2017,SUBARU,BRZ,MINICOMPACT,2,4,M6,Z,11.1,8,9.7,29,228,5,5,4,7
2017,SUBARU,CROSSTREK AWD,SUV - SMALL,2,4,AV6,X,9.1,7.2,8.2,34,193,7,7,6,8
2017,SUBARU,CROSSTREK AWD,SUV - SMALL,2,4,M5,X,10.3,7.8,9.2,31,216,6,7,5,8
2017,SUBARU,FORESTER AWD,SUV - SMALL,2,4,AV8,Z,10.2,8.6,9.5,30,223,5,5,5,7
2017,SUBARU,FORESTER AWD,SUV - SMALL,2.5,4,AV6,X,9.2,7.4,8.4,34,196,6,7,6,8
2017,SUBARU,FORESTER AWD,SUV - SMALL,2.5,4,M6,X,10.9,8.3,9.7,29,228,5,7,4,7
2017,SUBARU,IMPREZA 4-DOOR AWD,MID-SIZE,2,4,AV7,X,8.3,6.4,7.5,38,174,7,7,7,9
2017,SUBARU,IMPREZA 4-DOOR AWD,MID-SIZE,2,4,M5,X,10,7.5,8.9,32,208,6,7,5,8
2017,SUBARU,IMPREZA 5-DOOR AWD,STATION WAGON - SMALL,2,4,AV7,X,8.4,6.5,7.5,38,176,7,7,6,8
2017,SUBARU,IMPREZA 5-DOOR AWD,STATION WAGON - SMALL,2,4,M5,X,10.1,7.7,9,31,211,6,7,5,8
2017,SUBARU,LEGACY AWD,MID-SIZE,2.5,4,AV6,X,9.3,7,8.3,34,194,7,5,6,8
2017,SUBARU,LEGACY AWD,MID-SIZE,2.5,4,M6,X,10.7,7.9,9.5,30,222,5,5,5,8
2017,SUBARU,LEGACY AWD,MID-SIZE,3.6,6,AV6,X,11.9,8.3,10.3,27,241,5,6,4,7
2017,SUBARU,OUTBACK AWD,SUV - SMALL,2.5,4,AV6,X,9.4,7.3,8.4,34,198,6,5,6,8
2017,SUBARU,OUTBACK AWD,SUV - SMALL,2.5,4,M6,X,11,8.3,9.8,29,229,5,5,4,7
2017,SUBARU,OUTBACK AWD,SUV - SMALL,3.6,6,AV6,X,12,8.7,10.5,27,247,5,6,4,7
2017,SUBARU,WRX AWD,COMPACT,2,4,AV8,Z,12.5,9.6,11.2,25,255,5,5,3,7
2017,SUBARU,WRX AWD,COMPACT,2,4,M6,Z,11.3,8.5,10,28,235,5,5,4,7
2017,SUBARU,WRX AWD,COMPACT,2.5,4,M6,Z,13.8,10.2,12.2,23,285,4,5,2,6
2017,TOYOTA,4RUNNER 4WD,SUV - STANDARD,4,6,AS5,X,14.3,12,13.3,21,310,3,6,1,5
2017,TOYOTA,4RUNNER 4WD (Part-Time 4WD),SUV - STANDARD,4,6,AS5,X,14.3,12,13.3,21,310,3,6,1,5
2017,TOYOTA,86,MINICOMPACT,2,4,AS6,Z,9.9,7.3,8.7,32,204,6,5,5,8
2017,TOYOTA,86,MINICOMPACT,2,4,M6,Z,11.3,8.3,9.9,29,232,5,5,4,7
2017,TOYOTA,AVALON,MID-SIZE,3.5,6,AS6,X,11.4,7.7,9.7,29,226,5,6,4,8
2017,TOYOTA,CAMRY,MID-SIZE,2.5,4,AS6,X,9.8,7.1,8.6,33,199,6,6,6,8
2017,TOYOTA,CAMRY,MID-SIZE,3.5,6,AS6,X,11,7.8,9.6,29,224,5,6,5,8
2017,TOYOTA,CAMRY HYBRID LE,MID-SIZE,2.5,4,AV,X,5.6,6.2,5.9,48,137,9,8,8,9
2017,TOYOTA,CAMRY HYBRID XLE/SE,MID-SIZE,2.5,4,AV,X,5.8,6.3,6,47,141,9,8,8,9
2017,TOYOTA,COROLLA,MID-SIZE,1.8,4,AV,X,8.3,6.5,7.5,38,174,7,6,7,8
2017,TOYOTA,COROLLA,MID-SIZE,1.8,4,AV7,X,8.3,6.7,7.5,38,178,7,6,6,8
2017,TOYOTA,COROLLA,MID-SIZE,1.8,4,M6,X,8.4,6.5,7.5,38,176,7,6,6,8
2017,TOYOTA,COROLLA LE ECO (1-mode),MID-SIZE,1.8,4,AV,X,7.8,5.9,6.9,41,163,8,7,7,9
2017,TOYOTA,COROLLA LE ECO (2-mode),MID-SIZE,1.8,4,AV,X,8,6.3,7.2,39,168,8,7,7,9
2017,TOYOTA,COROLLA iM,MID-SIZE,1.8,4,AV7,X,8.3,6.5,7.5,38,176,7,7,6,8
2017,TOYOTA,COROLLA iM,MID-SIZE,1.8,4,M6,X,8.8,6.8,7.9,36,185,7,7,6,8
2017,TOYOTA,HIGHLANDER,SUV - SMALL,3.5,6,AS8,X,11.8,8.7,10.3,27,243,5,7,4,7
2017,TOYOTA,HIGHLANDER AWD,SUV - STANDARD,3.5,6,AS8,X,12.1,9,10.6,27,251,5,7,3,7
2017,TOYOTA,HIGHLANDER AWD (Start/Stop System),SUV - STANDARD,3.5,6,AS8,X,12,8.9,10.6,27,247,5,7,4,7
2017,TOYOTA,HIGHLANDER AWD LE,SUV - STANDARD,3.5,6,AS8,X,11.7,8.8,10.4,27,242,5,7,4,7
2017,TOYOTA,HIGHLANDER HYBRID AWD,SUV - STANDARD,3.5,6,AV6,X,8.1,8.5,8.3,34,193,7,8,6,7
2017,TOYOTA,PRIUS,MID-SIZE,1.8,4,AV,X,4.4,4.6,4.5,63,105,10,8,9,10
2017,TOYOTA,PRIUS c,COMPACT,1.5,4,AV,X,4.9,5.5,5.1,55,120,10,8,9,10
2017,TOYOTA,PRIUS v,STATION WAGON - MID-SIZE,1.8,4,AV,X,5.5,6,5.8,49,135,9,8,8,9
2017,TOYOTA,RAV4,SUV - SMALL,2.5,4,AS6,X,10.3,8,9.2,31,217,6,6,5,7
2017,TOYOTA,RAV4 LE/XLE,SUV - SMALL,2.5,4,AS6,X,10,7.8,9,31,210,6,6,5,8
2017,TOYOTA,RAV4 AWD,SUV - SMALL,2.5,4,AS6,X,10.5,8.3,9.5,30,222,5,6,5,7
2017,TOYOTA,RAV4 LIMITED/SE AWD,SUV - SMALL,2.5,4,AS6,X,10.7,8.4,9.7,29,226,5,6,4,7
2017,TOYOTA,RAV4 HYBRID AWD,SUV - SMALL,2.5,4,AV6,X,6.9,7.8,7.3,39,170,7,8,7,8
2017,TOYOTA,SEQUOIA 4WD,SUV - STANDARD,5.7,8,AS6,X,18.7,13.8,16.5,17,380,2,5,1,5
2017,TOYOTA,SIENNA,MINIVAN,3.5,6,AS8,X,12.5,8.9,10.9,26,255,5,7,3,7
2017,TOYOTA,SIENNA AWD,MINIVAN,3.5,6,AS8,X,13.4,9.6,11.7,24,274,4,7,3,7
2017,TOYOTA,TACOMA,PICKUP TRUCK - SMALL,2.7,4,AS6,X,12.1,10.1,11.2,25,263,4,7,3,6
2017,TOYOTA,TACOMA,PICKUP TRUCK - SMALL,3.5,6,AS6,X,12.6,10,11.4,25,268,4,7,3,6
2017,TOYOTA,TACOMA 4WD,PICKUP TRUCK - SMALL,2.7,4,AS6,X,12.7,10.6,11.7,24,274,4,7,3,6
2017,TOYOTA,TACOMA 4WD,PICKUP TRUCK - SMALL,2.7,4,M5,X,12.4,11.4,11.9,24,279,4,7,2,6
2017,TOYOTA,TACOMA 4WD,PICKUP TRUCK - SMALL,3.5,6,AS6,X,13.2,10.7,12,24,283,4,7,2,6
2017,TOYOTA,TACOMA 4WD,PICKUP TRUCK - SMALL,3.5,6,M6,X,13.8,11.6,12.8,22,301,3,7,1,6
2017,TOYOTA,TACOMA 4WD D-CAB OFF-ROAD,PICKUP TRUCK - SMALL,3.5,6,M6,X,13.8,11.7,12.9,22,300,3,7,2,6
2017,TOYOTA,TUNDRA,PICKUP TRUCK - STANDARD,4.6,8,AS6,X,15.8,12.3,14.2,20,334,3,5,1,5
2017,TOYOTA,TUNDRA,PICKUP TRUCK - STANDARD,5.7,8,AS6,X,17.2,12.9,15.3,18,358,2,5,1,5
2017,TOYOTA,TUNDRA 4WD,PICKUP TRUCK - STANDARD,4.6,8,AS6,X,16.8,12.6,14.9,19,349,2,5,1,5
2017,TOYOTA,TUNDRA 4WD,PICKUP TRUCK - STANDARD,5.7,8,AS6,X,18.1,13.9,16.2,17,378,2,5,1,5
2017,TOYOTA,YARIS,COMPACT,1.5,4,AS6,X,7.3,5.8,6.6,43,155,8,6,7,9
2017,TOYOTA,YARIS (SIL),COMPACT,1.5,4,M6,X,7.8,6,6.8,42,164,8,6,7,9
2017,TOYOTA,YARIS HATCHBACK,COMPACT,1.5,4,A4,X,7.9,6.8,7.4,38,173,7,6,7,8
2017,TOYOTA,YARIS HATCHBACK,COMPACT,1.5,4,M5,X,7.8,6.5,7.2,39,168,8,6,7,8
2017,VOLKSWAGEN,BEETLE,COMPACT,1.8,4,AS6,X,9.7,7.2,8.5,33,199,6,8,6,8
2017,VOLKSWAGEN,BEETLE,COMPACT,1.8,4,M5,X,9.5,7.1,8.4,34,198,6,8,6,8
2017,VOLKSWAGEN,BEETLE DUNE,COMPACT,1.8,4,AS6,X,9.6,7.5,8.6,33,201,6,8,5,8
2017,VOLKSWAGEN,BEETLE CONVERTIBLE,SUBCOMPACT,1.8,4,AS6,X,9.7,7.2,8.5,33,199,6,8,6,8
2017,VOLKSWAGEN,CC 4MOTION,COMPACT,3.6,6,AS6,X,13.9,9.3,11.8,24,277,4,6,2,7
2017,VOLKSWAGEN,GOLF,COMPACT,1.8,4,AS6,X,9.4,6.7,8.2,34,192,7,8,6,8
2017,VOLKSWAGEN,GOLF,COMPACT,1.8,4,M5,X,9.3,6.6,8.1,35,190,7,8,6,8
2017,VOLKSWAGEN,GOLF GTI,COMPACT,2,4,AM6,X,9.6,7.2,8.5,33,199,6,8,6,8
2017,VOLKSWAGEN,GOLF GTI,COMPACT,2,4,M6,X,9.7,7,8.5,33,198,6,8,6,8
2017,VOLKSWAGEN,GOLF R,COMPACT,2,4,AM6,Z,10.4,7.9,9.3,30,216,6,6,5,8
2017,VOLKSWAGEN,GOLF R,COMPACT,2,4,M6,Z,10.9,7.7,9.4,30,220,5,6,5,8
2017,VOLKSWAGEN,GOLF ALLTRACK,STATION WAGON - SMALL,1.8,4,AM6,X,10.6,8,9.4,30,220,5,8,5,7
2017,VOLKSWAGEN,GOLF SPORTWAGEN,STATION WAGON - SMALL,1.8,4,AS6,X,9.3,6.9,8.2,34,192,7,8,6,8
2017,VOLKSWAGEN,GOLF SPORTWAGEN,STATION WAGON - SMALL,1.8,4,M5,X,9.6,6.8,8.3,34,194,6,8,6,8
2017,VOLKSWAGEN,GOLF SPORTWAGEN 4MOTION,STATION WAGON - SMALL,1.8,4,AM6,X,10.6,8,9.4,30,220,5,8,5,7
2017,VOLKSWAGEN,JETTA,COMPACT,1.4,4,AS6,X,8.5,6.2,7.4,38,175,7,7,7,9
2017,VOLKSWAGEN,JETTA,COMPACT,1.4,4,M5,X,8.3,5.9,7.2,39,168,8,6,7,9
2017,VOLKSWAGEN,JETTA,COMPACT,1.8,4,AM6,X,9.4,6.8,8.2,34,193,7,8,6,8
2017,VOLKSWAGEN,JETTA,COMPACT,2,4,AS6,X,9.8,7.4,8.7,32,205,6,8,5,8
2017,VOLKSWAGEN,JETTA,COMPACT,2,4,M6,X,10.2,7.2,8.9,32,208,6,8,5,8
2017,VOLKSWAGEN,PASSAT,MID-SIZE,1.8,4,AS6,X,10.1,7,8.7,32,204,6,8,5,8
2017,VOLKSWAGEN,PASSAT,MID-SIZE,3.6,6,AM6,X,11.9,8.5,10.4,27,242,5,6,4,7
2017,VOLKSWAGEN,TIGUAN,SUV - SMALL,2,4,AS6,Z,11.7,9.6,10.7,26,256,5,6,3,7
2017,VOLKSWAGEN,TIGUAN 4MOTION,SUV - SMALL,2,4,AS6,Z,12,10,11.1,25,263,4,6,3,6
2017,VOLKSWAGEN,TOUAREG,SUV - STANDARD,3.6,6,AS8,X,13.8,10.4,12.2,23,287,4,5,2,6
2017,VOLVO,S60 T5,COMPACT,2,4,AS8,X,9.6,7,8.4,34,198,6,6,6,8
2017,VOLVO,S60 T5 AWD,COMPACT,2,4,AS8,X,10.7,7.8,9.4,30,219,5,6,5,8
2017,VOLVO,S60 INSCRIPTION T5,COMPACT,2,4,AS8,X,9.6,7,8.4,34,198,6,6,6,8
2017,VOLVO,S60 INSCRIPTION T5 AWD,COMPACT,2,4,AS8,X,10.7,7.8,9.4,30,219,5,6,5,8
2017,VOLVO,S60 T6 AWD,COMPACT,2,4,AS8,Z,10.9,7.7,9.5,30,221,5,6,5,8
2017,VOLVO,S60 POLESTAR,COMPACT,2,4,AS8,Z,11.8,8.5,10.3,27,241,5,5,4,7
2017,VOLVO,S60 CC T5 AWD,COMPACT,2,4,AS8,X,10.8,7.8,9.4,30,220,5,6,5,8
2017,VOLVO,S90 T5,MID-SIZE,2,4,AS8,Z,10.1,7,8.7,32,204,6,6,5,8
2017,VOLVO,S90 T6 AWD,MID-SIZE,2,4,AS8,Z,10.8,7.6,9.4,30,219,5,6,5,8
2017,VOLVO,V60 T5,STATION WAGON - SMALL,2,4,AS8,X,9.6,7,8.4,34,198,6,6,6,8
2017,VOLVO,V60 T5 AWD,STATION WAGON - SMALL,2,4,AS8,X,10.7,7.8,9.4,30,219,5,6,5,8
2017,VOLVO,V60 T6 AWD,STATION WAGON - SMALL,2,4,AS8,Z,10.9,7.7,9.5,30,221,5,6,5,8
2017,VOLVO,V60 POLESTAR,STATION WAGON - SMALL,2,4,AS8,Z,11.8,8.5,10.3,27,241,5,5,4,7
2017,VOLVO,V60 CC T5 AWD,STATION WAGON - SMALL,2,4,AS8,X,10.8,7.8,9.4,30,220,5,6,5,8
2017,VOLVO,V90 T5,STATION WAGON - MID-SIZE,2,4,AS8,Z,10.1,7,8.7,32,204,6,6,5,8
2017,VOLVO,V90 T6 AWD,STATION WAGON - MID-SIZE,2,4,AS8,Z,10.8,7.6,9.4,30,219,5,6,5,8
2017,VOLVO,V90 CC T6 AWD,STATION WAGON - MID-SIZE,2,4,AS8,Z,10.7,7.9,9.4,30,221,5,6,5,8
2017,VOLVO,XC60 T5,SUV - SMALL,2,4,AS8,X,10.4,7.8,9.2,31,216,6,6,5,8
2017,VOLVO,XC60 T5 AWD,SUV - SMALL,2,4,AS8,X,11.3,8.4,10,28,233,5,6,4,7
2017,VOLVO,XC60 T6 AWD,SUV - SMALL,2,4,AS8,Z,11.7,8.7,10.4,27,244,5,6,4,7
2017,VOLVO,XC90 T5,SUV - STANDARD,2,4,AS8,Z,10.6,9.1,10,28,232,5,6,4,7
2017,VOLVO,XC90 T5 AWD,SUV - STANDARD,2,4,AS8,Z,10.8,9.5,10.2,28,239,5,6,4,7
2017,VOLVO,XC90 T6 AWD,SUV - STANDARD,2,4,AS8,Z,11.5,9.6,10.6,27,249,5,6,4,7
NA,NA,NA,NA,NA,NA,NA,NA,NA,NA,NA,NA,NA,NA,NA,NA,NA
NA,NA,NA,NA,NA,NA,NA,NA,NA,NA,NA,NA,NA,NA,NA,NA,NA
NA,NA,NA,NA,NA,NA,NA,NA,NA,NA,NA,NA,NA,NA,NA,NA,NA
"NOTE: Vehicle manufacturers are using an improved testing procedure, introduced for model year 2015, to determine the fuel consumption ratings of new light-duty vehicles. The improved testing produces higher fuel consumption ratings that are more representative",NA,NA,NA,NA,NA,NA,NA,NA,NA,NA,NA,NA,NA,NA,NA,NA
"of everyday driving. To help you compare vehicles from different model years, the ratings for 1995-2014 vehicles have been adjusted to reflect the improved testing.",NA,NA,NA,NA,NA,NA,NA,NA,NA,NA,NA,NA,NA,NA,NA,NA
NA,NA,NA,NA,NA,NA,NA,NA,NA,NA,NA,NA,NA,NA,NA,NA,NA
Understanding the Table,NA,NA,NA,NA,NA,NA,NA,NA,NA,NA,NA,NA,NA,NA,NA,NA
Model,4WD/4X4 = Four-wheel drive,NA,NA,NA,NA,NA,NA,NA,NA,NA,NA,NA,NA,NA,NA,NA
NA,AWD = All-wheel drive,NA,NA,NA,NA,NA,NA,NA,NA,NA,NA,NA,NA,NA,NA,NA
NA,FFV = Flexible-fuel vehicle,NA,NA,NA,NA,NA,NA,NA,NA,NA,NA,NA,NA,NA,NA,NA
NA,SWB = Short wheelbase,NA,NA,NA,NA,NA,NA,NA,NA,NA,NA,NA,NA,NA,NA,NA
NA,LWB = Long wheelbase,NA,NA,NA,NA,NA,NA,NA,NA,NA,NA,NA,NA,NA,NA,NA
NA,EWB = Extended wheelbase,NA,NA,NA,NA,NA,NA,NA,NA,NA,NA,NA,NA,NA,NA,NA
Transmission,A = Automatic,NA,NA,NA,NA,NA,NA,NA,NA,NA,NA,NA,NA,NA,NA,NA
NA,AM = Automated manual,NA,NA,NA,NA,NA,NA,NA,NA,NA,NA,NA,NA,NA,NA,NA
NA,AS = Automatic with select shift,NA,NA,NA,NA,NA,NA,NA,NA,NA,NA,NA,NA,NA,NA,NA
NA,AV = Continuously variable,NA,NA,NA,NA,NA,NA,NA,NA,NA,NA,NA,NA,NA,NA,NA
NA,M = Manual,NA,NA,NA,NA,NA,NA,NA,NA,NA,NA,NA,NA,NA,NA,NA
NA,3 � 10 = Number of gears,NA,NA,NA,NA,NA,NA,NA,NA,NA,NA,NA,NA,NA,NA,NA
Fuel Type,X = Regular gasoline,NA,NA,NA,NA,NA,NA,NA,NA,NA,NA,NA,NA,NA,NA,NA
NA,Z = Premium gasoline,NA,NA,NA,NA,NA,NA,NA,NA,NA,NA,NA,NA,NA,NA,NA
NA,D = Diesel,NA,NA,NA,NA,NA,NA,NA,NA,NA,NA,NA,NA,NA,NA,NA
NA,E = Ethanol (E85),NA,NA,NA,NA,NA,NA,NA,NA,NA,NA,NA,NA,NA,NA,NA
NA,N = Natural gas,NA,NA,NA,NA,NA,NA,NA,NA,NA,NA,NA,NA,NA,NA,NA
Fuel Consumption,"City and highway fuel consumption ratings are shown in litres per 100 kilometres (L/100 km) - the combined rating (55% city, 45% hwy) is shown in L/100 km and in miles per imperial gallon (mpg)",NA,NA,NA,NA,NA,NA,NA,NA,NA,NA,NA,NA,NA,NA,NA
CO2 Emissions,the tailpipe emissions of carbon dioxide (in grams per kilometre) for combined city and highway driving.,NA,NA,NA,NA,NA,NA,NA,NA,NA,NA,NA,NA,NA,NA,NA
CO2 Rating,the tailpipe emissions of carbon dioxide rated on a scale from 1 (worst) to 10 (best).,NA,NA,NA,NA,NA,NA,NA,NA,NA,NA,NA,NA,NA,NA,NA
Smog Rating,the tailpipe emissions of smog-forming pollutants rated on a scale from 1 (worst) to 10 (best).,NA,NA,NA,NA,NA,NA,NA,NA,NA,NA,NA,NA,NA,NA,NA
