Fuel Type,Vehicle Class,Count
D,COMPACT,3
D,MID-SIZE,1
D,PICKUP TRUCK - SMALL,4
D,PICKUP TRUCK - STANDARD,1
D,STATION WAGON - SMALL,1
E,COMPACT,2
E,FULL-SIZE,1
E,MID-SIZE,2
E,MINIVAN,1
E,PICKUP TRUCK - STANDARD,10
E,SPECIAL PURPOSE VEHICLE,1
E,SUV - SMALL,3
E,SUV - STANDARD,4
X,COMPACT,37
X,FULL-SIZE,18
X,MID-SIZE,47
X,MINICOMPACT,3
X,MINIVAN,5
X,PICKUP TRUCK - SMALL,13
X,PICKUP TRUCK - STANDARD,24
X,SPECIAL PURPOSE VEHICLE,4
X,STATION WAGON - MID-SIZE,2
X,STATION WAGON - SMALL,20
X,SUBCOMPACT,16
X,SUV - SMALL,51
X,SUV - STANDARD,27
X,TWO-SEATER,2
X,VAN - PASSENGER,2
Z,COMPACT,38
Z,FULL-SIZE,18
Z,MID-SIZE,38
Z,MINICOMPACT,12
Z,PICKUP TRUCK - STANDARD,3
Z,SPECIAL PURPOSE VEHICLE,2
Z,STATION WAGON - MID-SIZE,4
Z,STATION WAGON - SMALL,3
Z,SUBCOMPACT,40
Z,SUV - SMALL,17
Z,SUV - STANDARD,21
Z,TWO-SEATER,28
