Fuel Type,Vehicle Class,Count
D,MID-SIZE,3
D,PICKUP TRUCK - SMALL,2
D,PICKUP TRUCK - STANDARD,1
D,SUV - SMALL,1
D,SUV - STANDARD,1
E,COMPACT,1
E,FULL-SIZE,4
E,MID-SIZE,2
E,PICKUP TRUCK - STANDARD,3
E,SPECIAL PURPOSE VEHICLE,1
E,SUV - STANDARD,5
X,COMPACT,17
X,FULL-SIZE,7
X,MID-SIZE,21
X,MINICOMPACT,6
X,MINIVAN,2
X,PICKUP TRUCK - SMALL,6
X,PICKUP TRUCK - STANDARD,13
X,SPECIAL PURPOSE VEHICLE,4
X,STATION WAGON - SMALL,5
X,SUBCOMPACT,8
X,SUV - SMALL,31
X,SUV - STANDARD,11
X,VAN - PASSENGER,1
Z,COMPACT,22
Z,FULL-SIZE,15
Z,MID-SIZE,18
Z,MINICOMPACT,10
Z,PICKUP TRUCK - STANDARD,2
Z,STATION WAGON - MID-SIZE,1
Z,STATION WAGON - SMALL,6
Z,SUBCOMPACT,20
Z,SUV - SMALL,3
Z,SUV - STANDARD,12
Z,TWO-SEATER,16
