Fuel Type,Vehicle Class,Count
D,COMPACT,1
D,MID-SIZE,4
D,PICKUP TRUCK - SMALL,3
D,PICKUP TRUCK - STANDARD,2
D,SUV - SMALL,1
D,SUV - STANDARD,3
E,COMPACT,1
E,FULL-SIZE,5
E,MID-SIZE,5
E,MINIVAN,1
E,PICKUP TRUCK - STANDARD,9
E,SPECIAL PURPOSE VEHICLE,2
E,SUV - SMALL,3
E,SUV - STANDARD,6
N,MID-SIZE,1
X,COMPACT,37
X,FULL-SIZE,14
X,MID-SIZE,57
X,MINICOMPACT,7
X,MINIVAN,4
X,PICKUP TRUCK - SMALL,15
X,PICKUP TRUCK - STANDARD,24
X,SPECIAL PURPOSE VEHICLE,6
X,STATION WAGON - MID-SIZE,1
X,STATION WAGON - SMALL,11
X,SUBCOMPACT,11
X,SUV - SMALL,69
X,SUV - STANDARD,24
X,TWO-SEATER,1
X,VAN - PASSENGER,2
Z,COMPACT,48
Z,FULL-SIZE,20
Z,MID-SIZE,34
Z,MINICOMPACT,17
Z,PICKUP TRUCK - STANDARD,2
Z,SPECIAL PURPOSE VEHICLE,1
Z,STATION WAGON - MID-SIZE,2
Z,STATION WAGON - SMALL,8
Z,SUBCOMPACT,31
Z,SUV - SMALL,8
Z,SUV - STANDARD,20
Z,TWO-SEATER,33
