Fuel Type,Vehicle Class,Count
D,Pickup truck: Small,2
D,Pickup truck: Standard,4
D,SUV: Standard,2
E,Pickup truck: Standard,5
X,Compact,8
X,Full-size,5
X,Mid-size,15
X,Minivan,1
X,Pickup truck: Small,2
X,Pickup truck: Standard,22
X,SUV: Small,41
X,SUV: Standard,12
X,Special purpose vehicle,2
X,Station wagon: Small,4
X,Subcompact,5
X,Two-seater,1
Z,Compact,12
Z,Full-size,8
Z,Mid-size,13
Z,Minicompact,7
Z,SUV: Small,21
Z,SUV: Standard,26
Z,Special purpose vehicle,1
Z,Subcompact,14
Z,Two-seater,10
