Fuel Type,Vehicle Class,Count
D,COMPACT,2
D,FULL-SIZE,1
D,MID-SIZE,2
D,PICKUP TRUCK - STANDARD,1
D,STATION WAGON - SMALL,2
D,SUBCOMPACT,1
D,SUV - SMALL,1
D,SUV - STANDARD,2
E,COMPACT,2
E,FULL-SIZE,3
E,MID-SIZE,3
E,PICKUP TRUCK - STANDARD,3
E,SUV - SMALL,3
E,SUV - STANDARD,5
E,VAN - PASSENGER,2
X,COMPACT,13
X,FULL-SIZE,15
X,MID-SIZE,21
X,MINICOMPACT,1
X,MINIVAN,2
X,PICKUP TRUCK - SMALL,3
X,PICKUP TRUCK - STANDARD,8
X,SPECIAL PURPOSE VEHICLE,3
X,STATION WAGON - MID-SIZE,1
X,STATION WAGON - SMALL,6
X,SUBCOMPACT,2
X,SUV - SMALL,32
X,SUV - STANDARD,13
X,TWO-SEATER,2
X,VAN - PASSENGER,4
Z,COMPACT,33
Z,FULL-SIZE,11
Z,MID-SIZE,14
Z,MINICOMPACT,14
Z,STATION WAGON - SMALL,1
Z,SUBCOMPACT,16
Z,SUV - SMALL,8
Z,SUV - STANDARD,7
Z,TWO-SEATER,20
