Fuel Type,Vehicle Class,Count
D,Pickup truck: Small,4
D,Pickup truck: Standard,6
D,SUV: Standard,5
E,Pickup truck: Standard,8
E,Special purpose vehicle,1
E,Van: Passenger,1
X,Compact,17
X,Full-size,14
X,Mid-size,26
X,Minivan,2
X,Pickup truck: Small,8
X,Pickup truck: Standard,46
X,SUV: Small,76
X,SUV: Standard,23
X,Special purpose vehicle,4
X,Station wagon: Small,7
X,Subcompact,10
X,Two-seater,1
X,Van: Passenger,1
Z,Compact,26
Z,Full-size,18
Z,Mid-size,28
Z,Minicompact,13
Z,Pickup truck: Standard,4
Z,SUV: Small,32
Z,SUV: Standard,50
Z,Special purpose vehicle,1
Z,Subcompact,30
Z,Two-seater,24
