Fuel Type,Vehicle Class,Count
D,Pickup truck: Standard,5
E,Pickup truck: Standard,2
E,SUV: Standard,2
X,Compact,12
X,Full-size,11
X,Mid-size,12
X,Minivan,3
X,Pickup truck: Small,5
X,Pickup truck: Standard,19
X,SUV: Small,29
X,SUV: Standard,7
X,Special purpose vehicle,2
X,Station wagon: Small,4
X,Subcompact,8
X,Two-seater,1
X,Van: Passenger,1
Z,Compact,18
Z,Full-size,8
Z,Mid-size,22
Z,Minicompact,9
Z,Pickup truck: Standard,3
Z,SUV: Small,15
Z,SUV: Standard,14
Z,Station wagon: Mid-size,2
Z,Subcompact,18
Z,Two-seater,10
