Fuel Type,Vehicle Class,Count
D,COMPACT,4
D,FULL-SIZE,1
D,MID-SIZE,7
D,PICKUP TRUCK - STANDARD,1
D,STATION WAGON - SMALL,2
D,SUBCOMPACT,1
D,SUV - SMALL,2
D,SUV - STANDARD,4
E,COMPACT,3
E,FULL-SIZE,5
E,MID-SIZE,4
E,MINIVAN,2
E,PICKUP TRUCK - STANDARD,5
E,SUV - SMALL,4
E,SUV - STANDARD,8
E,VAN - PASSENGER,2
X,COMPACT,32
X,FULL-SIZE,19
X,MID-SIZE,56
X,MINICOMPACT,2
X,MINIVAN,5
X,PICKUP TRUCK - SMALL,11
X,PICKUP TRUCK - STANDARD,19
X,SPECIAL PURPOSE VEHICLE,6
X,STATION WAGON - MID-SIZE,1
X,STATION WAGON - SMALL,13
X,SUBCOMPACT,4
X,SUV - SMALL,72
X,SUV - STANDARD,18
X,TWO-SEATER,2
X,VAN - PASSENGER,8
Z,COMPACT,56
Z,FULL-SIZE,17
Z,MID-SIZE,30
Z,MINICOMPACT,22
Z,PICKUP TRUCK - STANDARD,1
Z,STATION WAGON - MID-SIZE,2
Z,STATION WAGON - SMALL,4
Z,SUBCOMPACT,38
Z,SUV - SMALL,14
Z,SUV - STANDARD,16
Z,TWO-SEATER,39
