Fuel Type,Vehicle Class,Count
D,Compact,1
D,Pickup truck: Small,2
D,Pickup truck: Standard,5
D,SUV: Small,5
E,Full-size,4
E,Mid-size,1
E,Pickup truck: Standard,7
E,SUV: Small,2
E,SUV: Standard,4
E,Special purpose vehicle,2
X,Compact,25
X,Full-size,18
X,Mid-size,39
X,Minicompact,1
X,Minivan,1
X,Pickup truck: Small,16
X,Pickup truck: Standard,31
X,SUV: Small,67
X,SUV: Standard,23
X,Special purpose vehicle,3
X,Station wagon: Mid-size,1
X,Station wagon: Small,22
X,Subcompact,15
X,Two-seater,3
X,Van: Passenger,2
Z,Compact,31
Z,Full-size,26
Z,Mid-size,37
Z,Minicompact,21
Z,Pickup truck: Standard,4
Z,SUV: Small,19
Z,SUV: Standard,24
Z,Special purpose vehicle,1
Z,Station wagon: Mid-size,3
Z,Station wagon: Small,4
Z,Subcompact,37
Z,Two-seater,30
