Fuel Type,Vehicle Class,Count
D,Compact,1
D,Pickup truck: Standard,1
D,SUV: Standard,1
E,Full-size,1
E,Pickup truck: Standard,9
E,SUV: Small,1
E,SUV: Standard,4
X,Compact,11
X,Full-size,17
X,Mid-size,17
X,Minivan,1
X,Pickup truck: Small,6
X,Pickup truck: Standard,15
X,SUV: Small,33
X,SUV: Standard,13
X,Special purpose vehicle,3
X,Station wagon: Small,4
X,Subcompact,4
X,Two-seater,1
X,Van: Passenger,1
Z,Compact,11
Z,Full-size,20
Z,Mid-size,14
Z,Minicompact,13
Z,SUV: Small,12
Z,SUV: Standard,11
Z,Special purpose vehicle,1
Z,Station wagon: Mid-size,1
Z,Station wagon: Small,4
Z,Subcompact,19
Z,Two-seater,14
