Fuel Type,Vehicle Class,Count
D,Pickup truck: Small,1
D,Pickup truck: Standard,4
D,SUV: Small,3
E,Full-size,1
E,Pickup truck: Standard,6
E,SUV: Small,1
E,SUV: Standard,2
X,Compact,13
X,Full-size,10
X,Mid-size,21
X,Pickup truck: Small,5
X,Pickup truck: Standard,18
X,SUV: Small,29
X,SUV: Standard,12
X,Special purpose vehicle,1
X,Station wagon: Small,13
X,Subcompact,5
X,Two-seater,1
X,Van: Passenger,1
Z,Compact,10
Z,Full-size,14
Z,Mid-size,24
Z,Minicompact,9
Z,Pickup truck: Standard,2
Z,SUV: Small,13
Z,SUV: Standard,16
Z,Special purpose vehicle,1
Z,Station wagon: Mid-size,2
Z,Station wagon: Small,3
Z,Subcompact,14
Z,Two-seater,14
