Fuel Type,Vehicle Class,Count
D,Pickup truck: Standard,5
D,SUV: Small,1
D,SUV: Standard,5
E,Pickup truck: Standard,9
X,Compact,11
X,Full-size,10
X,Mid-size,22
X,Minivan,4
X,Pickup truck: Small,11
X,Pickup truck: Standard,31
X,SUV: Small,66
X,SUV: Standard,25
X,Station wagon: Small,6
X,Subcompact,6
X,Two-seater,1
Z,Compact,21
Z,Full-size,12
Z,Mid-size,35
Z,Minicompact,9
Z,Pickup truck: Standard,5
Z,SUV: Small,30
Z,SUV: Standard,42
Z,Special purpose vehicle,1
Z,Station wagon: Mid-size,5
Z,Station wagon: Small,3
Z,Subcompact,27
Z,Two-seater,14
