Fuel Type,Vehicle Class,Count
D,Pickup truck: Small,2
D,Pickup truck: Standard,4
D,SUV: Small,1
D,SUV: Standard,5
E,Pickup truck: Standard,5
X,Compact,10
X,Full-size,7
X,Mid-size,12
X,Minivan,1
X,Pickup truck: Small,5
X,Pickup truck: Standard,17
X,SUV: Small,35
X,SUV: Standard,15
X,Special purpose vehicle,1
X,Station wagon: Small,3
X,Subcompact,4
X,Two-seater,1
Z,Compact,9
Z,Full-size,10
Z,Mid-size,15
Z,Minicompact,5
Z,Pickup truck: Standard,3
Z,SUV: Small,18
Z,SUV: Standard,30
Z,Station wagon: Mid-size,2
Z,Subcompact,15
Z,Two-seater,9
