Fuel Type,Vehicle Class,Count
D,Compact,2
D,Mid-size,2
D,Pickup truck: Small,2
D,Pickup truck: Standard,3
D,SUV: Small,6
D,SUV: Standard,3
E,Full-size,2
E,Pickup truck: Standard,12
E,SUV: Small,2
E,SUV: Standard,6
X,Compact,19
X,Full-size,25
X,Mid-size,34
X,Minivan,3
X,Pickup truck: Small,11
X,Pickup truck: Standard,40
X,SUV: Small,61
X,SUV: Standard,28
X,Special purpose vehicle,5
X,Station wagon: Mid-size,1
X,Station wagon: Small,10
X,Subcompact,9
X,Two-seater,2
X,Van: Passenger,1
Z,Compact,25
Z,Full-size,25
Z,Mid-size,31
Z,Minicompact,28
Z,SUV: Small,24
Z,SUV: Standard,24
Z,Special purpose vehicle,2
Z,Station wagon: Mid-size,2
Z,Station wagon: Small,6
Z,Subcompact,39
Z,Two-seater,31
