Fuel Type,Vehicle Class,Count
D,COMPACT,2
D,PICKUP TRUCK - STANDARD,1
D,STATION WAGON - SMALL,1
E,COMPACT,1
E,MID-SIZE,1
E,PICKUP TRUCK - STANDARD,8
E,SPECIAL PURPOSE VEHICLE,1
E,SUV - STANDARD,3
X,COMPACT,23
X,FULL-SIZE,7
X,MID-SIZE,17
X,MINICOMPACT,3
X,MINIVAN,2
X,PICKUP TRUCK - SMALL,7
X,PICKUP TRUCK - STANDARD,13
X,SPECIAL PURPOSE VEHICLE,2
X,STATION WAGON - SMALL,8
X,SUBCOMPACT,12
X,SUV - SMALL,21
X,SUV - STANDARD,13
X,TWO-SEATER,2
Z,COMPACT,16
Z,FULL-SIZE,8
Z,MID-SIZE,19
Z,MINICOMPACT,9
Z,PICKUP TRUCK - STANDARD,1
Z,STATION WAGON - MID-SIZE,2
Z,STATION WAGON - SMALL,1
Z,SUBCOMPACT,21
Z,SUV - SMALL,9
Z,SUV - STANDARD,15
Z,TWO-SEATER,13
