Fuel Type,Vehicle Class,Count
D,Pickup truck: Small,4
D,Pickup truck: Standard,5
D,SUV: Small,2
D,SUV: Standard,7
E,Pickup truck: Standard,10
X,Compact,15
X,Full-size,12
X,Mid-size,30
X,Minivan,3
X,Pickup truck: Small,9
X,Pickup truck: Standard,34
X,SUV: Small,69
X,SUV: Standard,26
X,Special purpose vehicle,2
X,Station wagon: Small,6
X,Subcompact,11
X,Two-seater,1
Z,Compact,20
Z,Full-size,19
Z,Mid-size,30
Z,Minicompact,16
Z,Pickup truck: Standard,9
Z,SUV: Small,39
Z,SUV: Standard,54
Z,Special purpose vehicle,2
Z,Station wagon: Mid-size,4
Z,Station wagon: Small,1
Z,Subcompact,29
Z,Two-seater,18
