Fuel Type,Vehicle Class,Count
D,Pickup truck: Small,2
D,Pickup truck: Standard,9
D,SUV: Standard,2
E,Pickup truck: Standard,4
E,SUV: Standard,4
E,Van: Passenger,1
X,Compact,22
X,Full-size,23
X,Mid-size,25
X,Minivan,6
X,Pickup truck: Small,6
X,Pickup truck: Standard,35
X,SUV: Small,64
X,SUV: Standard,17
X,Special purpose vehicle,4
X,Station wagon: Mid-size,1
X,Station wagon: Small,9
X,Subcompact,11
X,Two-seater,3
X,Van: Passenger,1
Z,Compact,29
Z,Full-size,21
Z,Mid-size,35
Z,Minicompact,12
Z,Pickup truck: Standard,6
Z,SUV: Small,34
Z,SUV: Standard,31
Z,Special purpose vehicle,1
Z,Station wagon: Mid-size,3
Z,Station wagon: Small,4
Z,Subcompact,38
Z,Two-seater,24
