Fuel Type,Vehicle Class,Count
D,COMPACT,4
D,FULL-SIZE,1
D,MID-SIZE,7
D,PICKUP TRUCK - STANDARD,1
D,STATION WAGON - SMALL,2
D,SUBCOMPACT,1
D,SUV - SMALL,2
D,SUV - STANDARD,4
E,COMPACT,3
E,FULL-SIZE,5
E,MID-SIZE,4
E,MINIVAN,2
E,PICKUP TRUCK - STANDARD,5
E,SUV - SMALL,4
E,SUV - STANDARD,8
E,VAN - PASSENGER,2
X,COMPACT,32
X,FULL-SIZE,19
X,MID-SIZE,56
X,MINICOMPACT,2
X,MINIVAN,5
X,PICKUP TRUCK - SMALL,11
X,PICKUP TRUCK - STANDARD,19
X,SPECIAL PURPOSE VEHICLE,6
X,STATION WAGON - MID-SIZE,1
X,STATION WAGON - SMALL,13
X,SUBCOMPACT,4
X,SUV - SMALL,72
X,SUV - STANDARD,18
X,TWO-SEATER,2
X,VAN - PASSENGER,8
Z,COMPACT,56
Z,FULL-SIZE,17
Z,MID-SIZE,30
Z,MINICOMPACT,22
Z,PICKUP TRUCK - STANDARD,1
Z,STATION WAGON - MID-SIZE,2
Z,STATION WAGON - SMALL,4
Z,SUBCOMPACT,38
Z,SUV - SMALL,14
Z,SUV - STANDARD,16
Z,TWO-SEATER,39
D,COMPACT,2
D,FULL-SIZE,1
D,MID-SIZE,2
D,PICKUP TRUCK - STANDARD,1
D,STATION WAGON - SMALL,2
D,SUBCOMPACT,1
D,SUV - SMALL,1
D,SUV - STANDARD,2
E,COMPACT,2
E,FULL-SIZE,3
E,MID-SIZE,3
E,PICKUP TRUCK - STANDARD,3
E,SUV - SMALL,3
E,SUV - STANDARD,5
E,VAN - PASSENGER,2
X,COMPACT,13
X,FULL-SIZE,15
X,MID-SIZE,21
X,MINICOMPACT,1
X,MINIVAN,2
X,PICKUP TRUCK - SMALL,3
X,PICKUP TRUCK - STANDARD,8
X,SPECIAL PURPOSE VEHICLE,3
X,STATION WAGON - MID-SIZE,1
X,STATION WAGON - SMALL,6
X,SUBCOMPACT,2
X,SUV - SMALL,32
X,SUV - STANDARD,13
X,TWO-SEATER,2
X,VAN - PASSENGER,4
Z,COMPACT,33
Z,FULL-SIZE,11
Z,MID-SIZE,14
Z,MINICOMPACT,14
Z,STATION WAGON - SMALL,1
Z,SUBCOMPACT,16
Z,SUV - SMALL,8
Z,SUV - STANDARD,7
Z,TWO-SEATER,20
D,COMPACT,1
D,MID-SIZE,4
D,PICKUP TRUCK - SMALL,3
D,PICKUP TRUCK - STANDARD,2
D,SUV - SMALL,1
D,SUV - STANDARD,3
E,COMPACT,1
E,FULL-SIZE,5
E,MID-SIZE,5
E,MINIVAN,1
E,PICKUP TRUCK - STANDARD,9
E,SPECIAL PURPOSE VEHICLE,2
E,SUV - SMALL,3
E,SUV - STANDARD,6
N,MID-SIZE,1
X,COMPACT,37
X,FULL-SIZE,14
X,MID-SIZE,57
X,MINICOMPACT,7
X,MINIVAN,4
X,PICKUP TRUCK - SMALL,15
X,PICKUP TRUCK - STANDARD,24
X,SPECIAL PURPOSE VEHICLE,6
X,STATION WAGON - MID-SIZE,1
X,STATION WAGON - SMALL,11
X,SUBCOMPACT,11
X,SUV - SMALL,69
X,SUV - STANDARD,24
X,TWO-SEATER,1
X,VAN - PASSENGER,2
Z,COMPACT,48
Z,FULL-SIZE,20
Z,MID-SIZE,34
Z,MINICOMPACT,17
Z,PICKUP TRUCK - STANDARD,2
Z,SPECIAL PURPOSE VEHICLE,1
Z,STATION WAGON - MID-SIZE,2
Z,STATION WAGON - SMALL,8
Z,SUBCOMPACT,31
Z,SUV - SMALL,8
Z,SUV - STANDARD,20
Z,TWO-SEATER,33
D,MID-SIZE,3
D,PICKUP TRUCK - SMALL,2
D,PICKUP TRUCK - STANDARD,1
D,SUV - SMALL,1
D,SUV - STANDARD,1
E,COMPACT,1
E,FULL-SIZE,4
E,MID-SIZE,2
E,PICKUP TRUCK - STANDARD,3
E,SPECIAL PURPOSE VEHICLE,1
E,SUV - STANDARD,5
X,COMPACT,17
X,FULL-SIZE,7
X,MID-SIZE,21
X,MINICOMPACT,6
X,MINIVAN,2
X,PICKUP TRUCK - SMALL,6
X,PICKUP TRUCK - STANDARD,13
X,SPECIAL PURPOSE VEHICLE,4
X,STATION WAGON - SMALL,5
X,SUBCOMPACT,8
X,SUV - SMALL,31
X,SUV - STANDARD,11
X,VAN - PASSENGER,1
Z,COMPACT,22
Z,FULL-SIZE,15
Z,MID-SIZE,18
Z,MINICOMPACT,10
Z,PICKUP TRUCK - STANDARD,2
Z,STATION WAGON - MID-SIZE,1
Z,STATION WAGON - SMALL,6
Z,SUBCOMPACT,20
Z,SUV - SMALL,3
Z,SUV - STANDARD,12
Z,TWO-SEATER,16
D,COMPACT,3
D,MID-SIZE,1
D,PICKUP TRUCK - SMALL,4
D,PICKUP TRUCK - STANDARD,1
D,STATION WAGON - SMALL,1
E,COMPACT,2
E,FULL-SIZE,1
E,MID-SIZE,2
E,MINIVAN,1
E,PICKUP TRUCK - STANDARD,10
E,SPECIAL PURPOSE VEHICLE,1
E,SUV - SMALL,3
E,SUV - STANDARD,4
X,COMPACT,37
X,FULL-SIZE,18
X,MID-SIZE,47
X,MINICOMPACT,3
X,MINIVAN,5
X,PICKUP TRUCK - SMALL,13
X,PICKUP TRUCK - STANDARD,24
X,SPECIAL PURPOSE VEHICLE,4
X,STATION WAGON - MID-SIZE,2
X,STATION WAGON - SMALL,20
X,SUBCOMPACT,16
X,SUV - SMALL,51
X,SUV - STANDARD,27
X,TWO-SEATER,2
X,VAN - PASSENGER,2
Z,COMPACT,38
Z,FULL-SIZE,18
Z,MID-SIZE,38
Z,MINICOMPACT,12
Z,PICKUP TRUCK - STANDARD,3
Z,SPECIAL PURPOSE VEHICLE,2
Z,STATION WAGON - MID-SIZE,4
Z,STATION WAGON - SMALL,3
Z,SUBCOMPACT,40
Z,SUV - SMALL,17
Z,SUV - STANDARD,21
Z,TWO-SEATER,28
D,COMPACT,2
D,PICKUP TRUCK - STANDARD,1
D,STATION WAGON - SMALL,1
E,COMPACT,1
E,MID-SIZE,1
E,PICKUP TRUCK - STANDARD,8
E,SPECIAL PURPOSE VEHICLE,1
E,SUV - STANDARD,3
X,COMPACT,23
X,FULL-SIZE,7
X,MID-SIZE,17
X,MINICOMPACT,3
X,MINIVAN,2
X,PICKUP TRUCK - SMALL,7
X,PICKUP TRUCK - STANDARD,13
X,SPECIAL PURPOSE VEHICLE,2
X,STATION WAGON - SMALL,8
X,SUBCOMPACT,12
X,SUV - SMALL,21
X,SUV - STANDARD,13
X,TWO-SEATER,2
Z,COMPACT,16
Z,FULL-SIZE,8
Z,MID-SIZE,19
Z,MINICOMPACT,9
Z,PICKUP TRUCK - STANDARD,1
Z,STATION WAGON - MID-SIZE,2
Z,STATION WAGON - SMALL,1
Z,SUBCOMPACT,21
Z,SUV - SMALL,9
Z,SUV - STANDARD,15
Z,TWO-SEATER,13
D,Compact,1
D,Pickup truck: Small,2
D,Pickup truck: Standard,5
D,SUV: Small,5
E,Full-size,4
E,Mid-size,1
E,Pickup truck: Standard,7
E,SUV: Small,2
E,SUV: Standard,4
E,Special purpose vehicle,2
X,Compact,25
X,Full-size,18
X,Mid-size,39
X,Minicompact,1
X,Minivan,1
X,Pickup truck: Small,16
X,Pickup truck: Standard,31
X,SUV: Small,67
X,SUV: Standard,23
X,Special purpose vehicle,3
X,Station wagon: Mid-size,1
X,Station wagon: Small,22
X,Subcompact,15
X,Two-seater,3
X,Van: Passenger,2
Z,Compact,31
Z,Full-size,26
Z,Mid-size,37
Z,Minicompact,21
Z,Pickup truck: Standard,4
Z,SUV: Small,19
Z,SUV: Standard,24
Z,Special purpose vehicle,1
Z,Station wagon: Mid-size,3
Z,Station wagon: Small,4
Z,Subcompact,37
Z,Two-seater,30
D,Pickup truck: Small,1
D,Pickup truck: Standard,4
D,SUV: Small,3
E,Full-size,1
E,Pickup truck: Standard,6
E,SUV: Small,1
E,SUV: Standard,2
X,Compact,13
X,Full-size,10
X,Mid-size,21
X,Pickup truck: Small,5
X,Pickup truck: Standard,18
X,SUV: Small,29
X,SUV: Standard,12
X,Special purpose vehicle,1
X,Station wagon: Small,13
X,Subcompact,5
X,Two-seater,1
X,Van: Passenger,1
Z,Compact,10
Z,Full-size,14
Z,Mid-size,24
Z,Minicompact,9
Z,Pickup truck: Standard,2
Z,SUV: Small,13
Z,SUV: Standard,16
Z,Special purpose vehicle,1
Z,Station wagon: Mid-size,2
Z,Station wagon: Small,3
Z,Subcompact,14
Z,Two-seater,14
D,Compact,2
D,Mid-size,2
D,Pickup truck: Small,2
D,Pickup truck: Standard,3
D,SUV: Small,6
D,SUV: Standard,3
E,Full-size,2
E,Pickup truck: Standard,12
E,SUV: Small,2
E,SUV: Standard,6
X,Compact,19
X,Full-size,25
X,Mid-size,34
X,Minivan,3
X,Pickup truck: Small,11
X,Pickup truck: Standard,40
X,SUV: Small,61
X,SUV: Standard,28
X,Special purpose vehicle,5
X,Station wagon: Mid-size,1
X,Station wagon: Small,10
X,Subcompact,9
X,Two-seater,2
X,Van: Passenger,1
Z,Compact,25
Z,Full-size,25
Z,Mid-size,31
Z,Minicompact,28
Z,SUV: Small,24
Z,SUV: Standard,24
Z,Special purpose vehicle,2
Z,Station wagon: Mid-size,2
Z,Station wagon: Small,6
Z,Subcompact,39
Z,Two-seater,31
D,Compact,1
D,Pickup truck: Standard,1
D,SUV: Standard,1
E,Full-size,1
E,Pickup truck: Standard,9
E,SUV: Small,1
E,SUV: Standard,4
X,Compact,11
X,Full-size,17
X,Mid-size,17
X,Minivan,1
X,Pickup truck: Small,6
X,Pickup truck: Standard,15
X,SUV: Small,33
X,SUV: Standard,13
X,Special purpose vehicle,3
X,Station wagon: Small,4
X,Subcompact,4
X,Two-seater,1
X,Van: Passenger,1
Z,Compact,11
Z,Full-size,20
Z,Mid-size,14
Z,Minicompact,13
Z,SUV: Small,12
Z,SUV: Standard,11
Z,Special purpose vehicle,1
Z,Station wagon: Mid-size,1
Z,Station wagon: Small,4
Z,Subcompact,19
Z,Two-seater,14
D,Pickup truck: Small,2
D,Pickup truck: Standard,9
D,SUV: Standard,2
E,Pickup truck: Standard,4
E,SUV: Standard,4
E,Van: Passenger,1
X,Compact,22
X,Full-size,23
X,Mid-size,25
X,Minivan,6
X,Pickup truck: Small,6
X,Pickup truck: Standard,35
X,SUV: Small,64
X,SUV: Standard,17
X,Special purpose vehicle,4
X,Station wagon: Mid-size,1
X,Station wagon: Small,9
X,Subcompact,11
X,Two-seater,3
X,Van: Passenger,1
Z,Compact,29
Z,Full-size,21
Z,Mid-size,35
Z,Minicompact,12
Z,Pickup truck: Standard,6
Z,SUV: Small,34
Z,SUV: Standard,31
Z,Special purpose vehicle,1
Z,Station wagon: Mid-size,3
Z,Station wagon: Small,4
Z,Subcompact,38
Z,Two-seater,24
D,Pickup truck: Standard,5
E,Pickup truck: Standard,2
E,SUV: Standard,2
X,Compact,12
X,Full-size,11
X,Mid-size,12
X,Minivan,3
X,Pickup truck: Small,5
X,Pickup truck: Standard,19
X,SUV: Small,29
X,SUV: Standard,7
X,Special purpose vehicle,2
X,Station wagon: Small,4
X,Subcompact,8
X,Two-seater,1
X,Van: Passenger,1
Z,Compact,18
Z,Full-size,8
Z,Mid-size,22
Z,Minicompact,9
Z,Pickup truck: Standard,3
Z,SUV: Small,15
Z,SUV: Standard,14
Z,Station wagon: Mid-size,2
Z,Subcompact,18
Z,Two-seater,10
D,Pickup truck: Small,4
D,Pickup truck: Standard,6
D,SUV: Standard,5
E,Pickup truck: Standard,8
E,Special purpose vehicle,1
E,Van: Passenger,1
X,Compact,17
X,Full-size,14
X,Mid-size,26
X,Minivan,2
X,Pickup truck: Small,8
X,Pickup truck: Standard,46
X,SUV: Small,76
X,SUV: Standard,23
X,Special purpose vehicle,4
X,Station wagon: Small,7
X,Subcompact,10
X,Two-seater,1
X,Van: Passenger,1
Z,Compact,26
Z,Full-size,18
Z,Mid-size,28
Z,Minicompact,13
Z,Pickup truck: Standard,4
Z,SUV: Small,32
Z,SUV: Standard,50
Z,Special purpose vehicle,1
Z,Subcompact,30
Z,Two-seater,24
D,Pickup truck: Small,2
D,Pickup truck: Standard,4
D,SUV: Standard,2
E,Pickup truck: Standard,5
X,Compact,8
X,Full-size,5
X,Mid-size,15
X,Minivan,1
X,Pickup truck: Small,2
X,Pickup truck: Standard,22
X,SUV: Small,41
X,SUV: Standard,12
X,Special purpose vehicle,2
X,Station wagon: Small,4
X,Subcompact,5
X,Two-seater,1
Z,Compact,12
Z,Full-size,8
Z,Mid-size,13
Z,Minicompact,7
Z,SUV: Small,21
Z,SUV: Standard,26
Z,Special purpose vehicle,1
Z,Subcompact,14
Z,Two-seater,10
D,Pickup truck: Small,4
D,Pickup truck: Standard,5
D,SUV: Small,2
D,SUV: Standard,7
E,Pickup truck: Standard,10
X,Compact,15
X,Full-size,12
X,Mid-size,30
X,Minivan,3
X,Pickup truck: Small,9
X,Pickup truck: Standard,34
X,SUV: Small,69
X,SUV: Standard,26
X,Special purpose vehicle,2
X,Station wagon: Small,6
X,Subcompact,11
X,Two-seater,1
Z,Compact,20
Z,Full-size,19
Z,Mid-size,30
Z,Minicompact,16
Z,Pickup truck: Standard,9
Z,SUV: Small,39
Z,SUV: Standard,54
Z,Special purpose vehicle,2
Z,Station wagon: Mid-size,4
Z,Station wagon: Small,1
Z,Subcompact,29
Z,Two-seater,18
D,Pickup truck: Small,2
D,Pickup truck: Standard,4
D,SUV: Small,1
D,SUV: Standard,5
E,Pickup truck: Standard,5
X,Compact,10
X,Full-size,7
X,Mid-size,12
X,Minivan,1
X,Pickup truck: Small,5
X,Pickup truck: Standard,17
X,SUV: Small,35
X,SUV: Standard,15
X,Special purpose vehicle,1
X,Station wagon: Small,3
X,Subcompact,4
X,Two-seater,1
Z,Compact,9
Z,Full-size,10
Z,Mid-size,15
Z,Minicompact,5
Z,Pickup truck: Standard,3
Z,SUV: Small,18
Z,SUV: Standard,30
Z,Station wagon: Mid-size,2
Z,Subcompact,15
Z,Two-seater,9
D,Pickup truck: Standard,5
D,SUV: Small,1
D,SUV: Standard,5
E,Pickup truck: Standard,9
X,Compact,11
X,Full-size,10
X,Mid-size,22
X,Minivan,4
X,Pickup truck: Small,11
X,Pickup truck: Standard,31
X,SUV: Small,66
X,SUV: Standard,25
X,Station wagon: Small,6
X,Subcompact,6
X,Two-seater,1
Z,Compact,21
Z,Full-size,12
Z,Mid-size,35
Z,Minicompact,9
Z,Pickup truck: Standard,5
Z,SUV: Small,30
Z,SUV: Standard,42
Z,Special purpose vehicle,1
Z,Station wagon: Mid-size,5
Z,Station wagon: Small,3
Z,Subcompact,27
Z,Two-seater,14
D,Pickup truck: Standard,2
D,SUV: Standard,3
E,Pickup truck: Standard,6
X,Compact,3
X,Full-size,5
X,Mid-size,8
X,Minivan,2
X,Pickup truck: Small,2
X,Pickup truck: Standard,16
X,SUV: Small,33
X,SUV: Standard,11
X,Station wagon: Small,2
X,Subcompact,3
Z,Compact,13
Z,Full-size,5
Z,Mid-size,14
Z,Minicompact,8
Z,Pickup truck: Standard,4
Z,SUV: Small,14
Z,SUV: Standard,24
Z,Station wagon: Mid-size,1
Z,Station wagon: Small,1
Z,Subcompact,15
Z,Two-seater,11
